id,Lat,Lon,Coordinates,area,population
relation/1566444,56.909382029999996,60.60178607,"[(56.9095127, 60.6013431), (56.9094715, 60.6012413), (56.9090569, 60.601831), (56.9090906, 60.601925), (56.9091544, 60.6019039), (56.9092808, 60.6022269), (56.9093556, 60.602403), (56.9097572, 60.6019753), (56.9096279, 60.6016681), (56.9095127, 60.6013431)]",2711.5349054094404,130
relation/1570793,56.91213246315789,60.593418878947375,"[(56.9119194, 60.5919833), (56.9120294, 60.5921363), (56.9120587, 60.592177), (56.9120033, 60.5923192), (56.9118745, 60.59265), (56.9114984, 60.5936156), (56.9114186, 60.5938206), (56.9113755, 60.5939393), (56.9112359, 60.5943236), (56.9115302, 60.5947445), (56.9121826, 60.5956778), (56.9128553, 60.5964111), (56.9128719, 60.5963616), (56.9136967, 60.5940042), (56.91345, 60.593545), (56.9127814, 60.5922576), (56.9120234, 60.5912024), (56.9117922, 60.5918063), (56.9119194, 60.5919833)]",44215.77036828548,4582
relation/1842698,56.745496640909096,60.70988577727273,"[(56.7456203, 60.7092277), (56.7453474, 60.7095427), (56.7452311, 60.7096562), (56.7450477, 60.709836), (56.7450162, 60.7098669), (56.7449994, 60.7101462), (56.744984, 60.7104491), (56.744986, 60.7105224), (56.7450085, 60.7105733), (56.7450473, 60.7105895), (56.7452824, 60.7105423), (56.7456051, 60.7105037), (56.7456494, 60.710444), (56.7459481, 60.7103749), (56.7459416, 60.7103148), (56.7459156, 60.7099511), (56.7459544, 60.7094166), (56.7459542, 60.7092277), (56.7459344, 60.7091715), (56.7459378, 60.7090019), (56.7458949, 60.7089009), (56.7456203, 60.7092277)]",7077.251128803939,715
relation/2019135,56.88378993913044,60.55875065217391,"[(56.8803891, 60.5576003), (56.8830425, 60.5602785), (56.8831314, 60.5603661), (56.8837681, 60.5609937), (56.8837888, 60.5609363), (56.8840119, 60.5602256), (56.8841862, 60.5604088), (56.8843706, 60.5606027), (56.8845797, 60.5608003), (56.8844658, 60.5611674), (56.8842629, 60.5609531), (56.8841238, 60.5613998), (56.885575, 60.5628371), (56.8874501, 60.5567064), (56.8850184, 60.5542362), (56.8848092, 60.55404), (56.8822607, 60.551471), (56.8803891, 60.5576003), (56.8832079, 60.5581415), (56.8836301, 60.5567679), (56.8839608, 60.5571084), (56.8835386, 60.5584821), (56.8832079, 60.5581415)]",275464.77585326135,1018
relation/2211568,56.723925910000006,60.64412651,"[(56.7227991, 60.6419761), (56.722637, 60.6425381), (56.7225748, 60.6462691), (56.7259369, 60.6482038), (56.7263441, 60.6459945), (56.7256623, 60.6455371), (56.724453, 60.6447399), (56.7231383, 60.641842), (56.7229145, 60.6421884), (56.7227991, 60.6419761)]",77836.65162990987,60
relation/2211569,56.72504994545454,60.641746963636365,"[(56.7254935, 60.6394542), (56.7253931, 60.6397022), (56.7247274, 60.6408228), (56.7238123, 60.6408783), (56.7234683, 60.641393), (56.7245576, 60.6439631), (56.7248597, 60.6443579), (56.7258309, 60.6449541), (56.7260032, 60.6443549), (56.7259099, 60.6398819), (56.7254935, 60.6394542)]",55471.99932074919,150
relation/3157962,56.78236449,60.877664305,"[(56.7826123, 60.8817983), (56.7830158, 60.881312), (56.7833715, 60.8809845), (56.7837271, 60.880657), (56.7844237, 60.8814026), (56.7849535, 60.8815826), (56.7854435, 60.8816537), (56.7855208, 60.8814637), (56.7853721, 60.8811895), (56.7853246, 60.8810891), (56.7855714, 60.880671), (56.785503, 60.880443), (56.7853751, 60.8803615), (56.7852056, 60.8803398), (56.785045, 60.8803724), (56.7848903, 60.8804158), (56.7848339, 60.8799499), (56.7850301, 60.8796557), (56.785155, 60.8794819), (56.7852591, 60.8794656), (56.7854197, 60.8796068), (56.785503, 60.8793625), (56.7859193, 60.8797332), (56.7859841, 60.8795448), (56.7866345, 60.8801644), (56.7868887, 60.8789694), (56.7882723, 60.879978), (56.7882915, 60.8798087), (56.7885831, 60.8798483), (56.7887392, 60.8796384), (56.7890869, 60.8790086), (56.7892293, 60.8781188), (56.7889445, 60.8778689), (56.7889171, 60.8776289), (56.7890034, 60.8771402), (56.7892533, 60.8772204), (56.7893206, 60.8771496), (56.7893287, 60.8767745), (56.7891564, 60.8765709), (56.7892221, 60.876231), (56.7895945, 60.8755312), (56.789704, 60.8752013), (56.7895616, 60.8747514), (56.7900161, 60.8727619), (56.7897666, 60.8724994), (56.7906269, 60.8662525), (56.789836, 60.8658813), (56.7898484, 60.8654114), (56.7892252, 60.8652359), (56.7889312, 60.8658126), (56.7879296, 60.8683038), (56.7876517, 60.8688998), (56.7875265, 60.8697903), (56.7872093, 60.8696), (56.7865525, 60.8709598), (56.7866303, 60.8712882), (56.7865339, 60.8719481), (56.7869944, 60.8723565), (56.7868859, 60.8726519), (56.7871267, 60.8728197), (56.7871243, 60.8731002), (56.7871511, 60.8733484), (56.7872193, 60.8738052), (56.7870601, 60.874096), (56.7868508, 60.8741458), (56.7868735, 60.8745279), (56.7866688, 60.8748356), (56.7863525, 60.8751862), (56.7858662, 60.87547), (56.7857858, 60.8759148), (56.7849948, 60.8753879), (56.7848786, 60.8753384), (56.7851109, 60.8745936), (56.7852697, 60.8741316), (56.7853156, 60.8736195), (56.7854883, 60.8727606), (56.7851627, 60.8726506), (56.7849161, 60.8723511), (56.78502, 60.8721222), (56.7852204, 60.8719285), (56.7852119, 60.8713905), (56.7845322, 60.8708883), (56.7845113, 60.8699909), (56.7849488, 60.8696988), (56.784975, 60.8679047), (56.7845732, 60.8677754), (56.7845379, 60.8676665), (56.7845948, 60.8675749), (56.78482, 60.8668026), (56.7850311, 60.8656356), (56.7843724, 60.8652377), (56.7841421, 60.863651), (56.7837143, 60.8635513), (56.7836009, 60.8634631), (56.7834917, 60.8629772), (56.7827869, 60.8634071), (56.7830131, 60.8655627), (56.783243, 60.8657391), (56.7827638, 60.8659548), (56.7827187, 60.8657433), (56.7823615, 60.8660781), (56.7821234, 60.8661897), (56.7820011, 60.8660664), (56.7818531, 60.8670708), (56.7817114, 60.8671546), (56.7815343, 60.8670458), (56.7814019, 60.8679168), (56.7813279, 60.8679365), (56.7812472, 60.8684214), (56.7811021, 60.8688948), (56.7810717, 60.869097), (56.7812482, 60.8692676), (56.7814203, 60.8692977), (56.7817327, 60.8694618), (56.7820335, 60.8696197), (56.7821134, 60.8698063), (56.7820308, 60.8704086), (56.7823603, 60.8705661), (56.7827312, 60.8707434), (56.7833645, 60.8710461), (56.7836457, 60.8712232), (56.7831392, 60.8733803), (56.7825179, 60.8756396), (56.7826501, 60.8759875), (56.7826006, 60.8760935), (56.7826059, 60.8765119), (56.7819526, 60.8786326), (56.7816516, 60.8796447), (56.7815049, 60.879814), (56.7812792, 60.8786826), (56.7815792, 60.8778226), (56.7817471, 60.8775602), (56.7819183, 60.8773582), (56.7810463, 60.876519), (56.7805725, 60.8754296), (56.7805257, 60.8754843), (56.7799926, 60.8761505), (56.7798168, 60.8765476), (56.7797356, 60.876528), (56.7796429, 60.8765087), (56.7792914, 60.8776655), (56.7789432, 60.8773712), (56.7786349, 60.8783564), (56.780002, 60.8797675), (56.7795583, 60.880925), (56.7792969, 60.8812047), (56.7791124, 60.881004), (56.7789682, 60.8815468), (56.7788307, 60.8818762), (56.7786456, 60.8821163), (56.7785149, 60.8825453), (56.7787549, 60.8827222), (56.7789294, 60.883137), (56.7788393, 60.8834169), (56.7787228, 60.8837045), (56.7785213, 60.8843524), (56.7783607, 60.884345), (56.7783096, 60.8842088), (56.77521, 60.8830313), (56.77526, 60.8826237), (56.7750319, 60.8824643), (56.7747699, 60.8826288), (56.7742065, 60.8825877), (56.7725414, 60.8819425), (56.7725323, 60.882527), (56.7724807, 60.8828472), (56.7720961, 60.882985), (56.7718435, 60.8835612), (56.7714699, 60.88528), (56.7713437, 60.8864515), (56.7713489, 60.8878535), (56.7712753, 60.8884969), (56.7709214, 60.8898386), (56.7706475, 60.8905784), (56.7724553, 60.892178), (56.7729048, 60.8905205), (56.7717254, 60.8886988), (56.7720436, 60.8875725), (56.7726578, 60.8881398), (56.7730649, 60.8873294), (56.7766896, 60.8886501), (56.7768794, 60.8882378), (56.7771239, 60.8875109), (56.7772312, 60.8876712), (56.7773491, 60.8879515), (56.7774207, 60.8878416), (56.7776045, 60.8868242), (56.7778213, 60.8873734), (56.7781141, 60.8875014), (56.778483, 60.8874757), (56.7790492, 60.8875009), (56.7793149, 60.887334), (56.7794385, 60.8871285), (56.7796646, 60.887216), (56.7797497, 60.8867192), (56.7792513, 60.8864333), (56.779272, 60.8854276), (56.7790338, 60.8853157), (56.7792443, 60.8839755), (56.7794607, 60.8837455), (56.7798523, 60.8831257), (56.7803745, 60.8836699), (56.7801711, 60.8844574), (56.7799629, 60.8853438), (56.7805139, 60.8855463), (56.7808179, 60.8845416), (56.780533, 60.8842566), (56.78067, 60.8839317), (56.7806876, 60.8838753), (56.781228, 60.8821444), (56.7814164, 60.8827212), (56.7814043, 60.8831618), (56.7815926, 60.8837555), (56.7817402, 60.8840464), (56.7818764, 60.8839677), (56.7821132, 60.883247), (56.7826123, 60.8817983), (56.784203, 60.8772245), (56.7842855, 60.8775361), (56.7840756, 60.8788016), (56.7839059, 60.8796961), (56.7837816, 60.879294), (56.7833214, 60.8793205), (56.7830742, 60.8799323), (56.7829294, 60.8807476), (56.7821725, 60.8799364), (56.782103, 60.8796756), (56.7821442, 60.8793894), (56.7824011, 60.8794784), (56.7825762, 60.8796484), (56.7827364, 60.8796552), (56.7827774, 60.8791588), (56.7828072, 60.8785943), (56.782714, 60.8783223), (56.7826321, 60.8781591), (56.7827362, 60.8777271), (56.7828726, 60.8772891), (56.7833274, 60.8778902), (56.7835778, 60.8767545), (56.784203, 60.8772245)]",994359.6537455246,842
relation/3434352,56.90018455714285,60.575045714285714,"[(56.8995913, 60.574962), (56.9012676, 60.5771149), (56.9016839, 60.5760548), (56.8999968, 60.5739053), (56.8997817, 60.5736313), (56.8993793, 60.5746897), (56.8995913, 60.574962)]",20356.684566110373,48
relation/3434353,56.90012147777778,60.57702336666667,"[(56.9010389, 60.5777216), (56.9011745, 60.5773692), (56.899459, 60.5751873), (56.899282, 60.5749623), (56.8987189, 60.5764571), (56.8989293, 60.5767252), (56.900601, 60.5788554), (56.9008508, 60.5782106), (56.9010389, 60.5777216)]",28358.721080228686,280
relation/3434354,56.90037171428571,60.57341485714286,"[(56.9000662, 60.5737327), (56.9007254, 60.5745695), (56.9011332, 60.5734612), (56.9004888, 60.5726149), (56.9002743, 60.5723358), (56.8998479, 60.5734572), (56.9000662, 60.5737327)]",9736.502218723297,25
relation/3434355,56.90116021428571,60.572511142857145,"[(56.9005588, 60.5724533), (56.9022349, 60.5745917), (56.9026756, 60.573484), (56.9009668, 60.5713245), (56.9007776, 60.5710855), (56.900349, 60.5721857), (56.9005588, 60.5724533)]",21257.046894162893,55
relation/3467899,56.86311531538461,60.619139053846155,"[(56.8637805, 60.6207214), (56.8638448, 60.6208952), (56.8639392, 60.6207848), (56.8633674, 60.6191981), (56.8619197, 60.6152089), (56.861717, 60.6153441), (56.8614607, 60.6153323), (56.8621998, 60.61736), (56.8635319, 60.6210146), (56.8636393, 60.6208927), (56.8635886, 60.6207528), (56.8637297, 60.6205814), (56.8637805, 60.6207214)]",18622.591195407324,170
relation/3792647,56.902448019999994,60.5711107,"[(56.9034945, 60.5713001), (56.9016159, 60.5688953), (56.9008725, 60.5708272), (56.9027627, 60.5732308), (56.9034945, 60.5713001)]",36726.22642827034,150
relation/3792649,56.90363463999999,60.57571898,"[(56.9041945, 60.5771163), (56.9046187, 60.5759328), (56.9027988, 60.5736564), (56.9023667, 60.5747731), (56.9041945, 60.5771163)]",20942.187453627586,110
relation/3792650,56.90263555714286,60.57796331904762,"[(56.9034942, 60.5788822), (56.9036364, 60.5785091), (56.9034226, 60.5782388), (56.9033159, 60.5781039), (56.903131, 60.5778702), (56.9029604, 60.5776546), (56.9027961, 60.5774469), (56.9024605, 60.5770226), (56.9022763, 60.5767898), (56.9020897, 60.576554), (56.9018129, 60.576204), (56.9015261, 60.5769452), (56.9013983, 60.5772754), (56.901686, 60.577644), (56.9020568, 60.5781192), (56.9023884, 60.5785442), (56.9025479, 60.5787485), (56.9027256, 60.5789761), (56.9029096, 60.5792119), (56.9032178, 60.5796069), (56.9034942, 60.5788822)]",19957.762598365545,260
relation/3792651,56.9023254625,60.579677975,"[(56.9025591, 60.5812864), (56.9030927, 60.5798752), (56.9029556, 60.5797006), (56.9027681, 60.5794535), (56.9026418, 60.5792833), (56.9013019, 60.5775244), (56.9007254, 60.579014), (56.9025591, 60.5812864)]",26530.087557181716,150
relation/3792652,56.9052943,60.5753908625,"[(56.9049928, 60.576073), (56.9054316, 60.5765912), (56.9061661, 60.5747087), (56.9055667, 60.573894), (56.9053371, 60.5745189), (56.9050246, 60.5753827), (56.9048427, 60.5758854), (56.9049928, 60.576073)]",11601.107265889645,155
relation/3792653,56.90460330833333,60.57404880833334,"[(56.9045402, 60.5754711), (56.9047122, 60.5756876), (56.9048073, 60.5754382), (56.905216, 60.5743353), (56.904827, 60.573881), (56.9049692, 60.5734831), (56.9050209, 60.5733429), (56.9050327, 60.5733101), (56.9050421, 60.5732839), (56.9036346, 60.5714795), (56.9028973, 60.5734019), (56.9045402, 60.5754711)]",32533.78969605826,90
relation/4239847,56.908126216666666,60.587087625,"[(56.9081241, 60.58642), (56.9080381, 60.5863052), (56.9080041, 60.5862618), (56.9074953, 60.5875467), (56.907995, 60.5881666), (56.9080825, 60.5882756), (56.9081751, 60.5883981), (56.908581, 60.5873593), (56.9085536, 60.5869567), (56.9081872, 60.5864885), (56.9081545, 60.586453), (56.9081241, 60.58642)]",8649.8783948645,520
relation/10642694,56.90016286,60.62324864,"[(56.9007205, 60.6202139), (56.8978157, 60.6234014), (56.8993305, 60.6278577), (56.9022271, 60.6245563), (56.9007205, 60.6202139)]",119851.44661259651,3555
relation/12726178,56.79754874375,60.60941209375,"[(56.7981508, 60.6087993), (56.7977576, 60.6086427), (56.7975171, 60.6084956), (56.7973102, 60.6088515), (56.7970934, 60.6089773), (56.7969696, 60.608982), (56.7969671, 60.6091462), (56.7967437, 60.6091291), (56.7966702, 60.6100649), (56.7966443, 60.6104262), (56.7978675, 60.6108294), (56.7979418, 60.6106515), (56.798098, 60.6103128), (56.7984663, 60.6093569), (56.7984315, 60.6091288), (56.7981508, 60.6087993)]",19432.132529529743,1045
relation/12727180,56.791884815,60.60972921,"[(56.7915755, 60.6094938), (56.7914918, 60.6100069), (56.7914182, 60.6099792), (56.7912066, 60.611348), (56.7912589, 60.6113954), (56.7915748, 60.6116862), (56.7916381, 60.6117267), (56.7917907, 60.6115562), (56.7921701, 60.6108881), (56.7922667, 60.6106302), (56.7923573, 60.6102959), (56.7927544, 60.607726), (56.7924798, 60.6075757), (56.7924295, 60.6075463), (56.7923585, 60.6075048), (56.7921588, 60.6073882), (56.7918246, 60.6094237), (56.7916983, 60.6093796), (56.7916682, 60.6095395), (56.7915755, 60.6094938)]",21142.99647435546,2
relation/12732504,56.790276541509435,60.47329516603774,"[(56.7858907, 60.4747152), (56.7867732, 60.4763837), (56.7869618, 60.4766547), (56.7886587, 60.4799656), (56.7908576, 60.4834094), (56.7922639, 60.4849803), (56.7947321, 60.4805791), (56.7939414, 60.4791896), (56.7950017, 60.4713633), (56.7938606, 60.4707952), (56.7937976, 60.4708198), (56.7937442, 60.4708648), (56.7936993, 60.4709257), (56.793667, 60.4709894), (56.7936335, 60.4710907), (56.7935244, 60.4716478), (56.7932929, 60.4721514), (56.7931671, 60.472945), (56.7928526, 60.4733219), (56.7926628, 60.4734725), (56.7924914, 60.4736745), (56.792274, 60.4743773), (56.7922446, 60.4745167), (56.7922072, 60.4746245), (56.791873, 60.4755186), (56.7914622, 60.4752495), (56.7914084, 60.4752143), (56.7912444, 60.4751069), (56.7912098, 60.4753822), (56.7911454, 60.4758762), (56.7908071, 60.4784112), (56.7907697, 60.4786816), (56.7902792, 60.4784403), (56.7890685, 60.4779151), (56.7898546, 60.4720996), (56.7893724, 60.4718739), (56.7893879, 60.471758), (56.7894389, 60.4703242), (56.78944, 60.4703083), (56.7890037, 60.4701071), (56.7893486, 60.4672274), (56.7885588, 60.4667115), (56.7887292, 60.4658827), (56.7884114, 60.4654962), (56.787346, 60.4639983), (56.7870155, 60.4657003), (56.7861097, 60.4703647), (56.7853045, 60.4700803), (56.7851622, 60.4701003), (56.7845817, 60.4721188), (56.7845993, 60.4722959), (56.7856336, 60.4742271), (56.7858907, 60.4747152)]",581752.3670766708,6018
relation/12741399,56.79067300625,60.48976133125,"[(56.7889657, 60.4859812), (56.7878623, 60.4878954), (56.7876546, 60.4882354), (56.788168, 60.4891884), (56.78907, 60.4907683), (56.7891805, 60.4905597), (56.7893072, 60.4908133), (56.7906355, 60.4933149), (56.790817, 60.4936295), (56.7921808, 60.4961258), (56.7929451, 60.4946587), (56.7930167, 60.4935801), (56.7931246, 60.4924151), (56.7934676, 60.4917755), (56.7938314, 60.4910972), (56.7931184, 60.489766), (56.7924988, 60.4886091), (56.7924658, 60.4886775), (56.7914069, 60.4905692), (56.7909362, 60.4895516), (56.7907254, 60.4891848), (56.7905229, 60.4889739), (56.7903658, 60.4892126), (56.790216, 60.489078), (56.7901001, 60.4888759), (56.7903372, 60.4884325), (56.7900276, 60.4878771), (56.7898412, 60.4875429), (56.7902786, 60.4867911), (56.7899717, 60.4862133), (56.7895309, 60.4869874), (56.7889657, 60.4859812)]",167293.9940233305,4765
relation/12741405,56.789672995000004,60.48963101,"[(56.7901001, 60.4888759), (56.7903372, 60.4884325), (56.7900276, 60.4878771), (56.7898412, 60.4875429), (56.7895309, 60.4869874), (56.7889657, 60.4859812), (56.7878623, 60.4878954), (56.7876546, 60.4882354), (56.788168, 60.4891884), (56.78907, 60.4907683), (56.7891805, 60.4905597), (56.7893072, 60.4908133), (56.7906355, 60.4933149), (56.7906822, 60.4932317), (56.7914446, 60.4918742), (56.7907698, 60.4906625), (56.7901351, 60.4918492), (56.7894313, 60.4905763), (56.790216, 60.489078), (56.7901001, 60.4888759)]",61873.97232366353,2015
relation/12750251,56.79017086551724,60.48548943103448,"[(56.7904745, 60.4843685), (56.7904185, 60.4844682), (56.790394, 60.4844041), (56.7903156, 60.4842581), (56.790295, 60.4842161), (56.7903775, 60.4840466), (56.7902021, 60.4837423), (56.7901517, 60.4838429), (56.7900982, 60.4837438), (56.7900509, 60.4838268), (56.7896914, 60.4844572), (56.7896357, 60.4845562), (56.7896011, 60.4846141), (56.7895963, 60.4847205), (56.788938, 60.485931), (56.7889657, 60.4859812), (56.7895309, 60.4869874), (56.7899717, 60.4862133), (56.7902786, 60.4867911), (56.7898412, 60.4875429), (56.7900276, 60.4878771), (56.7903372, 60.4884325), (56.7904122, 60.4885706), (56.7904269, 60.4885437), (56.7915295, 60.4865464), (56.7910442, 60.4856352), (56.7910929, 60.4855514), (56.7907815, 60.4849558), (56.7904745, 60.4843685)]",39255.842521430925,700
relation/12750540,56.79966519285715,60.49213690714286,"[(56.8003597, 60.4921008), (56.7997016, 60.491418), (56.7996336, 60.4913595), (56.7993722, 60.4910913), (56.7992903, 60.4910004), (56.7990706, 60.4914948), (56.7986933, 60.4923437), (56.7986482, 60.4924451), (56.798969, 60.4930166), (56.8002072, 60.4932681), (56.8002994, 60.4932839), (56.8003251, 60.4928743), (56.8003828, 60.4921194), (56.8003597, 60.4921008)]",16865.90512819402,650
relation/12753254,56.78601033125,60.49934355625,"[(56.7884217, 60.4979423), (56.7880152, 60.4971626), (56.7885103, 60.4962426), (56.7878991, 60.4951698), (56.7873879, 60.4960871), (56.7870087, 60.4953744), (56.7861777, 60.496898), (56.7844906, 60.4998901), (56.7848721, 60.5006123), (56.7842772, 60.5017095), (56.7839054, 60.5010163), (56.7830851, 60.5024564), (56.7839502, 60.5041448), (56.7846154, 60.5029617), (56.785127, 60.5038867), (56.7884217, 60.4979423)]",130806.71059578657,5500
relation/12754094,56.79937833076924,60.513698476923075,"[(56.799416, 60.514981), (56.7997357, 60.5140592), (56.7998314, 60.5135342), (56.7995939, 60.512909), (56.7994443, 60.5126364), (56.7997532, 60.512011), (56.7997981, 60.5119356), (56.7993798, 60.5110953), (56.7980397, 60.5135196), (56.7991314, 60.5155705), (56.7991747, 60.5154783), (56.7992041, 60.5153691), (56.799416, 60.514981)]",28343.280530437827,1105
relation/12754801,56.85932323695652,60.65069551086956,"[(56.8591532, 60.6485105), (56.858796, 60.6477782), (56.8582979, 60.6485311), (56.8582481, 60.6486085), (56.8581143, 60.6483202), (56.8577303, 60.6489252), (56.8580967, 60.6497265), (56.8583047, 60.6501991), (56.8578045, 60.6509543), (56.8579284, 60.6512134), (56.8578299, 60.651371), (56.8580101, 60.6517477), (56.8585007, 60.6527539), (56.8585978, 60.6525256), (56.8586536, 60.6524357), (56.85871, 60.6524076), (56.8587888, 60.6524337), (56.8588208, 60.6524236), (56.8589908, 60.6522667), (56.8590531, 60.6522171), (56.8591257, 60.6521983), (56.859595, 60.6521662), (56.8596411, 60.652146), (56.8596751, 60.6521115), (56.859974, 60.6517357), (56.8599953, 60.6516968), (56.8600026, 60.6516176), (56.8599923, 60.6515533), (56.8599601, 60.6514674), (56.8599373, 60.6513441), (56.8599432, 60.6512381), (56.860018, 60.6510906), (56.8601404, 60.6509444), (56.860284, 60.6508384), (56.8604168, 60.6508518), (56.8605591, 60.6508988), (56.8608181, 60.6510368), (56.8608403, 60.6506499), (56.8606156, 60.6501339), (56.8603077, 60.6494919), (56.8603511, 60.6494499), (56.8599316, 60.6485496), (56.8598782, 60.6486337), (56.8597467, 60.6483616), (56.8595367, 60.6479271), (56.8591532, 60.6485105)]",61290.937568807974,2815
relation/12754806,56.85893254791667,60.65106584375,"[(56.8580101, 60.6517477), (56.8578299, 60.651371), (56.8579284, 60.6512134), (56.8578045, 60.6509543), (56.8583047, 60.6501991), (56.8580967, 60.6497265), (56.8577303, 60.6489252), (56.8581143, 60.6483202), (56.8582481, 60.6486085), (56.8582979, 60.6485311), (56.858796, 60.6477782), (56.8591838, 60.6472016), (56.8562464, 60.6412697), (56.8537944, 60.6452393), (56.8573934, 60.6527301), (56.8580101, 60.6517477), (56.8585007, 60.6527539), (56.8586788, 60.6531251), (56.8586783, 60.6532125), (56.8586819, 60.6533711), (56.8588059, 60.6533544), (56.8606925, 60.6531036), (56.8607415, 60.6522766), (56.8608181, 60.6510368), (56.8605591, 60.6508988), (56.8604168, 60.6508518), (56.860284, 60.6508384), (56.8601404, 60.6509444), (56.860018, 60.6510906), (56.8599432, 60.6512381), (56.8599373, 60.6513441), (56.8599601, 60.6514674), (56.8599923, 60.6515533), (56.8600026, 60.6516176), (56.8599953, 60.6516968), (56.859974, 60.6517357), (56.8596751, 60.6521115), (56.8596411, 60.652146), (56.859595, 60.6521662), (56.8591257, 60.6521983), (56.8590531, 60.6522171), (56.8589908, 60.6522667), (56.8588208, 60.6524236), (56.8587888, 60.6524337), (56.85871, 60.6524076), (56.8586536, 60.6524357), (56.8585978, 60.6525256), (56.8585007, 60.6527539)]",217395.6781957373,700
relation/12755126,56.82322319,60.550044209999996,"[(56.8225989, 60.5515838), (56.8246188, 60.5501202), (56.8243062, 60.5492404), (56.8241609, 60.5489722), (56.823766, 60.5484223), (56.8233742, 60.5480146), (56.8228024, 60.549282), (56.8218498, 60.5514464), (56.8221558, 60.5517764), (56.8225989, 60.5515838)]",32819.067825347185,1892
relation/13417105,56.832480555555556,60.619534099999996,"[(56.831441, 60.6193613), (56.8316057, 60.6209024), (56.8323428, 60.6206194), (56.8333922, 60.6201935), (56.8333411, 60.6197901), (56.8338419, 60.6195778), (56.8335758, 60.6175524), (56.8313435, 60.6184487), (56.831441, 60.6193613)]",37997.23269969225,990
relation/13417988,56.837622825,60.535218725,"[(56.8380818, 60.5358378), (56.8381296, 60.5357355), (56.8377438, 60.53341), (56.8370277, 60.5333161), (56.8369234, 60.5358734), (56.8374195, 60.5359313), (56.837575, 60.5358079), (56.8380818, 60.5358378)]",16426.84192951396,1072
relation/14396308,56.80719276666667,60.636660504761906,"[(56.8079573, 60.636257), (56.8079063, 60.6358241), (56.8074907, 60.6359967), (56.8073223, 60.6359617), (56.8072216, 60.6351288), (56.8071524, 60.6351502), (56.8069147, 60.6352414), (56.8069013, 60.6350823), (56.8063075, 60.6352888), (56.8063599, 60.6359463), (56.8059811, 60.6360496), (56.8056449, 60.6364815), (56.8057236, 60.6370206), (56.8070271, 60.6386466), (56.8073953, 60.6386368), (56.8075514, 60.6385709), (56.8080757, 60.6385901), (56.8080911, 60.638533), (56.8080296, 60.6378767), (56.808037, 60.6373305), (56.8079573, 60.636257)]",39149.08952237014,2990
relation/16227846,56.87678881111111,60.525262577777774,"[(56.875395, 60.5257699), (56.8754577, 60.5260857), (56.8755859, 60.526004), (56.8757194, 60.5259303), (56.8758379, 60.5258742), (56.8759756, 60.5258197), (56.8760213, 60.5258041), (56.8761107, 60.5257771), (56.8761797, 60.5257594), (56.8762421, 60.5257458), (56.8766718, 60.5256745), (56.8769955, 60.5256189), (56.8771348, 60.5255747), (56.8772374, 60.5255305), (56.8773679, 60.525458), (56.8774774, 60.5253932), (56.8775647, 60.5253329), (56.8776397, 60.5252747), (56.8777092, 60.5252148), (56.877758, 60.5251628), (56.8777929, 60.5251217), (56.8778516, 60.5250442), (56.8782837, 60.5244312), (56.8782764, 60.5242947), (56.8768129, 60.5223002), (56.8768037, 60.5223225), (56.875395, 60.5257699)]",36391.933287275955,3022
relation/16411313,56.80535077692308,60.619576896153845,"[(56.8057336, 60.6194117), (56.8056505, 60.6194437), (56.8056142, 60.6191296), (56.8055368, 60.6189815), (56.8054478, 60.6182186), (56.8054488, 60.6181543), (56.8046734, 60.6184024), (56.8046324, 60.6184534), (56.8046011, 60.6184924), (56.8046057, 60.6185943), (56.8046878, 60.6186561), (56.8048161, 60.619663), (56.8050706, 60.6195757), (56.8052005, 60.6207286), (56.8052384, 60.6207189), (56.8052743, 60.6207089), (56.8052827, 60.6207065), (56.8055616, 60.6206116), (56.8055533, 60.6205306), (56.805837, 60.6204341), (56.8058258, 60.6204099), (56.8058104, 60.6203766), (56.8057914, 60.6201194), (56.8057508, 60.6195689), (56.8057416, 60.6194969), (56.8057336, 60.6194117)]",12152.671878048219,1630
relation/16411316,56.80571760588235,60.62083129411764,"[(56.805837, 60.6204341), (56.8055533, 60.6205306), (56.8055616, 60.6206116), (56.8052827, 60.6207065), (56.8052988, 60.6208639), (56.8053198, 60.6210704), (56.8053479, 60.6210608), (56.8053717, 60.6212938), (56.8056154, 60.6212108), (56.8056751, 60.62119), (56.8061139, 60.6210407), (56.8060869, 60.6207759), (56.8061467, 60.6207556), (56.8061425, 60.6207151), (56.8061383, 60.6206735), (56.8058707, 60.6207646), (56.805837, 60.6204341)]",3019.7831953400746,618
relation/16417154,56.808061926315794,60.6149781631579,"[(56.8088026, 60.6156486), (56.8086632, 60.6156957), (56.8080696, 60.6158236), (56.8079763, 60.6148499), (56.8079081, 60.6148741), (56.8078787, 60.6145361), (56.8079439, 60.6145146), (56.8080575, 60.6144738), (56.808074, 60.6144679), (56.8080162, 60.6139311), (56.8077971, 60.6140098), (56.8075481, 60.6140993), (56.8073033, 60.6141872), (56.807347, 60.6145924), (56.8073826, 60.6149236), (56.8075534, 60.6166188), (56.8090563, 60.6161186), (56.8089961, 60.6155714), (56.8088026, 60.6156486)]",13920.354805361014,2
relation/16417363,56.80509215294118,60.59395479411764,"[(56.8045527, 60.5935183), (56.8046023, 60.5939433), (56.8046286, 60.5942035), (56.8046328, 60.5942447), (56.8046525, 60.594492), (56.8048567, 60.5944303), (56.8049129, 60.5950501), (56.8055175, 60.5948648), (56.8054738, 60.594336), (56.8054338, 60.5939401), (56.8054129, 60.5937334), (56.8054034, 60.5936395), (56.8053941, 60.5935103), (56.8059683, 60.5933225), (56.8060042, 60.5930036), (56.8045674, 60.5934808), (56.8045527, 60.5935183)]",9666.710058569908,100
relation/16454650,56.80182783125,60.592171875,"[(56.8029329, 60.5907127), (56.8028433, 60.5916005), (56.8028322, 60.5919281), (56.8028081, 60.5919278), (56.802401, 60.5918531), (56.8021061, 60.591799), (56.8021134, 60.5914611), (56.8016618, 60.5914745), (56.8015924, 60.5913849), (56.8015656, 60.5926037), (56.8016466, 60.5938736), (56.8024715, 60.5935666), (56.8038256, 60.5931048), (56.8038023, 60.5927673), (56.8037604, 60.5922483), (56.803756, 60.5916877), (56.803803, 60.5910252), (56.8029329, 60.5907127), (56.8014908, 60.5928088), (56.8011449, 60.592768), (56.8010812, 60.5921108), (56.8011008, 60.5917656), (56.8005706, 60.5915737), (56.8006196, 60.5911226), (56.8002247, 60.5909809), (56.7999048, 60.592024), (56.799823, 60.5927109), (56.8001455, 60.5928464), (56.8002094, 60.5928438), (56.800321, 60.5939019), (56.8015084, 60.5935022), (56.8014908, 60.5928088)]",50996.836155377125,3478
relation/16454740,56.80342335384615,60.59491067692308,"[(56.8028918, 60.593867), (56.8030269, 60.5952322), (56.8030961, 60.5952179), (56.803246, 60.5951677), (56.8032555, 60.5952624), (56.8035052, 60.5951788), (56.8035241, 60.5953678), (56.8036882, 60.5953129), (56.8038493, 60.5952589), (56.8038845, 60.5952457), (56.8039007, 60.5952376), (56.8037435, 60.5936229), (56.8028918, 60.593867)]",8973.949930265546,1695
relation/16511896,56.77714942352941,60.65810338235295,"[(56.7773565, 60.6572302), (56.7772998, 60.6573329), (56.7772595, 60.6572904), (56.7772201, 60.6572489), (56.777165, 60.6573159), (56.776361, 60.6585002), (56.7766349, 60.659176), (56.7763133, 60.6600223), (56.7767571, 60.6605802), (56.7771745, 60.6595074), (56.7774364, 60.6585357), (56.7774191, 60.6580788), (56.7774478, 60.6577153), (56.7774839, 60.6574202), (56.7774542, 60.657324), (56.7774006, 60.6572489), (56.7773565, 60.6572302)]",14530.9487413764,520
relation/16535454,56.815791954098366,60.6318818,"[(56.8166349, 60.6306026), (56.8161836, 60.631953), (56.8170979, 60.6337585), (56.8171415, 60.6337193), (56.8176289, 60.6335771), (56.8174645, 60.6315601), (56.817326, 60.6299347), (56.8172987, 60.6299833), (56.8170299, 60.6304618), (56.8169879, 60.6305365), (56.8168897, 60.6307234), (56.8168277, 60.6308413), (56.8167966, 60.6307826), (56.8166812, 60.6305651), (56.8166349, 60.6306026), (56.8171576, 60.634186), (56.8161124, 60.6322347), (56.8158401, 60.6327054), (56.8157836, 60.632755), (56.8156162, 60.6330031), (56.8154562, 60.6332043), (56.8153292, 60.6333451), (56.8151963, 60.6334658), (56.8150165, 60.6335905), (56.8148389, 60.6336884), (56.8144916, 60.6338587), (56.8145261, 60.6341591), (56.8147148, 60.6346393), (56.8147684, 60.6346594), (56.8148484, 60.6348431), (56.8156478, 60.6354553), (56.8156889, 60.6354573), (56.8164016, 60.6351542), (56.817231, 60.6348029), (56.8171576, 60.634186), (56.8159421, 60.6292078), (56.8154547, 60.6289878), (56.815371, 60.6290549), (56.8153505, 60.6293553), (56.8153127, 60.6295389), (56.8153276, 60.6295434), (56.8155206, 60.629961), (56.8156246, 60.6301743), (56.8153924, 60.6305835), (56.8153666, 60.630632), (56.815705, 60.6312612), (56.8157894, 60.6313965), (56.8159876, 60.6307058), (56.8161007, 60.6302968), (56.81613, 60.6299575), (56.8159421, 60.6292078), (56.8139957, 60.631347), (56.8143742, 60.6316674), (56.8144021, 60.63189), (56.8145621, 60.6318712), (56.8147211, 60.6327006), (56.8152653, 60.6322709), (56.8156646, 60.6313992), (56.815217, 60.6305324), (56.8143467, 60.6309041), (56.8139957, 60.631347)]",84019.70659455564,622
relation/16611607,56.86451100625,60.665890275,"[(56.8652421, 60.66906), (56.8652731, 60.66899), (56.8655477, 60.668308), (56.8657641, 60.6677699), (56.8653873, 60.667043), (56.8657406, 60.6663591), (56.8644584, 60.6636878), (56.864814, 60.663118), (56.8643215, 60.6621118), (56.863046, 60.6641514), (56.8632423, 60.66457), (56.8633889, 60.6643447), (56.8636998, 60.664967), (56.8634798, 60.665305), (56.8635284, 60.6653987), (56.8652421, 60.66906)]",53887.57030586153,330
relation/16784305,56.773485519999994,60.53533983,"[(56.7734921, 60.5341932), (56.7726815, 60.5356402), (56.7728887, 60.5357757), (56.7732125, 60.5363529), (56.773462, 60.5367976), (56.7735266, 60.5367976), (56.7743643, 60.5351864), (56.77387, 60.5342616), (56.7738654, 60.5341999), (56.7734921, 60.5341932)]",15923.958760589827,228
relation/16784306,56.77352043333334,60.5333156,"[(56.7734921, 60.5341932), (56.7738654, 60.5341999), (56.7738749, 60.5324498), (56.7735324, 60.5318328), (56.7728657, 60.5330247), (56.7734921, 60.5341932)]",10254.529827817809,1300
relation/16784307,56.77440885,60.53310235,"[(56.7738654, 60.5341999), (56.77387, 60.5342616), (56.7743643, 60.5351864), (56.7750918, 60.5337976), (56.7760456, 60.5320286), (56.7757884, 60.5315687), (56.7737903, 60.5314982), (56.7735324, 60.5318328), (56.7738749, 60.5324498), (56.7738654, 60.5341999)]",35039.47180414945,1040
relation/16787647,56.74996424999999,60.55793292,"[(56.7502552, 60.5574888), (56.7501491, 60.5587785), (56.7512008, 60.5590769), (56.7513137, 60.5578062), (56.7502552, 60.5574888), (56.7488311, 60.5570664), (56.7487204, 60.5583852), (56.7499871, 60.5587386), (56.7500988, 60.5574334), (56.7488311, 60.5570664)]",21031.077688366175,32
relation/18307147,56.8357100625,60.5895229375,"[(56.8356741, 60.5889308), (56.8349593, 60.5891989), (56.8351129, 60.5906967), (56.8361239, 60.5904498), (56.8362391, 60.5900626), (56.8361048, 60.5890256), (56.8357923, 60.5888883), (56.8356741, 60.5889308)]",12136.893146514893,292
relation/18311047,56.81769684516129,60.618695803225805,"[(56.8177771, 60.6164389), (56.8165782, 60.616837), (56.8168821, 60.6198927), (56.8170225, 60.6198461), (56.8170585, 60.6202079), (56.8177595, 60.6199752), (56.8177095, 60.6194726), (56.8180783, 60.6193501), (56.8181283, 60.6198527), (56.8186239, 60.6196881), (56.8184372, 60.6178103), (56.8185933, 60.6177584), (56.8185469, 60.6172915), (56.8178838, 60.6175116), (56.8177771, 60.6164389), (56.817279, 60.619568), (56.817249, 60.6192666), (56.8175968, 60.6191511), (56.8175189, 60.6183672), (56.8180679, 60.6181849), (56.8181151, 60.6186595), (56.8184753, 60.6185399), (56.818536, 60.6191506), (56.817279, 60.619568), (56.8174999, 60.6181766), (56.8175189, 60.6183672), (56.8175968, 60.6191511), (56.817249, 60.6192666), (56.8171807, 60.6192893), (56.8170838, 60.6183147), (56.8174999, 60.6181766)]",26664.57536422275,578
relation/18319348,56.87781808333333,60.725192050000004,"[(56.8770195, 60.7255121), (56.8773475, 60.7262629), (56.8784761, 60.7250618), (56.8786861, 60.7246899), (56.8783598, 60.7241135), (56.8770195, 60.7255121)]",9903.868834525347,30
relation/18319349,56.874745175,60.7242751375,"[(56.8756936, 60.7245109), (56.8750381, 60.7226198), (56.8733318, 60.7240508), (56.8736589, 60.7252708), (56.8741957, 60.7247311), (56.8750454, 60.7238439), (56.8753043, 60.7246629), (56.8756936, 60.7245109)]",18407.68091867864,40
relation/18319784,56.88209164102564,60.711114410256414,"[(56.8828362, 60.7117401), (56.8828938, 60.7114026), (56.8829273, 60.7098448), (56.8831116, 60.7067715), (56.8832839, 60.7044876), (56.8832581, 60.7039159), (56.8830973, 60.7025202), (56.8828895, 60.7010422), (56.8822691, 60.7013187), (56.8824726, 60.7027492), (56.8825469, 60.7032714), (56.8826764, 60.7041821), (56.8827385, 60.7052238), (56.8826237, 60.7072281), (56.8824243, 60.7097368), (56.8822183, 60.7113693), (56.8820401, 60.7119999), (56.8819598, 60.7122969), (56.8819453, 60.7125968), (56.881702, 60.7133516), (56.881632, 60.7132722), (56.8814332, 60.713524), (56.881399, 60.7135659), (56.8813689, 60.7138294), (56.8813147, 60.71403), (56.8813228, 60.7141587), (56.8818677, 60.714769), (56.8817162, 60.7152313), (56.8814659, 60.7158538), (56.8812938, 60.7161659), (56.8804935, 60.7168862), (56.8806566, 60.7180319), (56.8810553, 60.717554), (56.8811292, 60.7174302), (56.8812924, 60.7171807), (56.8817687, 60.716417), (56.8823778, 60.7146211), (56.8832354, 60.7121511), (56.8828362, 60.7117401)]",75233.50931752473,108
relation/18319785,56.880735414285716,60.694848574999995,"[(56.8783415, 60.6953467), (56.8785835, 60.6955681), (56.879416, 60.6938741), (56.8796931, 60.6938752), (56.8811465, 60.6944917), (56.8814202, 60.6949782), (56.8811667, 60.6955039), (56.8813909, 60.6959143), (56.8815888, 60.6958929), (56.881761, 60.696508), (56.8819386, 60.6971993), (56.8819852, 60.6977216), (56.8825401, 60.6974992), (56.8824016, 60.6964944), (56.8823847, 60.6962824), (56.8821396, 60.695277), (56.8819826, 60.694749), (56.8817903, 60.6941588), (56.8816539, 60.6935989), (56.8815082, 60.6933394), (56.8813807, 60.6932107), (56.8810758, 60.693031), (56.8803687, 60.6929129), (56.8787753, 60.6926904), (56.8787563, 60.6927315), (56.8787188, 60.6930754), (56.8783415, 60.6944884), (56.8783415, 60.6953467)]",47404.611347083934,55
relation/19859379,56.89276985714286,60.62507034285714,"[(56.8934016, 60.6242969), (56.8929242, 60.622896), (56.8923081, 60.6235997), (56.890968, 60.6251362), (56.8922619, 60.6287328), (56.8941236, 60.6265339), (56.8934016, 60.6242969)]",65848.30078399181,1892
way/31560359,56.821465076923076,60.55347355384616,"[(56.8213529, 60.5530201), (56.8211055, 60.5532741), (56.8205482, 60.5544754), (56.8209505, 60.554986), (56.821327, 60.5539123), (56.8212712, 60.5538229), (56.82139, 60.5535278), (56.8215608, 60.5533762), (56.8216945, 60.5534372), (56.8220628, 60.5530122), (56.8221786, 60.5528785), (56.8222511, 60.5524134), (56.8213529, 60.5530201)]",8068.245042040944,395
way/35410624,56.777164792,60.592675212,"[(56.7803415, 60.5949906), (56.7800161, 60.5922668), (56.7795337, 60.5919373), (56.7794201, 60.591312), (56.7786589, 60.5914609), (56.7771977, 60.5920761), (56.7769293, 60.5909751), (56.7768241, 60.5907641), (56.7761615, 60.5904864), (56.7757921, 60.5904303), (56.775565, 60.5914128), (56.7755291, 60.591515), (56.7754686, 60.5916154), (56.7755553, 60.5917476), (56.7758673, 60.5921867), (56.7760965, 60.5928251), (56.7760379, 60.5929307), (56.7759756, 60.593043), (56.7757491, 60.5934046), (56.7757747, 60.593455), (56.7757095, 60.5935728), (56.7770194, 60.5960769), (56.777278, 60.5962577), (56.7802773, 60.5951468), (56.7803415, 60.5949906)]",122474.48511051014,3738
way/35567698,56.892571841666665,60.73727461666667,"[(56.8941743, 60.734262), (56.8939124, 60.7334347), (56.8933133, 60.7340689), (56.8930283, 60.7351535), (56.8927048, 60.7357286), (56.8925595, 60.7353938), (56.8923017, 60.7355226), (56.891845, 60.7356234), (56.8904619, 60.7374773), (56.8906823, 60.7382498), (56.8906823, 60.7384472), (56.8907413, 60.7385116), (56.8909026, 60.7386875), (56.8910198, 60.7385674), (56.891634, 60.7403956), (56.8920325, 60.7399664), (56.8921966, 60.7401209), (56.8924638, 60.7408934), (56.8919763, 60.7414427), (56.8925107, 60.7430392), (56.8965986, 60.7384215), (56.894925, 60.7334604), (56.8948829, 60.7334604), (56.8941743, 60.734262)]",210088.8936497718,250
way/35581260,56.90843564210527,60.60661251315789,"[(56.9062882, 60.6065986), (56.9063535, 60.6094831), (56.9064047, 60.6094677), (56.906553, 60.609423), (56.9065754, 60.6097096), (56.9065799, 60.6097732), (56.9068594, 60.6096818), (56.9072403, 60.6095849), (56.908545, 60.6092529), (56.9091821, 60.6090908), (56.9095109, 60.6089909), (56.9101968, 60.6087923), (56.9105343, 60.6086726), (56.9103838, 60.6069804), (56.9103026, 60.6061013), (56.9102198, 60.6051811), (56.9101701, 60.6047092), (56.9101196, 60.6042296), (56.90995, 60.6043345), (56.9097213, 60.6044763), (56.9096525, 60.6045185), (56.9093897, 60.604679), (56.9093286, 60.604717), (56.9092979, 60.6047358), (56.9092644, 60.6047564), (56.9091026, 60.6048557), (56.9088947, 60.6049871), (56.9088346, 60.6050243), (56.9087938, 60.6050496), (56.9084451, 60.6052659), (56.9080069, 60.6055378), (56.9075042, 60.6058496), (56.9074782, 60.6058658), (56.9073296, 60.6059702), (56.9071939, 60.6060421), (56.9071027, 60.6060987), (56.9069561, 60.6061896), (56.9062882, 60.6065986)]",107262.84236959554,7125
way/35581261,56.9123219375,60.606072940625,"[(56.9102729, 60.6040942), (56.9103785, 60.6052209), (56.9104437, 60.6060981), (56.9105175, 60.6069426), (56.9106626, 60.6086781), (56.9115513, 60.6084079), (56.9130923, 60.6079413), (56.9130763, 60.6077599), (56.9130535, 60.6075011), (56.9130276, 60.6072063), (56.9130125, 60.6070293), (56.9129868, 60.6067376), (56.9129513, 60.6063353), (56.91296, 60.6063325), (56.9131796, 60.6062611), (56.9132146, 60.6066579), (56.9133814, 60.6066085), (56.9134157, 60.6069968), (56.9134499, 60.6073855), (56.9132802, 60.6074359), (56.9133136, 60.6078151), (56.9133188, 60.607874), (56.9137368, 60.6077504), (56.9135947, 60.6061383), (56.9132985, 60.6027779), (56.911937, 60.6031917), (56.9117633, 60.6032445), (56.9115256, 60.6033164), (56.9114742, 60.6033324), (56.911207, 60.6035027), (56.9109514, 60.6036657), (56.9102729, 60.6040942)]",100860.45451474027,3965
way/35868723,56.8035035125,60.5904930625,"[(56.8016907, 60.5902727), (56.8029329, 60.5907127), (56.803803, 60.5910252), (56.803756, 60.5916877), (56.8037604, 60.5922483), (56.8038023, 60.5927673), (56.8038256, 60.5931048), (56.8063561, 60.5922419), (56.8063325, 60.5919825), (56.8063992, 60.5917474), (56.8031176, 60.5875861), (56.8024993, 60.586819), (56.8022932, 60.5873683), (56.8020838, 60.5880061), (56.8017129, 60.5900463), (56.8016907, 60.5902727)]",85651.7474309653,2865
way/35868725,56.80082622941176,60.60439345294118,"[(56.8018984, 60.6051535), (56.8011324, 60.605422), (56.8009562, 60.6038716), (56.8017527, 60.6036422), (56.8014667, 60.6007992), (56.8006198, 60.6010634), (56.8003371, 60.5982188), (56.7996339, 60.5984521), (56.7995057, 60.5985483), (56.8001355, 60.6042903), (56.8002508, 60.6068916), (56.8001713, 60.607222), (56.8003595, 60.6092299), (56.8007989, 60.6090883), (56.8008962, 60.6090225), (56.8022324, 60.6086195), (56.8018984, 60.6051535)]",102605.02900862694,185
way/35868944,56.80543914444444,60.5860649,"[(56.8039134, 60.5803061), (56.8018719, 60.5856514), (56.8051003, 60.5896616), (56.8058253, 60.5905206), (56.8063836, 60.588945), (56.8070565, 60.5897079), (56.8084689, 60.5859881), (56.806419, 60.5834973), (56.8039134, 60.5803061)]",233061.5509032011,10032
way/35868946,56.80695131875,60.57835086875,"[(56.803959, 60.5801861), (56.8085162, 60.5859019), (56.811238, 60.5786708), (56.809477, 60.5764642), (56.8087023, 60.5783703), (56.8085234, 60.5780996), (56.8084524, 60.5774097), (56.8084947, 60.5771771), (56.8089785, 60.5758696), (56.8066502, 60.5730115), (56.8048721, 60.5778042), (56.8051453, 60.5781425), (56.8048627, 60.5789197), (56.8048168, 60.5788563), (56.8045735, 60.5785443), (56.803959, 60.5801861)]",318252.19088501483,1012
way/35869085,56.8062515,60.56806100000001,"[(56.8084601, 60.5678384), (56.8068069, 60.5658426), (56.8052517, 60.5638799), (56.8045931, 60.5656911), (56.8054354, 60.5667131), (56.8042745, 60.5697622), (56.8063416, 60.5723104), (56.8066401, 60.5726729), (56.8084601, 60.5678384)]",128210.48869520426,9020
way/35869086,56.80948026666667,60.57201127222223,"[(56.8067559, 60.5727761), (56.8098634, 60.5766708), (56.8101776, 60.5758413), (56.8104804, 60.5762255), (56.8103722, 60.5765094), (56.8105321, 60.5767168), (56.811389, 60.5743868), (56.8093586, 60.5717741), (56.8095225, 60.5711722), (56.8092372, 60.570802), (56.8092097, 60.5707604), (56.8090698, 60.5705888), (56.8097583, 60.5687165), (56.8097352, 60.5686094), (56.8094509, 60.5682419), (56.8098199, 60.5672372), (56.8091562, 60.5663976), (56.8067559, 60.5727761)]",133963.15855248272,5670
way/35893931,56.91409296571429,60.59907367714286,"[(56.9130547, 60.5977892), (56.9131857, 60.5980025), (56.9132173, 60.5980949), (56.9131314, 60.5981897), (56.9134939, 60.5994183), (56.9132152, 60.5996767), (56.9133269, 60.6002615), (56.9133723, 60.6004925), (56.9134126, 60.6006977), (56.9134324, 60.6007986), (56.913741, 60.6005926), (56.9138451, 60.6005225), (56.9138854, 60.6004955), (56.9140317, 60.6003967), (56.9140839, 60.6003618), (56.9141823, 60.6003029), (56.9142163, 60.6002802), (56.9143308, 60.6002067), (56.9144288, 60.6001439), (56.9144854, 60.600106), (56.9146325, 60.600002), (56.9146729, 60.599975), (56.914741, 60.5999281), (56.9148242, 60.5998725), (56.9148305, 60.5999046), (56.9153828, 60.599557), (56.9151936, 60.598702), (56.9150511, 60.5981202), (56.9149438, 60.597648), (56.9147981, 60.5971162), (56.9146314, 60.5965308), (56.9143509, 60.5957195), (56.9140517, 60.5949451), (56.9140215, 60.5949381), (56.9130547, 60.5977892)]",51332.59179845825,4778
way/35894035,56.88058677777778,60.5531537,"[(56.8788846, 60.5560485), (56.8802923, 60.5575155), (56.8821564, 60.5514077), (56.8815362, 60.550801), (56.8813303, 60.5512204), (56.8810623, 60.5519929), (56.8808041, 60.5518802), (56.8803302, 60.5514686), (56.8788846, 60.5560485)]",66625.42017118633,6575
way/35894036,56.88830802941177,60.56245816470588,"[(56.8858019, 60.5630771), (56.887869, 60.5652194), (56.8883487, 60.5636001), (56.8884295, 60.5633272), (56.888782, 60.5637285), (56.8889183, 60.5633304), (56.8889051, 60.5633244), (56.8888646, 60.5632779), (56.8889182, 60.5631296), (56.888934, 60.5630127), (56.889039, 60.5627237), (56.8891358, 60.5624523), (56.8891554, 60.5623945), (56.8878664, 60.5610836), (56.8887797, 60.5580672), (56.887687, 60.5569631), (56.8858019, 60.5630771)]",90849.723810656,6955
way/35894037,56.89112384,60.56690844,"[(56.8910897, 60.5663797), (56.8907894, 60.567356), (56.8911688, 60.5677175), (56.8914816, 60.5667093), (56.8910897, 60.5663797)]",3316.162167340517,18
way/35894039,56.89244205,60.5681978,"[(56.8909178, 60.5689461), (56.891828, 60.5700742), (56.8918423, 60.5700387), (56.8920908, 60.5693723), (56.8923556, 60.5686957), (56.8932647, 60.5698414), (56.8933367, 60.5696381), (56.8935793, 60.5689593), (56.8934185, 60.5687565), (56.8932473, 60.5685406), (56.8931772, 60.5684542), (56.8930936, 60.5683439), (56.8929374, 60.568138), (56.8928289, 60.5679948), (56.8927763, 60.5679254), (56.8927423, 60.5678835), (56.8926552, 60.5677744), (56.8926107, 60.5677181), (56.8925195, 60.5676027), (56.8924881, 60.5675667), (56.8923115, 60.5673436), (56.8921378, 60.5671242), (56.8920554, 60.56702), (56.8918998, 60.5668235), (56.8918209, 60.5667239), (56.8917747, 60.5666604), (56.8917493, 60.5666321), (56.8909178, 60.5689461)]",28838.511537406594,2350
way/36442590,56.823171200000004,60.53539954,"[(56.824324, 60.5333178), (56.8220325, 60.5359176), (56.8223447, 60.5366988), (56.8223846, 60.5366479), (56.8226368, 60.536326), (56.8225593, 60.5360632), (56.8231394, 60.5354146), (56.8232689, 60.5358588), (56.8246978, 60.5344329), (56.824324, 60.5333178)]",18858.049479100853,310
way/36443099,56.822297811111106,60.5251986,"[(56.8224113, 60.5268698), (56.8228251, 60.5264333), (56.8226196, 60.5257682), (56.8228895, 60.5254464), (56.8224715, 60.5241332), (56.8220911, 60.5245023), (56.8216542, 60.5232148), (56.8213067, 60.5235496), (56.8224113, 60.5268698)]",15373.91070574522,40
way/36443100,56.8256711,60.534961583333335,"[(56.8249621, 60.5345229), (56.8253799, 60.5358491), (56.8266917, 60.5360995), (56.8267928, 60.5345526), (56.825238, 60.5342225), (56.8249621, 60.5345229)]",17093.06455770135,48
way/36463787,56.774056504545456,60.80459511818182,"[(56.7746174, 60.8022404), (56.7743398, 60.8026378), (56.7742139, 60.8024063), (56.7738078, 60.8033983), (56.774127, 60.8041935), (56.7735009, 60.8053497), (56.7730223, 60.8047556), (56.7724691, 60.8055274), (56.7720822, 60.8070004), (56.7729617, 60.8077042), (56.7732439, 60.8080132), (56.7733392, 60.8076384), (56.7734937, 60.8069799), (56.7736763, 60.8064107), (56.7738934, 60.805932), (56.7751916, 60.8036935), (56.7753748, 60.8033936), (56.7754204, 60.8033077), (56.7755744, 60.8029613), (56.7752449, 60.8024943), (56.775031, 60.802814), (56.7746174, 60.8022404)]",44303.660503566265,1055
way/36463935,56.77429957499999,60.806826449999996,"[(56.7738459, 60.808142), (56.7741092, 60.8076785), (56.7750404, 60.8068717), (56.7749417, 60.8060734), (56.7749746, 60.8058417), (56.77481, 60.8054555), (56.7746736, 60.8056615), (56.7741546, 60.8063118), (56.7738459, 60.8067858), (56.7737095, 60.8072407), (56.7736436, 60.8077128), (56.7738459, 60.808142)]",11929.875011771917,492
way/36488251,56.834925213333335,60.52918635333333,"[(56.8344414, 60.5298434), (56.835551, 60.5300619), (56.8356264, 60.5300579), (56.8356487, 60.5299763), (56.8356856, 60.528716), (56.8356526, 60.5285617), (56.8355668, 60.5285086), (56.8345224, 60.5283118), (56.834501, 60.5283296), (56.8344918, 60.5283969), (56.8344763, 60.5288808), (56.8344453, 60.5289606), (56.8344113, 60.5295739), (56.8344162, 60.5297725), (56.8344414, 60.5298434)]",12801.008547841106,22
way/36999813,56.768379655555556,60.58996706111111,"[(56.766799, 60.5882438), (56.7667462, 60.5882518), (56.7666852, 60.5883779), (56.7664879, 60.5882293), (56.7660403, 60.5902438), (56.7656397, 60.5922353), (56.7673456, 60.5933911), (56.7708263, 60.5957085), (56.7732136, 60.5972531), (56.7718846, 60.5892969), (56.7711885, 60.5892712), (56.7705535, 60.5889708), (56.7691425, 60.588164), (56.7689825, 60.588945), (56.7681735, 60.5883614), (56.7672296, 60.5877835), (56.7670963, 60.5884359), (56.766799, 60.5882438)]",266193.5786149651,992
way/37000476,56.76684164666667,60.59736324666667,"[(56.769086, 60.5961291), (56.766944, 60.5946627), (56.7653794, 60.5936314), (56.7648246, 60.596374), (56.7660151, 60.5971866), (56.7659626, 60.5974413), (56.7657767, 60.5983428), (56.7657017, 60.5987247), (56.7660515, 60.5989469), (56.766613, 60.5993345), (56.7667812, 60.5992104), (56.7670869, 60.59788), (56.768531, 60.5988928), (56.768785, 60.5975624), (56.769086, 60.5961291)]",91351.7579781264,422
way/37001305,56.76034954347826,60.59395208695653,"[(56.7637329, 60.5925328), (56.7615552, 60.591024), (56.7586378, 60.5923697), (56.7584778, 60.5912539), (56.7585169, 60.5908099), (56.7572882, 60.5906665), (56.7571792, 60.5922238), (56.7573062, 60.5922495), (56.7573203, 60.5927473), (56.7574427, 60.5927559), (56.7580355, 60.5969101), (56.7572891, 60.5972658), (56.7571321, 60.5987469), (56.7582049, 60.5982319), (56.7615876, 60.5966097), (56.7634564, 60.5956228), (56.7634094, 60.5954449), (56.7632814, 60.5949596), (56.7633399, 60.5946573), (56.7635251, 60.594724), (56.7637799, 60.5934597), (56.7638081, 60.5930992), (56.7637329, 60.5925328)]",229002.61558369081,500
way/37001383,56.75791616,60.600262713333336,"[(56.7610635, 60.5970112), (56.7582236, 60.5983759), (56.7570132, 60.5989658), (56.7569523, 60.5995022), (56.7569993, 60.6002947), (56.7566123, 60.6004419), (56.7565887, 60.6007638), (56.7566849, 60.6008619), (56.7568038, 60.6008155), (56.7570097, 60.6021844), (56.7566971, 60.6022886), (56.7567675, 60.6028702), (56.7587077, 60.6019482), (56.7615553, 60.6006052), (56.7610635, 60.5970112)]",115168.73163038865,590
way/37001448,56.76275546666667,60.59715216666667,"[(56.7617335, 60.5967556), (56.7620534, 60.5990902), (56.7634155, 60.5984826), (56.763944, 60.5959832), (56.7636529, 60.5958458), (56.7617335, 60.5967556)]",30713.17041184008,135
way/37001513,56.7615804375,60.603312824999996,"[(56.7604714, 60.6050146), (56.7623545, 60.6041971), (56.7624486, 60.6048237), (56.7626979, 60.6047035), (56.7621255, 60.6005927), (56.7620935, 60.6005727), (56.7599807, 60.6015837), (56.7604714, 60.6050146)]",55109.471635546535,1008
way/37001516,56.757871466666664,60.60438594166666,"[(56.7586274, 60.6022378), (56.7579309, 60.6025485), (56.7571615, 60.6029354), (56.7571736, 60.6030854), (56.7571328, 60.6031085), (56.7571174, 60.6042798), (56.756868, 60.604199), (56.7566164, 60.607107), (56.7588803, 60.6081012), (56.7591456, 60.6066417), (56.7591763, 60.6061492), (56.7586274, 60.6022378)]",72622.2331568338,402
way/37001534,56.76681342857143,60.60424677142857,"[(56.7672059, 60.604802), (56.7671026, 60.603999), (56.7674562, 60.6038555), (56.7673536, 60.6030512), (56.7654358, 60.6038538), (56.765934, 60.6053639), (56.7672059, 60.604802)]",18520.273098766804,838
way/37064803,56.8888190125,60.472405675,"[(56.8896221, 60.4741334), (56.8892648, 60.4692133), (56.8886168, 60.468961), (56.8881487, 60.4686877), (56.8880796, 60.468658), (56.8873405, 60.4780151), (56.8898575, 60.4774435), (56.8896221, 60.4741334)]",110375.78605437279,322
way/37064809,56.88563838,60.483389669999994,"[(56.8856138, 60.4843603), (56.8860361, 60.4830514), (56.8860316, 60.4823157), (56.8856581, 60.4823482), (56.8856108, 60.4823728), (56.8855654, 60.482432), (56.8851084, 60.4838777), (56.8855575, 60.4843903), (56.8855883, 60.484388), (56.8856138, 60.4843603)]",7621.383795467205,38
way/37199261,56.92967509333333,60.616531593333335,"[(56.9303882, 60.6164147), (56.9303227, 60.6171872), (56.9302665, 60.6192643), (56.9311423, 60.6191452), (56.9311961, 60.6187284), (56.9313658, 60.6188089), (56.9316621, 60.6172988), (56.932004, 60.6153504), (56.9306364, 60.6146895), (56.9302145, 60.6144852), (56.9253125, 60.6137059), (56.9251485, 60.6150448), (56.9252609, 60.6151993), (56.9298177, 60.6162366), (56.9303882, 60.6164147)]",97072.91724915057,870
way/37199413,56.9325861590909,60.619218881818185,"[(56.9318822, 60.6179373), (56.9316814, 60.6190765), (56.9317674, 60.6191326), (56.9316887, 60.6196467), (56.9316128, 60.619886), (56.9314946, 60.6201371), (56.9316246, 60.6202857), (56.9320133, 60.6205174), (56.9321772, 60.6205947), (56.9323739, 60.6200711), (56.9330343, 60.6206805), (56.9333088, 60.6210019), (56.9333793, 60.6205485), (56.933271, 60.6201334), (56.9332871, 60.6199423), (56.9336056, 60.6184832), (56.9337034, 60.617537), (56.9334323, 60.6173336), (56.9335003, 60.6167753), (56.9332473, 60.6166411), (56.9329278, 60.6185162), (56.9318822, 60.6179373)]",31424.096427660435,8
way/37199722,56.939250928571425,60.61873219047619,"[(56.9399786, 60.6185605), (56.9396872, 60.6183413), (56.9389523, 60.6176973), (56.9387977, 60.6176343), (56.9386716, 60.6177498), (56.93858, 60.6177498), (56.93787, 60.6169439), (56.9378095, 60.6171198), (56.9378325, 60.6172878), (56.937652, 60.6177078), (56.9375388, 60.6175702), (56.9372489, 60.6184475), (56.9384709, 60.6192815), (56.9393137, 60.6198394), (56.9402362, 60.6206118), (56.9412007, 60.6213671), (56.9412241, 60.6212813), (56.9413762, 60.6204595), (56.9408308, 60.620039), (56.9410192, 60.6191259), (56.9399786, 60.6185605)]",44854.25859411806,78
way/37200000,56.93627235116279,60.62387307674418,"[(56.9370131, 60.6242117), (56.9370973, 60.6243563), (56.9371865, 60.6241808), (56.9371634, 60.6239265), (56.9369817, 60.6237085), (56.9370973, 60.6231818), (56.937345, 60.6232908), (56.9374606, 60.6227217), (56.9374144, 60.6225946), (56.9370412, 60.6223645), (56.9370379, 60.6219105), (56.9373681, 60.619404), (56.9372883, 60.619319), (56.9373205, 60.6191339), (56.9372632, 60.6189864), (56.9372196, 60.6189643), (56.9370334, 60.6188094), (56.9369023, 60.6189639), (56.9369819, 60.6194445), (56.9368929, 60.6203801), (56.9370474, 60.6204745), (56.9367431, 60.6221825), (56.9368274, 60.6224229), (56.9366213, 60.6233241), (56.9364247, 60.6234271), (56.9360454, 60.6245858), (56.9359189, 60.6249549), (56.9356099, 60.6257874), (56.9349964, 60.6265599), (56.9342144, 60.6279418), (56.9339715, 60.6276868), (56.9338337, 60.6279625), (56.9340869, 60.6283108), (56.9340409, 60.6284138), (56.93431, 60.6287132), (56.9346381, 60.628769), (56.9346677, 60.6286536), (56.9348134, 60.6287591), (56.9354647, 60.6271198), (56.9360703, 60.6262077), (56.9364598, 60.6254582), (56.9367835, 60.624762), (56.9370131, 60.6242117)]",40715.003808330745,35
way/37334765,56.87225324375,60.4210583625,"[(56.8733148, 60.4210782), (56.8729865, 60.4209323), (56.8729677, 60.4206061), (56.8723579, 60.42028), (56.8722266, 60.4205375), (56.8712509, 60.419868), (56.8712134, 60.4200654), (56.8714291, 60.4207606), (56.8716543, 60.4211726), (56.8716261, 60.4216104), (56.87172, 60.4218249), (56.8718138, 60.4215589), (56.8720249, 60.4216876), (56.8729489, 60.4221082), (56.8732022, 60.4217649), (56.8733148, 60.4210782)]",16769.63261370361,20
way/37334823,56.87988561428572,60.41126964642857,"[(56.8786054, 60.4071136), (56.8787461, 60.4084868), (56.8788305, 60.4093366), (56.8787414, 60.4094825), (56.87914, 60.4118257), (56.8791353, 60.4122205), (56.8792901, 60.4130702), (56.8792338, 60.4133449), (56.8794355, 60.4141173), (56.8795434, 60.4143405), (56.8796981, 60.4147868), (56.8799795, 60.4148555), (56.8804157, 60.414495), (56.8804203, 60.4141688), (56.8814192, 60.4135938), (56.8813395, 60.4129415), (56.8810402, 60.4118934), (56.880988, 60.411683), (56.8808998, 60.4114104), (56.8811463, 60.4111743), (56.8809221, 60.4101005), (56.8804719, 60.4093881), (56.880139, 60.4096541), (56.8800405, 60.409431), (56.8799251, 60.4092234), (56.8795707, 60.4094766), (56.8790744, 60.4068217), (56.8786054, 60.4071136)]",76511.1577641815,70
way/37334830,56.881194900000004,60.40556408571428,"[(56.8807721, 60.4041953), (56.8811285, 60.4062209), (56.8814521, 60.4072251), (56.8817569, 60.4070621), (56.8814286, 60.4059377), (56.881054, 60.4041122), (56.8807721, 60.4041953)]",6937.623833157122,2
way/37334840,56.87977011428571,60.4052297,"[(56.8802937, 60.4042468), (56.8800592, 60.4042554), (56.8797966, 60.4044271), (56.8792057, 60.4052167), (56.8792191, 60.4052508), (56.8793267, 60.4055268), (56.8793571, 60.4056161), (56.8795293, 60.4060578), (56.8795293, 60.4062295), (56.8796794, 60.4062186), (56.8798903, 60.4056015), (56.8801718, 60.4053884), (56.8804297, 60.4049335), (56.8802937, 60.4042468)]",8639.603345767595,10
way/37334843,56.877863839999996,60.403530679999996,"[(56.876856, 60.4018929), (56.8773297, 60.4035001), (56.8775079, 60.403852), (56.8781209, 60.404753), (56.878852, 60.4054209), (56.8789225, 60.4050998), (56.8788117, 60.4046416), (56.8779582, 60.4026332), (56.8774235, 60.4016204), (56.876856, 60.4018929)]",19564.05850881338,10
way/37334854,56.877973053333335,60.40103587666667,"[(56.8789834, 60.40145), (56.8788192, 60.4010428), (56.8786985, 60.4008434), (56.8786551, 60.4009248), (56.8781688, 60.399974), (56.8771201, 60.3980653), (56.8769816, 60.3979591), (56.8766563, 60.3985924), (56.876659, 60.3995004), (56.8766872, 60.4016547), (56.877311, 60.4014401), (56.8774194, 60.4013412), (56.8768856, 60.3998557), (56.8767863, 60.3993616), (56.8769113, 60.3994705), (56.8771371, 60.3994056), (56.8773576, 60.3996349), (56.8776623, 60.4003438), (56.8774976, 60.400586), (56.877566, 60.4007778), (56.8774218, 60.4009452), (56.8774558, 60.4011755), (56.8780145, 60.40235), (56.8791119, 60.4050193), (56.8794777, 60.4044871), (56.8799983, 60.4040605), (56.8798839, 60.4034645), (56.8792391, 60.4032669), (56.8796418, 60.4026332), (56.8789834, 60.40145)]",53951.13620142639,45
way/37334864,56.8746493625,60.40041326875,"[(56.8760323, 60.40249), (56.8759416, 60.4022014), (56.8747625, 60.4000975), (56.8741296, 60.3988411), (56.8723157, 60.3943763), (56.871795, 60.3950458), (56.8728879, 60.3977838), (56.8731553, 60.3975692), (56.8741216, 60.4004188), (56.8746045, 60.4013635), (56.8744549, 60.4015783), (56.8752613, 60.4027362), (56.8762041, 60.4034314), (56.8763373, 60.4031633), (56.8763539, 60.4030257), (56.8760323, 60.40249)]",44969.52011820674,18
way/37334866,56.87453761111111,60.397799133333336,"[(56.8747631, 60.3969046), (56.8741825, 60.3953891), (56.8738167, 60.3957753), (56.8736572, 60.3953462), (56.8735446, 60.3954663), (56.8728223, 60.3935437), (56.8724057, 60.3942122), (56.8731533, 60.3961112), (56.8740272, 60.3982406), (56.8743405, 60.3989814), (56.8749122, 60.3999999), (56.8759696, 60.4017663), (56.876115, 60.4015689), (56.8759796, 60.4011761), (56.8758387, 60.4004093), (56.8755803, 60.3995175), (56.8758054, 60.3990712), (56.8747631, 60.3969046)]",51694.45030710101,48
way/37334903,56.87492475454546,60.39459930909091,"[(56.875932, 60.3982472), (56.8757022, 60.3975949), (56.8755568, 60.3966765), (56.8756178, 60.3961186), (56.8752707, 60.3957067), (56.8750362, 60.3950028), (56.8752754, 60.394711), (56.8750221, 60.39393), (56.8751769, 60.393724), (56.8747173, 60.3918443), (56.8746469, 60.3913636), (56.8743608, 60.3905053), (56.8741356, 60.3908057), (56.8739949, 60.3911147), (56.873873, 60.3914151), (56.8734602, 60.3918958), (56.8745765, 60.3949084), (56.8745672, 60.395741), (56.8748366, 60.396405), (56.8749513, 60.3966879), (56.8757022, 60.3985391), (56.875932, 60.3982472)]",39960.44112403691,35
way/37334912,56.87324580000001,60.38904824285714,"[(56.8739668, 60.3873038), (56.8739058, 60.3872609), (56.8735118, 60.3877931), (56.8736478, 60.3882823), (56.8729724, 60.3887029), (56.8722875, 60.3891492), (56.8719957, 60.3875804), (56.8718754, 60.3876872), (56.8717494, 60.3872403), (56.8714618, 60.3874546), (56.8722594, 60.3903937), (56.8723298, 60.3906426), (56.8728129, 60.392591), (56.8733852, 60.391664), (56.8738917, 60.3910031), (56.8741919, 60.3904109), (56.8742435, 60.3901362), (56.8746844, 60.3894238), (56.8745578, 60.3890204), (56.874464, 60.3889689), (56.8739668, 60.3873038)]",51419.65644756332,55
way/37334923,56.87163635555556,60.39258613888889,"[(56.8710257, 60.390883), (56.8707583, 60.391192), (56.8711093, 60.3924821), (56.8709766, 60.3929002), (56.8712026, 60.3938715), (56.871082, 60.3941789), (56.8711664, 60.3944449), (56.8715136, 60.3950028), (56.8719029, 60.3945308), (56.8723814, 60.3939214), (56.8726386, 60.3933959), (56.8726587, 60.3928795), (56.8724986, 60.39187), (56.8720718, 60.3902564), (56.8718841, 60.3904624), (56.8720999, 60.3913722), (56.8714582, 60.3920235), (56.8710257, 60.390883)]",32286.6005191952,15
way/37334925,56.8730365,60.392909522222226,"[(56.8731788, 60.3922305), (56.8728692, 60.3928313), (56.8728129, 60.3930459), (56.8728129, 60.3934236), (56.8730474, 60.3935008), (56.873085, 60.3933377), (56.8730287, 60.3931575), (56.8733148, 60.3924279), (56.8731788, 60.3922305)]",1974.808555431664,2
way/37738524,56.795829649999995,60.78882622857143,"[(56.7978668, 60.7871153), (56.7978447, 60.7867985), (56.7975183, 60.7865067), (56.7971968, 60.7862192), (56.7962613, 60.7872417), (56.7955335, 60.7874024), (56.7945122, 60.787633), (56.7943665, 60.7886801), (56.7941127, 60.7898217), (56.7938165, 60.7913409), (56.7936708, 60.7920876), (56.7936473, 60.7937184), (56.7974009, 60.7918864), (56.7978668, 60.7871153)]",136953.6146131605,162
way/38545338,56.77755358076923,60.841883342307696,"[(56.778026, 60.8504455), (56.7805078, 60.8435121), (56.784709, 60.8357061), (56.7838214, 60.8340428), (56.783413, 60.8349748), (56.7819755, 60.8349318), (56.7822111, 60.8324655), (56.7814652, 60.8314698), (56.7791679, 60.8385856), (56.7788418, 60.837842), (56.7784531, 60.8371209), (56.7762463, 60.8365339), (56.7757753, 60.838069), (56.7749561, 60.8394381), (56.7746385, 60.8406473), (56.7744008, 60.8404751), (56.7739419, 60.841609), (56.7735595, 60.8450499), (56.7735474, 60.8491716), (56.7736102, 60.8513119), (56.7741976, 60.8511967), (56.7750406, 60.8484356), (56.7754889, 60.8470375), (56.7757724, 60.8473311), (56.7745998, 60.8511178), (56.778026, 60.8504455)]",692211.9629696943,405
way/38917356,56.81211098181818,60.69193519090909,"[(56.8123884, 60.6918364), (56.8123627, 60.6916763), (56.8123032, 60.6915931), (56.812257, 60.6915904), (56.8121488, 60.6916391), (56.8120255, 60.6917249), (56.8119867, 60.6915167), (56.8112189, 60.6921194), (56.8116953, 60.6931404), (56.8124459, 60.692614), (56.8123884, 60.6918364)]",8350.358539071167,12
way/38919364,56.78123878571429,60.6971848,"[(56.7815674, 60.6974693), (56.7819985, 60.6978562), (56.7821073, 60.6973815), (56.7821112, 60.6971123), (56.7821203, 60.6965962), (56.7818719, 60.6955034), (56.7816748, 60.6957529), (56.7809479, 60.6957883), (56.7809494, 60.6955978), (56.7800959, 60.6956767), (56.7798488, 60.695791), (56.7799707, 60.701327), (56.7805115, 60.7012653), (56.7815674, 60.6974693)]",56088.64533506334,2512
way/39171600,56.81072387647059,60.58738284705883,"[(56.8107002, 60.5848388), (56.8104012, 60.5855978), (56.8102031, 60.585351), (56.8099711, 60.5859089), (56.8095721, 60.5870633), (56.8103029, 60.5879527), (56.8094252, 60.5902326), (56.8095225, 60.5911789), (56.8113979, 60.5904966), (56.8113435, 60.5897498), (56.8112686, 60.5895927), (56.8115183, 60.5889311), (56.811373, 60.5874707), (56.81198, 60.5858254), (56.811407, 60.5850157), (56.8112191, 60.5854636), (56.8107002, 60.5848388)]",64290.362632378936,472
way/40883984,56.864578457142855,60.566503978571426,"[(56.8656605, 60.5652967), (56.8635353, 60.5644499), (56.8634034, 60.5655177), (56.8628739, 60.5662609), (56.8626648, 60.5667316), (56.8649957, 60.5693841), (56.8652056, 60.5679293), (56.8650619, 60.5678382), (56.8645868, 60.5669852), (56.8646074, 60.5666097), (56.8651264, 60.5665292), (56.865144, 60.5662396), (56.8655722, 60.5659869), (56.8656605, 60.5652967)]",49118.738366529346,2
way/40883995,56.859703749999994,60.560381118181816,"[(56.8600326, 60.5625728), (56.8599945, 60.5598378), (56.8599855, 60.5591601), (56.8597617, 60.5592126), (56.8597438, 60.5590559), (56.8596286, 60.5577418), (56.8596636, 60.5575293), (56.8596488, 60.5572364), (56.8596051, 60.5570655), (56.8594951, 60.5554889), (56.8590196, 60.5554705), (56.859065, 60.5571049), (56.8592205, 60.5614792), (56.8592507, 60.5626307), (56.859646, 60.5626224), (56.8596502, 60.5632075), (56.8591338, 60.5632496), (56.859311, 60.5637577), (56.8597195, 60.564462), (56.8614082, 60.5643782), (56.8604661, 60.562548), (56.8600326, 60.5625728)]",51205.61433983315,10
way/40884004,56.864894883333335,60.5730972,"[(56.8656694, 60.5714805), (56.865081, 60.5724461), (56.8633583, 60.575273), (56.8636401, 60.5758478), (56.8659511, 60.5720553), (56.8656694, 60.5714805)]",16280.079440951347,100
way/41015100,56.76288184444444,60.66503004444444,"[(56.7634893, 60.6640161), (56.762995, 60.6647163), (56.7625676, 60.664391), (56.7621172, 60.6650583), (56.7620715, 60.6662594), (56.7624346, 60.6662051), (56.7630484, 60.6659302), (56.7637237, 60.6646779), (56.7634893, 60.6640161)]",14023.190371681005,18
way/41015104,56.76557714074074,60.664228018518514,"[(56.7644695, 60.6632781), (56.7648884, 60.6644896), (56.7651062, 60.6649066), (56.7654384, 60.6645613), (56.7656705, 60.6655648), (56.7655277, 60.6664966), (56.7654303, 60.6671382), (56.7657317, 60.6672908), (56.7663281, 60.6674471), (56.7667709, 60.6673103), (56.7670137, 60.6673624), (56.7669959, 60.6661374), (56.7669137, 60.664958), (56.7668721, 60.6645063), (56.7660138, 60.6642998), (56.7660053, 60.664106), (56.7659515, 60.6628823), (56.7655174, 60.6628402), (56.7654056, 60.6623592), (56.7653531, 60.662156), (56.7652888, 60.6611916), (56.7650511, 60.6608823), (56.7647735, 60.6613372), (56.7646983, 60.6620325), (56.7646653, 60.6626075), (56.7642325, 60.6627363), (56.7644695, 60.6632781)]",52805.48104470968,795
way/41015105,56.764395657142856,60.66629992857143,"[(56.764092, 60.6657806), (56.763452, 60.6656242), (56.7636143, 60.6665798), (56.764921, 60.6668802), (56.7652616, 60.6670527), (56.7653367, 60.6664014), (56.764092, 60.6657806)]",9748.014273911715,12
way/43083814,56.80968948571428,60.69292065714286,"[(56.809506, 60.6928637), (56.8094699, 60.6935212), (56.8095198, 60.6936496), (56.8101519, 60.692606), (56.8100677, 60.6923964), (56.8096051, 60.692544), (56.809506, 60.6928637)]",2853.2594016343355,10
way/44489325,56.809804525,60.65685264375,"[(56.8104245, 60.6563221), (56.8101861, 60.6562428), (56.8101655, 60.6564751), (56.8098078, 60.6563386), (56.809687, 60.656115), (56.8092037, 60.6559408), (56.8091703, 60.6565884), (56.8093006, 60.6566784), (56.8093181, 60.6568962), (56.809404, 60.6571373), (56.8095576, 60.6574037), (56.8097145, 60.6580744), (56.8100363, 60.6581173), (56.8101302, 60.657774), (56.8103417, 60.6572161), (56.8104245, 60.6563221)]",11010.174564383924,5
way/45188770,56.87987528333333,60.435996366666664,"[(56.87952, 60.4360497), (56.8796589, 60.4367714), (56.880576, 60.4359662), (56.8803802, 60.4352576), (56.8795966, 60.4358836), (56.87952, 60.4360497)]",5501.136297345161,5
way/45188771,56.87949267142857,60.437574285714284,"[(56.8791758, 60.4375327), (56.8792638, 60.4378331), (56.879422, 60.4383802), (56.8801295, 60.4377602), (56.8799008, 60.4367488), (56.879381, 60.4372323), (56.8791758, 60.4375327)]",5842.544437885284,5
way/45979193,56.83962436,60.546128573333334,"[(56.8392962, 60.5488031), (56.8394899, 60.5488567), (56.8397261, 60.5486342), (56.8399931, 60.5484678), (56.8399946, 60.5473869), (56.8399886, 60.5463087), (56.8398489, 60.5424103), (56.839639, 60.5424228), (56.8396366, 60.5418508), (56.8393549, 60.5419045), (56.8393944, 60.5459004), (56.8396704, 60.5459254), (56.8396513, 60.5471117), (56.8393852, 60.5471422), (56.8392962, 60.5488031)]",23347.152869968675,288
way/45981569,56.83526319,60.58731451,"[(56.8347435, 60.5878108), (56.8350375, 60.5877113), (56.8350897, 60.5877718), (56.8351246, 60.5880742), (56.8360316, 60.587732), (56.8359829, 60.5872147), (56.8357297, 60.5870733), (56.8355948, 60.5857828), (56.8345541, 60.5861634), (56.8347435, 60.5878108)]",14938.209688529372,32
way/46149278,56.84856564583333,60.3856101375,"[(56.8464975, 60.3834546), (56.8464389, 60.3836907), (56.8465191, 60.3837745), (56.8468261, 60.3842915), (56.8466501, 60.3848708), (56.8473072, 60.3851713), (56.8484807, 60.3867162), (56.8483868, 60.3874458), (56.8492317, 60.3881968), (56.8495837, 60.3877676), (56.849572, 60.3875101), (56.8493842, 60.3873599), (56.8492434, 60.3866947), (56.8493255, 60.3862227), (56.8495485, 60.3860505), (56.8495837, 60.3855789), (56.8499474, 60.3855575), (56.8500178, 60.3862227), (56.8501, 60.3862871), (56.850229, 60.3856219), (56.8508275, 60.3855146), (56.8481052, 60.3836907), (56.847272, 60.3834976), (56.8464975, 60.3834546)]",54464.97785124928,2
way/46149289,56.854920408333335,60.37825484583333,"[(56.8549974, 60.3848061), (56.8555496, 60.3788782), (56.8570334, 60.3779073), (56.857315, 60.3779931), (56.8575708, 60.3762428), (56.8569409, 60.3761589), (56.8566433, 60.3729555), (56.856532, 60.3728431), (56.8549563, 60.3738064), (56.8549622, 60.3742628), (56.8550859, 60.3747316), (56.8549605, 60.3757621), (56.854687, 60.3760834), (56.8538306, 60.3764482), (56.853901, 60.3774567), (56.8519955, 60.3786085), (56.8518636, 60.3810452), (56.8523988, 60.3813421), (56.8536845, 60.3793008), (56.8539509, 60.3788777), (56.8549569, 60.3798599), (56.8546893, 60.3833732), (56.854587, 60.3845666), (56.8549974, 60.3848061)]",147077.0254375413,82
way/47026907,56.787858740000004,60.527163599999994,"[(56.7868846, 60.5266719), (56.788441, 60.5295071), (56.7893413, 60.5279096), (56.7877422, 60.5250575), (56.7868846, 60.5266719)]",34254.89686381817,625
way/49891261,56.77761500425532,60.82642876382978,"[(56.7761136, 60.8175237), (56.7761193, 60.8176526), (56.7761269, 60.817819), (56.7761667, 60.8182128), (56.7765958, 60.8209808), (56.7770132, 60.8244998), (56.7753729, 60.8252751), (56.7756418, 60.827088), (56.7758699, 60.8287839), (56.7759644, 60.8297753), (56.7759885, 60.8308702), (56.7759735, 60.8316842), (56.7759117, 60.832307), (56.7752383, 60.8355208), (56.7757161, 60.8359268), (56.7762085, 60.8362329), (56.7784081, 60.8368797), (56.7784868, 60.8369032), (56.7784964, 60.8367311), (56.7785467, 60.8364012), (56.7785208, 60.8359728), (56.7786979, 60.8347947), (56.7785628, 60.8336181), (56.7784408, 60.8321499), (56.7787029, 60.8305853), (56.7787774, 60.8296753), (56.7796432, 60.8280501), (56.7795957, 60.8274612), (56.7781794, 60.8279648), (56.7776959, 60.8241641), (56.778853, 60.8237073), (56.7788999, 60.8236742), (56.7789671, 60.8238045), (56.778933, 60.8239332), (56.7791554, 60.8246719), (56.7798273, 60.8239175), (56.7795916, 60.8232227), (56.7794623, 60.8233139), (56.7792125, 60.8225951), (56.779389, 60.8222405), (56.7789207, 60.8211896), (56.7779052, 60.81702), (56.7771091, 60.8176067), (56.7764675, 60.8173784), (56.7761634, 60.8173208), (56.7761587, 60.8175275), (56.7761136, 60.8175237)]",335127.9249869576,468
way/49891503,56.785687323529416,60.74142512647059,"[(56.7846665, 60.7450817), (56.7866998, 60.7455378), (56.7867427, 60.745179), (56.7867485, 60.744614), (56.7867115, 60.7441805), (56.7865869, 60.7436404), (56.7865831, 60.7430541), (56.7865694, 60.7426524), (56.7864282, 60.7419576), (56.7864053, 60.7415601), (56.7863152, 60.7415732), (56.7861157, 60.7427446), (56.785136, 60.7424989), (56.7853562, 60.7402298), (56.786319, 60.7406734), (56.7863904, 60.739906), (56.7862794, 60.739739), (56.7864312, 60.7395684), (56.7865033, 60.7392359), (56.7863754, 60.7391856), (56.7864577, 60.7387672), (56.7857377, 60.7383834), (56.7859934, 60.7370506), (56.7852851, 60.7363245), (56.7847005, 60.7379411), (56.7846231, 60.7384412), (56.7846142, 60.7387435), (56.784466, 60.7395531), (56.7841574, 60.7413332), (56.7841662, 60.7419887), (56.7841833, 60.7429085), (56.7844097, 60.744281), (56.7845445, 60.7448442), (56.7846665, 60.7450817)]",96925.21943318099,495
way/50232856,56.754140953333334,60.825905580000004,"[(56.7529342, 60.8243395), (56.7534106, 60.8248277), (56.7532812, 60.825686), (56.753393, 60.8259649), (56.75404, 60.8264692), (56.7540988, 60.8265765), (56.7540988, 60.8269305), (56.7544223, 60.8273168), (56.7550046, 60.8279069), (56.755431, 60.8267589), (56.7551811, 60.8265014), (56.7552634, 60.8262117), (56.7553046, 60.8254607), (56.7533165, 60.8232935), (56.7529342, 60.8243395)]",36578.886016726494,25
way/50303110,56.792571450000004,60.799287496153845,"[(56.7938373, 60.7954461), (56.792242, 60.7961757), (56.7908259, 60.7964869), (56.7902647, 60.7966371), (56.79025, 60.7976027), (56.7889319, 60.7975326), (56.7889315, 60.7982544), (56.7892765, 60.7982729), (56.7890775, 60.8008294), (56.7895923, 60.8008108), (56.7897718, 60.8014476), (56.7909089, 60.8015171), (56.7931746, 60.8024183), (56.7937575, 60.8025299), (56.7941147, 60.8027015), (56.7946976, 60.8027616), (56.7960411, 60.8028069), (56.7962134, 60.8017947), (56.794942, 60.800251), (56.794437, 60.7996476), (56.7939251, 60.7990366), (56.793781, 60.7987662), (56.7938439, 60.7982677), (56.7949051, 60.7991465), (56.7952771, 60.794887), (56.7938373, 60.7954461)]",238349.6761753764,240
way/50336955,56.818885477777776,60.62657070555555,"[(56.817961, 60.6278281), (56.8184135, 60.6278185), (56.8184559, 60.6278176), (56.8184946, 60.6278178), (56.8185137, 60.627911), (56.8190563, 60.6278929), (56.8190953, 60.6277765), (56.8199522, 60.6277237), (56.8200629, 60.6275427), (56.8199246, 60.6261262), (56.8198426, 60.6251085), (56.8190032, 60.6251527), (56.8189816, 60.6243869), (56.8189468, 60.6243819), (56.8187585, 60.6243919), (56.8184107, 60.6247043), (56.8181042, 60.6260634), (56.817961, 60.6278281)]",36603.927198764504,1180
way/50532928,56.834142199999995,60.63067562857143,"[(56.8343609, 60.6300037), (56.8339375, 60.6301711), (56.8338003, 60.6302253), (56.8339546, 60.631529), (56.8340661, 60.6314892), (56.8345151, 60.6313074), (56.8343609, 60.6300037)]",5207.965532604605,490
way/51252932,56.752574556249996,60.8370233875,"[(56.7534426, 60.8348863), (56.7529381, 60.8357829), (56.7525595, 60.8363734), (56.7521852, 60.8368773), (56.7515734, 60.8377356), (56.7504793, 60.839023), (56.7507146, 60.8397955), (56.7507264, 60.8405251), (56.7514793, 60.8397526), (56.7523617, 60.8387441), (56.7530322, 60.837757), (56.7538439, 60.8363838), (56.7544439, 60.8351178), (56.7540557, 60.8344311), (56.7539145, 60.8343024), (56.7534426, 60.8348863)]",48375.707492634654,260
way/52513343,56.84362400909092,60.56721560909091,"[(56.8432115, 60.565314), (56.843451, 60.5675292), (56.8434759, 60.5677523), (56.8435112, 60.5684164), (56.8435173, 60.5685576), (56.8437441, 60.5685104), (56.8441195, 60.5683307), (56.8440167, 60.567525), (56.8439472, 60.5671011), (56.8436582, 60.565021), (56.8432115, 60.565314)]",12088.007148575038,202
way/52513345,56.845358736363636,60.56734102727273,"[(56.8453441, 60.5667446), (56.8449192, 60.5669713), (56.8448133, 60.5670349), (56.844862, 60.5675566), (56.8451986, 60.5694749), (56.8454704, 60.5694636), (56.8462368, 60.5691209), (56.8459103, 60.5670021), (56.8456641, 60.5651798), (56.8451832, 60.565458), (56.8453441, 60.5667446)]",24148.441670143045,20
way/52513346,56.844803885714285,60.56308932857143,"[(56.8452944, 60.5624051), (56.8447449, 60.5626424), (56.8442577, 60.5628636), (56.8441865, 60.562972), (56.8443787, 60.56443), (56.8454706, 60.5639071), (56.8452944, 60.5624051)]",12035.335346698761,40
way/52513348,56.846676085714286,60.56545741428572,"[(56.845934, 60.5650441), (56.8461468, 60.566686), (56.846401, 60.5665034), (56.8472971, 60.5660943), (56.8475205, 60.566012), (56.8475129, 60.5658027), (56.8472483, 60.5648712), (56.8471303, 60.5650925), (56.8468098, 60.5653803), (56.846547, 60.5655844), (56.8464172, 60.5647349), (56.8463332, 60.5647453), (56.8462331, 60.5648086), (56.845934, 60.5650441)]",11807.752674225718,20
way/52513351,56.8439395,60.56366453,"[(56.8440948, 60.5630348), (56.8439575, 60.5630995), (56.8439273, 60.5631442), (56.8439672, 60.563582), (56.8438455, 60.5636326), (56.8438648, 60.563808), (56.8436176, 60.563914), (56.8437259, 60.5648161), (56.8442996, 60.5645793), (56.8440948, 60.5630348)]",4656.870771259069,142
way/52513352,56.8441004,60.56553815714285,"[(56.8437267, 60.5649621), (56.8439227, 60.5664528), (56.8442785, 60.5663319), (56.844214, 60.5657943), (56.844496, 60.5655734), (56.8443382, 60.5646905), (56.8437267, 60.5649621)]",5733.710041865706,75
way/56632555,56.74474038461538,60.61182410769231,"[(56.7456879, 60.6114099), (56.7447861, 60.6104092), (56.7446874, 60.6104728), (56.744334, 60.611295), (56.743998, 60.6121208), (56.7443732, 60.6125443), (56.7444642, 60.6121761), (56.7445002, 60.6120752), (56.7446261, 60.6122414), (56.744598, 60.6123248), (56.7447131, 60.6125094), (56.7451689, 60.6127246), (56.7456879, 60.6114099)]",14771.84284273535,738
way/56632581,56.74696046923077,60.61380857692307,"[(56.746248, 60.6120319), (56.7460634, 60.6126737), (56.7463823, 60.6130983), (56.7462268, 60.6134735), (56.7463789, 60.6136798), (56.7465187, 60.6138434), (56.7467305, 60.6140633), (56.7475569, 60.6150427), (56.7475834, 60.6150741), (56.747759, 60.6146444), (56.7483043, 60.6152174), (56.7484859, 60.6146371), (56.746248, 60.6120319)]",18760.55373455584,52
way/56632636,56.750910028571425,60.61615737142857,"[(56.7502163, 60.615057), (56.7499991, 60.6158492), (56.7519351, 60.617897), (56.752046, 60.6173998), (56.7510434, 60.6160767), (56.750914, 60.6157649), (56.7502163, 60.615057)]",11396.847892343998,25
way/56632638,56.74945868571429,60.617246328571426,"[(56.7478387, 60.6173003), (56.748612, 60.6181518), (56.7501605, 60.6196211), (56.7502216, 60.6195692), (56.7507018, 60.6180297), (56.7506775, 60.6178996), (56.7503587, 60.6175046), (56.7503828, 60.617408), (56.7500106, 60.6169688), (56.7502116, 60.6163312), (56.7485432, 60.6147156), (56.7483674, 60.6152641), (56.7484965, 60.6153843), (56.7478387, 60.6173003)]",48791.33235650882,675
way/56670437,56.74884870526316,60.7061388,"[(56.7493992, 60.7066644), (56.7493767, 60.7063068), (56.7493334, 60.7056397), (56.7493138, 60.7051793), (56.7492847, 60.7051821), (56.7492336, 60.705186), (56.7489219, 60.7051811), (56.7488433, 60.7051799), (56.7488057, 60.7051793), (56.7486623, 60.7054697), (56.7479851, 60.7068412), (56.7480225, 60.7069604), (56.7480437, 60.7069558), (56.7482931, 60.7069022), (56.7485051, 60.7068566), (56.748676, 60.7068083), (56.7488318, 60.7067715), (56.7491943, 60.7067085), (56.7493992, 60.7066644)]",10594.262514201284,1138
way/56671103,56.74532508421053,60.699229026315784,"[(56.7446324, 60.7012336), (56.7449798, 60.7012288), (56.7462382, 60.7017609), (56.7463771, 60.7009659), (56.74738, 60.7008592), (56.7472463, 60.6953445), (56.7472285, 60.6951351), (56.7463221, 60.6941617), (56.7462401, 60.6942768), (56.7456046, 60.6960942), (56.7449276, 60.6979431), (56.744488, 60.6991881), (56.744369, 60.6994966), (56.7440885, 60.7003208), (56.7437878, 60.7013631), (56.7439764, 60.7016531), (56.7441285, 60.7017577), (56.7445293, 60.7013347), (56.7446324, 60.7012336)]",108549.63761591027,175
way/56671108,56.747320145454545,60.695362418181816,"[(56.7465759, 60.6934572), (56.7464356, 60.6937921), (56.7468894, 60.6943321), (56.7474049, 60.6947648), (56.7474113, 60.6953275), (56.7476319, 60.6998111), (56.7483716, 60.6996965), (56.7480271, 60.6959411), (56.7476177, 60.6946622), (56.7475803, 60.6937448), (56.7465759, 60.6934572)]",26968.674849316478,105
way/56671149,56.74490095,60.6904358375,"[(56.7441922, 60.6912111), (56.74434, 60.6913517), (56.7449754, 60.6921636), (56.7459273, 60.6894041), (56.7454331, 60.6890609), (56.7451044, 60.6896205), (56.745043, 60.6894637), (56.7441922, 60.6912111)]",16280.393788963556,72
way/57008853,56.782143825,60.741915562500004,"[(56.7814223, 60.7409856), (56.7810827, 60.7421445), (56.7818703, 60.7428487), (56.7831484, 60.7431116), (56.7832117, 60.7426158), (56.7831501, 60.7414349), (56.7818428, 60.7411978), (56.7814223, 60.7409856)]",21239.635808706284,20
way/57008865,56.78169055714285,60.74352471428572,"[(56.7809876, 60.7424597), (56.7807176, 60.7434567), (56.7814522, 60.744236), (56.782719, 60.7454798), (56.783185, 60.7434338), (56.7817849, 60.7431473), (56.7809876, 60.7424597)]",23247.754509985447,18
way/58510803,56.73383916,60.610798380000006,"[(56.7337992, 60.6115509), (56.7347046, 60.6103781), (56.7345349, 60.6099378), (56.7342415, 60.6096609), (56.7335167, 60.6105615), (56.7334332, 60.6103308), (56.7330866, 60.6107493), (56.7335003, 60.6117878), (56.7337754, 60.6114758), (56.7337992, 60.6115509)]",10973.115375511348,20
way/58510806,56.735991184615386,60.61488089230769,"[(56.7363004, 60.6133711), (56.7360423, 60.6134625), (56.7356141, 60.6140257), (56.7350403, 60.6147627), (56.7353262, 60.6156158), (56.7352988, 60.6161042), (56.7355366, 60.6167598), (56.7362473, 60.616097), (56.7366049, 60.61555), (56.7363996, 60.6150536), (56.7364632, 60.6147969), (56.7367113, 60.6144812), (56.7363004, 60.6133711)]",22215.437789425254,38
way/58516959,56.70074572857143,60.55956568571428,"[(56.7002569, 60.5518766), (56.6967168, 60.5571068), (56.6995207, 60.5621044), (56.701658, 60.5657939), (56.7020938, 60.5665839), (56.704717, 60.5616176), (56.7002569, 60.5518766)]",373802.6404260397,248
way/59190883,56.666506177777784,60.57879485555556,"[(56.6678897, 60.5747296), (56.665661, 60.5771946), (56.6655061, 60.5782164), (56.6655649, 60.5785298), (56.6652352, 60.5809789), (56.6652449, 60.5812852), (56.6660012, 60.5837228), (56.6695629, 60.5797668), (56.6678897, 60.5747296)]",150641.38608264923,62
way/59475508,56.73891538181818,60.655255090909094,"[(56.736412, 60.6518785), (56.7362524, 60.6521308), (56.7361627, 60.6526795), (56.7359661, 60.6531262), (56.7358802, 60.6539096), (56.7381916, 60.6546734), (56.7386097, 60.6548218), (56.7388519, 60.6560602), (56.7392167, 60.6571212), (56.7394983, 60.6576151), (56.7400225, 60.6571647), (56.7404877, 60.6577317), (56.7403595, 60.6580672), (56.7420749, 60.65967), (56.7422681, 60.6591707), (56.7422283, 60.6579452), (56.7418965, 60.6561411), (56.7403206, 60.6546926), (56.7392261, 60.6535553), (56.7387488, 60.6531313), (56.7370518, 60.6524474), (56.736412, 60.6518785)]",110471.33017328382,130
way/61722980,56.7843283,60.648793966666666,"[(56.7846069, 60.6480313), (56.7844523, 60.6482166), (56.7846039, 60.6485468), (56.784132, 60.6491876), (56.7840048, 60.6488843), (56.7836359, 60.6493255), (56.7839807, 60.6501665), (56.7849313, 60.6487558), (56.7846069, 60.6480313)]",6489.474735662341,195
way/68706219,56.77969464499999,60.674210255000006,"[(56.7791244, 60.6759656), (56.7793847, 60.6763202), (56.7796386, 60.6743314), (56.7798974, 60.6737375), (56.7799751, 60.6737577), (56.7801193, 60.673454), (56.7802931, 60.673643), (56.7804875, 60.6731264), (56.7807072, 60.6725429), (56.7806628, 60.6723066), (56.7809586, 60.6714765), (56.7808072, 60.6710679), (56.7800268, 60.6723876), (56.7790987, 60.6742167), (56.778364, 60.6758839), (56.7785757, 60.6761884), (56.7786596, 60.6763001), (56.7789469, 60.6756975), (56.7790409, 60.6758356), (56.7791244, 60.6759656)]",23142.36889420636,45
way/73212980,56.77257868235294,60.81206641176471,"[(56.7733021, 60.8103533), (56.7721977, 60.8104597), (56.7721395, 60.8098441), (56.7718872, 60.8099992), (56.7719094, 60.8105114), (56.7719911, 60.8114798), (56.7720495, 60.8120298), (56.7720926, 60.8125929), (56.772152, 60.8132796), (56.7722244, 60.8135828), (56.772385, 60.8139958), (56.7725261, 60.8145268), (56.7734668, 60.8140976), (56.7734903, 60.813926), (56.7733844, 60.8126171), (56.7733374, 60.8114798), (56.7733021, 60.8103533)]",35128.22300723195,1425
way/73212986,56.775894627272734,60.822849863636364,"[(56.7764724, 60.8211524), (56.7756979, 60.821426), (56.7748469, 60.8217479), (56.7751806, 60.8239661), (56.775443, 60.8238101), (56.7753611, 60.8233272), (56.7759579, 60.8229847), (56.7761255, 60.8228905), (56.776417, 60.8245737), (56.7768662, 60.8243175), (56.7764724, 60.8211524)]",25298.632093697786,512
way/73222592,56.77538007142857,60.818695428571424,"[(56.7759325, 60.8176437), (56.7754201, 60.8176763), (56.7749087, 60.8176656), (56.7742385, 60.8177192), (56.7748381, 60.8215494), (56.7763901, 60.8209701), (56.7759325, 60.8176437)]",40777.98137714248,660
way/73482174,56.9065204125,60.6398195125,"[(56.9071683, 60.6386217), (56.9062, 60.6396906), (56.9060294, 60.6397086), (56.9059577, 60.6395248), (56.9055912, 60.6399383), (56.90629, 60.6420356), (56.9077584, 60.6404148), (56.9071683, 60.6386217)]",25558.71500596404,1430
way/73482201,56.901162428571425,60.63802197142858,"[(56.9012042, 60.6371474), (56.901033, 60.6373843), (56.9009574, 60.6373049), (56.9005122, 60.6378521), (56.9012686, 60.6400666), (56.9019574, 60.6392511), (56.9012042, 60.6371474)]",14120.94471963495,390
way/73482204,56.9029378,60.63999394,"[(56.9028212, 60.6386864), (56.9022217, 60.6394051), (56.903105, 60.6419697), (56.9037199, 60.6412221), (56.9028212, 60.6386864)]",14938.627859175205,715
way/73482205,56.903792380000006,60.642904539999996,"[(56.9032212, 60.6421769), (56.9040385, 60.6446563), (56.9046504, 60.644003), (56.9038306, 60.6415096), (56.9032212, 60.6421769)]",13968.825583934784,812
way/73482249,56.90206055714286,60.6408076,"[(56.9020773, 60.6395025), (56.9016688, 60.6400764), (56.9018846, 60.6406979), (56.9016023, 60.6409989), (56.9021954, 60.6428827), (56.9029182, 60.6419923), (56.9020773, 60.6395025)]",15025.798401623964,780
way/73482266,56.9021217,60.63773521428572,"[(56.9027116, 60.6384321), (56.9022116, 60.6370023), (56.9019527, 60.6373059), (56.9017373, 60.6367304), (56.9014058, 60.6371192), (56.9021213, 60.6391245), (56.9027116, 60.6384321)]",10007.768638759851,455
way/73482269,56.90786419999999,60.638388799999994,"[(56.9083389, 60.638659), (56.9077673, 60.6369262), (56.9070906, 60.6376964), (56.9077853, 60.6400034), (56.9083389, 60.638659)]",12971.19620525837,618
way/74017982,56.89752082857143,60.61960238571429,"[(56.8971679, 60.62158), (56.8983217, 60.6202749), (56.8978197, 60.6188168), (56.8980964, 60.6185034), (56.8977476, 60.6174238), (56.8963246, 60.6190378), (56.8971679, 60.62158)]",29965.11092314124,12
way/76701505,56.82441928055555,60.41043716666666,"[(56.8282485, 60.4040432), (56.8277263, 60.4038641), (56.8269729, 60.403567), (56.8269847, 60.4033363), (56.8253218, 60.4027569), (56.8241021, 60.4026604), (56.8236703, 60.4024251), (56.8233969, 60.4029919), (56.8233307, 60.4031864), (56.8231332, 60.4034934), (56.8222465, 60.4055952), (56.821995, 60.406183), (56.8202958, 60.4101553), (56.8206033, 60.4106155), (56.82161, 60.4121325), (56.82167, 60.4119703), (56.821579, 60.4118523), (56.8218755, 60.4111522), (56.8226344, 60.4122788), (56.8228908, 60.4127578), (56.8230374, 60.4132985), (56.8231443, 60.4140814), (56.8231801, 60.4153129), (56.8231302, 60.4164028), (56.8229771, 60.4176879), (56.8226616, 60.4203476), (56.8245782, 60.4210672), (56.8265784, 60.4218183), (56.8267095, 60.4203407), (56.8271503, 60.4153716), (56.8274665, 60.4120077), (56.8274787, 60.4118658), (56.827485, 60.4117452), (56.8274864, 60.4116994), (56.8274942, 60.4116302), (56.8282485, 60.4040432)]",630858.372344967,870
way/77148566,56.63650216,60.56962754,"[(56.6369858, 60.5692609), (56.6362743, 60.568461), (56.6357876, 60.5702118), (56.6364773, 60.5709431), (56.6369858, 60.5692609)]",10820.42173498869,22
way/77148656,56.637392039999995,60.57097814,"[(56.636572, 60.5709832), (56.6381477, 60.572463), (56.6385978, 60.5711217), (56.6370707, 60.5693396), (56.636572, 60.5709832)]",21107.384379148483,40
way/77148658,56.63962925999999,60.572942620000006,"[(56.6405366, 60.573349), (56.6386296, 60.5711715), (56.6382231, 60.5724793), (56.6402204, 60.5743643), (56.6405366, 60.573349)]",20507.88881444931,32
way/78336957,56.91889355625,60.484080481250004,"[(56.9191129, 60.4826876), (56.9188154, 60.4834132), (56.9185987, 60.4838302), (56.9183192, 60.4845707), (56.9183219, 60.4850979), (56.9184905, 60.4853199), (56.9187143, 60.4848421), (56.9187643, 60.484905), (56.918884, 60.4846124), (56.918974, 60.4847322), (56.9191694, 60.4842175), (56.919135, 60.4841503), (56.9192937, 60.483671), (56.9191994, 60.4834935), (56.9193913, 60.4830566), (56.9191129, 60.4826876)]",8396.538415022194,2
way/82878308,56.80098345555555,60.49118507777777,"[(56.7994384, 60.4910455), (56.7996845, 60.491321), (56.799891, 60.4915321), (56.8004083, 60.4920834), (56.800349, 60.4928367), (56.8003456, 60.4928802), (56.8003007, 60.4934463), (56.8021959, 60.4937866), (56.8022578, 60.4930831), (56.8023922, 60.4914384), (56.8024562, 60.4906547), (56.8024699, 60.4904867), (56.802508, 60.4899279), (56.8020516, 60.4897987), (56.8007454, 60.4888825), (56.8005202, 60.4886694), (56.8002491, 60.4884127), (56.7994384, 60.4910455)]",71373.6264443621,45
way/83074107,56.83948181666667,60.5402321,"[(56.839442, 60.5404393), (56.8397725, 60.5404031), (56.8394879, 60.5397352), (56.8393808, 60.5399417), (56.8393657, 60.540434), (56.839442, 60.5404393)]",1137.1155724613927,10
way/83074415,56.838233522222225,60.5381521,"[(56.8381376, 60.5359336), (56.8369222, 60.5359406), (56.8367586, 60.5400274), (56.8378831, 60.540142), (56.8392154, 60.5402367), (56.8392169, 60.5391083), (56.8391659, 60.5387449), (56.8386644, 60.5373018), (56.8381376, 60.5359336)]",57383.25662146928,992
way/83074416,56.8361927625,60.5315097125,"[(56.83663, 60.5295446), (56.8366336, 60.5288016), (56.8360753, 60.5286578), (56.8358415, 60.5287181), (56.8355672, 60.5355427), (56.8355967, 60.5355949), (56.8365678, 60.5356734), (56.83663, 60.5295446)]",42321.86056172475,150
way/83252599,56.88994594705883,60.49361624705882,"[(56.8876062, 60.4899341), (56.8876541, 60.4907438), (56.8876741, 60.4919137), (56.8880447, 60.4966096), (56.8890303, 60.4963673), (56.8891422, 60.4973006), (56.8894387, 60.4971815), (56.8895873, 60.4981411), (56.8911833, 60.4966478), (56.891907, 60.4962962), (56.8928339, 60.4960411), (56.8926961, 60.4942969), (56.8925608, 60.4924748), (56.8922985, 60.4888143), (56.8906979, 60.4892018), (56.8891198, 60.4895775), (56.8876062, 60.4899341)]",243337.37646524608,710
way/83252602,56.888251028571425,60.482494621428565,"[(56.8873238, 60.4781752), (56.8871446, 60.479958), (56.8870053, 60.4800263), (56.8869237, 60.4803283), (56.8873189, 60.4856343), (56.8874721, 60.4876368), (56.887479, 60.4879629), (56.8875951, 60.4896741), (56.8906876, 60.4889346), (56.8902843, 60.4833411), (56.8899086, 60.4786424), (56.8895804, 60.4787389), (56.8894672, 60.4776966), (56.8873238, 60.4781752)]",233547.75976300985,575
way/83252606,56.8909863625,60.47810508125,"[(56.8905532, 60.4849295), (56.8919896, 60.4845677), (56.8919121, 60.4837007), (56.8919883, 60.4836768), (56.8918865, 60.4826001), (56.8917327, 60.4806176), (56.8912398, 60.473757), (56.8912078, 60.4730727), (56.8908509, 60.4730248), (56.8907278, 60.4724474), (56.8905063, 60.4724485), (56.8904284, 60.4728432), (56.8903074, 60.4739321), (56.8897665, 60.4740407), (56.8901313, 60.479093), (56.8905532, 60.4849295)]",115936.44480873877,435
way/83252610,56.891625420000004,60.48760728,"[(56.8921596, 60.4868003), (56.8907089, 60.4870988), (56.8908345, 60.488867), (56.8922645, 60.48847), (56.8921596, 60.4868003)]",17076.25218397379,68
way/83459092,56.818401566666665,60.6740292,"[(56.8181798, 60.6730854), (56.8178122, 60.675169), (56.8185478, 60.6755896), (56.819076, 60.6738582), (56.8186138, 60.6733876), (56.8181798, 60.6730854)]",12620.501770913601,5
way/83673247,56.75793847777778,60.5893439,"[(56.7585873, 60.5906175), (56.7587755, 60.5891584), (56.7578698, 60.5885468), (56.7577992, 60.5885147), (56.7576114, 60.5884338), (56.7574875, 60.5887292), (56.7574173, 60.5889884), (56.757311, 60.5904888), (56.7585873, 60.5906175)]",16333.320239994675,40
way/83673248,56.75949318888889,60.590611911111104,"[(56.7608297, 60.5905758), (56.759069, 60.5893954), (56.7590089, 60.5896502), (56.758836, 60.5895535), (56.7586204, 60.5911531), (56.7586157, 60.5913645), (56.7587349, 60.5920941), (56.7608944, 60.5911448), (56.7608297, 60.5905758)]",25121.977726072073,80
way/84832323,56.82298732,60.52746648,"[(56.8228755, 60.5282598), (56.8235355, 60.5274311), (56.8231597, 60.5263046), (56.8224904, 60.5270771), (56.8228755, 60.5282598)]",7288.998854160309,32
way/84832325,56.824325720000004,60.52837528,"[(56.8237351, 60.5275706), (56.8245864, 60.530285), (56.8252263, 60.5295662), (56.8243457, 60.526884), (56.8237351, 60.5275706)]",15608.39317792654,70
way/84832326,56.8256072375,60.5307429875,"[(56.8257781, 60.5296627), (56.8253144, 60.5297056), (56.8239053, 60.5313793), (56.824378, 60.5326802), (56.8255667, 60.5313258), (56.8270225, 60.5316228), (56.8271148, 60.5299048), (56.8257781, 60.5296627)]",35547.739624824375,260
way/84832328,56.821592439999996,60.526675999999995,"[(56.8218689, 60.52566), (56.8207466, 60.5268437), (56.8211987, 60.5282143), (56.8222791, 60.527002), (56.8218689, 60.52566)]",13669.393017172813,122
way/84832329,56.823428050000004,60.5252415625,"[(56.8232008, 60.5259827), (56.8239081, 60.5251643), (56.8237444, 60.524674), (56.8235565, 60.5246482), (56.8233417, 60.5248562), (56.8234239, 60.5251137), (56.8230482, 60.5255107), (56.8232008, 60.5259827)]",3611.813461858779,10
way/84832331,56.824952611111115,60.52570182222222,"[(56.823647, 60.5273346), (56.8249445, 60.5258647), (56.8259283, 60.5257331), (56.8259485, 60.5251032), (56.8260689, 60.5250764), (56.8260927, 60.5246053), (56.8250371, 60.5241101), (56.8232595, 60.5261544), (56.823647, 60.5273346)]",27168.66907259077,110
way/84832332,56.825884654545455,60.52804495454546,"[(56.8259417, 60.5259074), (56.8250339, 60.5260294), (56.8244513, 60.5267981), (56.8253717, 60.5293611), (56.8257395, 60.5294165), (56.8268407, 60.5295983), (56.8268817, 60.529223), (56.8264496, 60.5290771), (56.8260237, 60.5289542), (56.8260557, 60.528222), (56.8259417, 60.5259074)]",29006.120960593224,240
way/84832333,56.820634240000004,60.52370372,"[(56.8209282, 60.5226763), (56.8197848, 60.5239444), (56.8201888, 60.5252103), (56.8213412, 60.5240113), (56.8209282, 60.5226763)]",13577.350808501244,60
way/84832334,56.82113723333333,60.52499695,"[(56.8213853, 60.5241752), (56.8213388, 60.5241633), (56.820252, 60.5253524), (56.820682, 60.5266479), (56.82178, 60.5254677), (56.8213853, 60.5241752)]",13353.535828300752,108
way/84832336,56.819730975,60.5230452125,"[(56.819725, 60.5237726), (56.8207712, 60.5226312), (56.8193551, 60.5222813), (56.8193257, 60.5224744), (56.8195077, 60.5230108), (56.8198365, 60.5230752), (56.8196016, 60.5233436), (56.819725, 60.5237726)]",6708.274756513536,30
way/84832337,56.822070599999996,60.5282051,"[(56.8223463, 60.5272202), (56.8212457, 60.5284504), (56.8216567, 60.5296842), (56.822758, 60.5284505), (56.8223463, 60.5272202)]",12669.055539727211,175
way/84832338,56.81809235,60.52690713333333,"[(56.8178343, 60.5277637), (56.818028, 60.5275706), (56.8189147, 60.5265943), (56.8185021, 60.5252913), (56.8174407, 60.5264592), (56.8178343, 60.5277637)]",12758.890665695071,60
way/84832339,56.817498099999995,60.5291236,"[(56.8178108, 60.5281607), (56.8168654, 60.5291585), (56.8169593, 60.5295125), (56.8172588, 60.529255), (56.8173645, 60.5295876), (56.8177462, 60.5298022), (56.818169, 60.5293516), (56.8178108, 60.5281607)]",7543.636268243194,20
way/84832340,56.81730578888889,60.527590877777776,"[(56.8176229, 60.5275921), (56.8173469, 60.5266265), (56.8170063, 60.527002), (56.8171061, 60.5273775), (56.8168948, 60.5276028), (56.8171531, 60.5285684), (56.8175465, 60.5281821), (56.8174526, 60.5277744), (56.8176229, 60.5275921)]",5402.3437345176935,15
way/84832341,56.819340079999996,60.52542572,"[(56.8190763, 60.5263829), (56.8201274, 60.5252993), (56.8197129, 60.5240087), (56.8187075, 60.5250548), (56.8190763, 60.5263829)]",11991.274402022362,60
way/84832345,56.819528033333334,60.53349086666666,"[(56.819041, 60.5345282), (56.8191613, 60.5344049), (56.8208112, 60.5326131), (56.8204413, 60.5314866), (56.8186724, 60.5333842), (56.819041, 60.5345282)]",18488.42018686235,52
way/84832347,56.82001964,60.526675260000005,"[(56.8206026, 60.52671), (56.8202033, 60.5254547), (56.8191406, 60.5266027), (56.8195491, 60.5278989), (56.8206026, 60.52671)]",12388.383631825447,132
way/84832348,56.81880168,60.52803162,"[(56.8194012, 60.5280689), (56.8189793, 60.5268088), (56.8178981, 60.5279719), (56.8183286, 60.5292396), (56.8194012, 60.5280689)]",12637.799936890602,60
way/84832349,56.8221757,60.53240306,"[(56.8214336, 60.5339757), (56.8236646, 60.531315), (56.8232677, 60.530057), (56.821079, 60.5326919), (56.8214336, 60.5339757)]",25861.683035731316,120
way/84832350,56.82089332857142,60.5295798,"[(56.8216051, 60.5298248), (56.8211745, 60.5285069), (56.8206866, 60.5290392), (56.8206268, 60.5291044), (56.8200623, 60.5297203), (56.8204929, 60.5310382), (56.8216051, 60.5298248)]",13520.01725242287,60
way/84832351,56.82215816,60.53040434,"[(56.8231943, 60.5298289), (56.8228348, 60.5286931), (56.8205646, 60.5312828), (56.8210028, 60.532388), (56.8231943, 60.5298289)]",23978.828347325325,278
way/84832352,56.82031404000001,60.52847946000001,"[(56.8200644, 60.529499), (56.8211213, 60.5283188), (56.8206927, 60.526967), (56.8196274, 60.5281135), (56.8200644, 60.529499)]",13299.17043352127,58
way/84832356,56.8227524,60.53397691428571,"[(56.8242048, 60.5329672), (56.8237607, 60.5315809), (56.821504, 60.5342117), (56.8218681, 60.535231), (56.8218211, 60.5353168), (56.8219033, 60.5355636), (56.8242048, 60.5329672)]",28484.4396886155,118
way/84832357,56.82612771666667,60.53695431666667,"[(56.8259055, 60.5373921), (56.8261539, 60.5371523), (56.8266272, 60.5372197), (56.8266708, 60.5364107), (56.8255034, 60.536159), (56.8259055, 60.5373921)]",6066.035345718265,22
way/84832359,56.824766939999996,60.5373913,"[(56.8241556, 60.5373725), (56.8245805, 60.5386143), (56.8256687, 60.5374024), (56.8252743, 60.5361948), (56.8241556, 60.5373725)]",12516.161964297295,20
way/84832360,56.823654139999995,60.538937839999996,"[(56.8233803, 60.5399129), (56.8244698, 60.5387265), (56.8240693, 60.5374818), (56.822971, 60.5386551), (56.8233803, 60.5399129)]",12554.762450695038,102
way/84832362,56.82474673,60.542105359999994,"[(56.8250273, 60.5429114), (56.8251438, 60.540831), (56.8251091, 60.5406073), (56.8250464, 60.5404303), (56.8239482, 60.5416105), (56.8243784, 60.5428958), (56.8244661, 60.5429982), (56.8245753, 60.5430077), (56.8247454, 60.54285), (56.8250273, 60.5429114)]",12958.23578983359,48
way/84832363,56.82438958,60.539428439999995,"[(56.8242781, 60.539767), (56.824672, 60.5392922), (56.8245516, 60.5389376), (56.8241681, 60.5393784), (56.8242781, 60.539767)]",1340.6690719127655,5
way/84832364,56.82553734545454,60.5416078,"[(56.8251907, 60.5403413), (56.82526, 60.5406769), (56.8251326, 60.5429092), (56.8255943, 60.5430066), (56.8256537, 60.5429795), (56.8256833, 60.5428892), (56.825696, 60.5425751), (56.8257806, 60.542597), (56.8259756, 60.5396987), (56.8257533, 60.539671), (56.8251907, 60.5403413)]",13469.328579414636,42
way/84832365,56.82547712,60.5386168,"[(56.8257576, 60.5376701), (56.8246546, 60.5388346), (56.8250777, 60.5400291), (56.8261381, 60.5388801), (56.8257576, 60.5376701)]",12002.063399195671,172
way/84832366,56.826293750000005,60.5375207125,"[(56.8264025, 60.5373144), (56.8261401, 60.5372942), (56.8259163, 60.5374749), (56.8260403, 60.5379683), (56.8262524, 60.5377288), (56.8265852, 60.5376944), (56.8266107, 60.5373763), (56.8264025, 60.5373144)]",1918.07329730317,8
way/84832367,56.82306424285714,60.53782282857143,"[(56.823419, 60.5378077), (56.8232118, 60.5372177), (56.8228523, 60.5376849), (56.8228982, 60.5378348), (56.8227677, 60.5380014), (56.8228817, 60.5384056), (56.823419, 60.5378077)]",2572.879239052534,12
way/84832375,56.820430939999994,60.534101559999996,"[(56.8209169, 60.5329779), (56.8193297, 60.5346438), (56.8197103, 60.5357823), (56.8212809, 60.5341259), (56.8209169, 60.5329779)]",16479.88399910927,55
way/84832379,56.81922374,60.5317826,"[(56.8187298, 60.5329602), (56.8203532, 60.5312184), (56.81996, 60.5299744), (56.8183459, 60.5317998), (56.8187298, 60.5329602)]",17946.10544192791,58
way/85286949,56.8692348,60.68750339090909,"[(56.8683108, 60.6875642), (56.8686098, 60.6888409), (56.8691317, 60.6884976), (56.8692901, 60.6885619), (56.869765, 60.6878324), (56.8697727, 60.6873064), (56.8697007, 60.6867825), (56.8696436, 60.6865547), (56.8695874, 60.6864589), (56.8694602, 60.6865736), (56.8683108, 60.6875642)]",14069.566466100514,18
way/85286954,56.869702866666664,60.6852931,"[(56.870126, 60.6851131), (56.8700989, 60.6848957), (56.8694233, 60.6845961), (56.8693643, 60.6846577), (56.8693653, 60.6849128), (56.8694794, 60.6862209), (56.86953, 60.6863065), (56.8698126, 60.685822), (56.870126, 60.6851131)]",5224.082859389484,5
way/85286964,56.87337678333333,60.68554840555555,"[(56.8718935, 60.6821139), (56.8713248, 60.6829508), (56.8717459, 60.683917), (56.872091, 60.6847088), (56.8725579, 60.6856424), (56.8728668, 60.6862123), (56.8737515, 60.6877045), (56.8742078, 60.6884979), (56.874254, 60.6885005), (56.8746668, 60.6875642), (56.8752423, 60.6862623), (56.8749533, 60.6858342), (56.8749257, 60.6858446), (56.8744197, 60.6869912), (56.8743864, 60.6869951), (56.873665, 60.6858632), (56.8719362, 60.6821545), (56.8718935, 60.6821139)]",42320.67634658096,128
way/85286965,56.8736482,60.68470378333333,"[(56.8719932, 60.6819315), (56.8726419, 60.6834103), (56.8734172, 60.6850833), (56.8737698, 60.6858046), (56.8741021, 60.6863559), (56.8743876, 60.6868012), (56.8746124, 60.6862448), (56.8746335, 60.6862779), (56.8748161, 60.6858591), (56.8748201, 60.685715), (56.8725913, 60.6810303), (56.8719932, 60.6819315)]",35110.09589833021,148
way/85286967,56.872946770588236,60.68816902941177,"[(56.8730432, 60.6871792), (56.8730053, 60.6871054), (56.8726531, 60.686426), (56.8723274, 60.6872638), (56.8724729, 60.687588), (56.8723664, 60.6878088), (56.8725795, 60.6881864), (56.8727965, 60.6878002), (56.8729606, 60.6881328), (56.872773, 60.6885834), (56.8729313, 60.6888731), (56.8730076, 60.6887765), (56.87333, 60.6892808), (56.8731659, 60.6896026), (56.873547, 60.6901391), (56.8740922, 60.6889482), (56.8730432, 60.6871792)]",16829.638478063047,12
way/85286970,56.87111602142857,60.686546678571425,"[(56.8702267, 60.6850335), (56.8697107, 60.6862335), (56.8703195, 60.6861509), (56.8701793, 60.6867512), (56.870539, 60.6870277), (56.8706153, 60.6867917), (56.8715945, 60.6876071), (56.8716883, 60.6873389), (56.8719542, 60.6876102), (56.8721677, 60.6871375), (56.8720438, 60.6867707), (56.8722438, 60.6861801), (56.8721148, 60.685987), (56.8702267, 60.6850335)]",23910.83060527593,70
way/85286974,56.86786298928571,60.68211202857143,"[(56.867428, 60.6816292), (56.8675707, 60.6815846), (56.8676608, 60.6816502), (56.867742, 60.6818242), (56.8677684, 60.6819419), (56.8677693, 60.6820894), (56.867718, 60.682323), (56.8677772, 60.6824572), (56.86817, 60.6825967), (56.8682991, 60.6832726), (56.8682991, 60.68397), (56.8683207, 60.6840641), (56.8684086, 60.6841368), (56.8690066, 60.6843063), (56.8690708, 60.6842563), (56.8690949, 60.6841408), (56.8689622, 60.6825249), (56.8688775, 60.68184), (56.8688149, 60.6814848), (56.8682156, 60.6801955), (56.8676591, 60.6790411), (56.8676071, 60.6789918), (56.8662935, 60.6809016), (56.8662876, 60.6813093), (56.8662349, 60.681438), (56.8663052, 60.6818242), (56.8673739, 60.6817131), (56.867428, 60.6816292)]",43670.84574667737,108
way/85286978,56.869439415,60.68145668,"[(56.8677302, 60.6787451), (56.8677198, 60.6788172), (56.8688794, 60.6812455), (56.8689288, 60.6814894), (56.8691925, 60.6841882), (56.8692339, 60.6842859), (56.8703035, 60.6847306), (56.8710717, 60.6852083), (56.8715355, 60.6854439), (56.8719332, 60.6855253), (56.8721106, 60.6852402), (56.8711114, 60.6830894), (56.8691602, 60.6789217), (56.8690837, 60.6787785), (56.8689279, 60.6790862), (56.8687015, 60.6795225), (56.8685452, 60.6791828), (56.8686897, 60.6789045), (56.8681994, 60.6779833), (56.8677302, 60.6787451)]",75165.87899249047,225
way/85286980,56.86675533636364,60.67899439999999,"[(56.8675675, 60.6788313), (56.867311, 60.6782923), (56.8671655, 60.6779662), (56.8669544, 60.6782237), (56.8666278, 60.6781228), (56.866446, 60.6784554), (56.8666278, 60.6789489), (56.8658639, 60.6800985), (56.8659915, 60.6803741), (56.8661858, 60.6807939), (56.8675675, 60.6788313)]",13335.418420247734,35
way/85286982,56.86783040454545,60.6774762590909,"[(56.868264, 60.6777442), (56.8682812, 60.6776873), (56.8682799, 60.6776316), (56.8681899, 60.6774524), (56.8681032, 60.6772987), (56.8679307, 60.677568), (56.8677724, 60.6771757), (56.8677694, 60.6770986), (56.8676858, 60.676935), (56.8676579, 60.6768975), (56.8676469, 60.6768961), (56.867633, 60.6769055), (56.8676118, 60.6769417), (56.8675619, 60.6770316), (56.8675297, 60.6770678), (56.8674498, 60.677222), (56.8676829, 60.6777625), (56.867462, 60.6782381), (56.8676235, 60.6786703), (56.8676645, 60.6786945), (56.8682045, 60.6778144), (56.868264, 60.6777442)]",4822.047219697502,25
way/85286983,56.870902300000004,60.680952383333334,"[(56.8718255, 60.6818756), (56.8704794, 60.6790328), (56.8700325, 60.6799211), (56.8700118, 60.6801733), (56.8712391, 60.6828359), (56.8718255, 60.6818756)]",19349.82249057293,92
way/85286987,56.86605651666667,60.6828861,"[(56.866379, 60.683581), (56.8665283, 60.6820185), (56.8657764, 60.682009), (56.865669, 60.6828116), (56.8656074, 60.6833155), (56.866379, 60.683581)]",7586.048815956339,20
way/85286988,56.867221011764705,60.682609282352935,"[(56.8665959, 60.6819852), (56.8665528, 60.6826642), (56.8668153, 60.682738), (56.8667896, 60.6829123), (56.8665589, 60.6828716), (56.8665081, 60.6836154), (56.8681407, 60.6840022), (56.8681818, 60.6833048), (56.868041, 60.6827898), (56.8677203, 60.6826927), (56.8676293, 60.6824503), (56.8674505, 60.6824031), (56.8673813, 60.682261), (56.8673139, 60.6819288), (56.8672737, 60.681886), (56.8672082, 60.6818672), (56.8665959, 60.6819852)]",16401.734880506992,45
way/85294319,56.69714754,60.87478952,"[(56.6968931, 60.8748146), (56.6971446, 60.8753506), (56.6975292, 60.8747519), (56.6972777, 60.8742159), (56.6968931, 60.8748146)]",2433.576175928116,2
way/85656168,56.715477532142856,60.51306778928572,"[(56.7154469, 60.5157039), (56.7162535, 60.5154324), (56.7165018, 60.5154424), (56.7167702, 60.5156858), (56.7168567, 60.5155914), (56.7172865, 60.5155592), (56.7172983, 60.5140894), (56.7169333, 60.5140572), (56.716792, 60.5131667), (56.7165682, 60.5115037), (56.715791, 60.5117076), (56.715738, 60.5112087), (56.7150197, 60.5115359), (56.7150374, 60.5107956), (56.7149373, 60.5100124), (56.7144015, 60.5097549), (56.7141718, 60.5103101), (56.7142224, 60.5106322), (56.7141454, 60.5109432), (56.7142043, 60.5115493), (56.7141983, 60.5119436), (56.7144086, 60.5120414), (56.7145657, 60.5131662), (56.7148116, 60.5133727), (56.7149932, 60.5137368), (56.7152382, 60.5155468), (56.7153322, 60.5157047), (56.7154469, 60.5157039)]",68898.1926712895,108
way/85692474,56.81990252000001,60.54716272,"[(56.8193877, 60.5465929), (56.8201013, 60.5489417), (56.8206438, 60.5477375), (56.8199921, 60.5459486), (56.8193877, 60.5465929)]",12357.786175012589,125
way/85692475,56.8204052625,60.5505909125,"[(56.8209521, 60.5505389), (56.8201322, 60.5493227), (56.8196522, 60.5503859), (56.8201471, 60.5511045), (56.8202638, 60.5510804), (56.8204355, 60.5507024), (56.8207071, 60.5510536), (56.8209521, 60.5505389)]",8225.000090679154,25
way/86121168,56.78618243333333,60.79960886666667,"[(56.7851853, 60.799523), (56.7855262, 60.8010036), (56.7867603, 60.8001668), (56.7872775, 60.7992441), (56.78716, 60.7981927), (56.7851853, 60.799523)]",20864.681873381138,2
way/86121169,56.783765025,60.8013073875,"[(56.7827539, 60.8009638), (56.7830713, 60.8024659), (56.7836668, 60.8022299), (56.7846993, 60.8015861), (56.7846081, 60.8012312), (56.7843789, 60.8009129), (56.784188, 60.8001055), (56.7827539, 60.8009638)]",18203.065390765667,18
way/86121170,56.7821423,60.799755516666664,"[(56.7840389, 60.7999477), (56.783612, 60.7987108), (56.7828362, 60.7986464), (56.7822014, 60.7990541), (56.781931, 60.7987966), (56.7811464, 60.7992417), (56.7808255, 60.7997409), (56.7807737, 60.800209), (56.7813114, 60.8004789), (56.7811199, 60.8010282), (56.7818723, 60.8012642), (56.7840389, 60.7999477)]",37314.64157678932,140
way/87190061,56.939224177142854,60.59076399714286,"[(56.9388424, 60.5940323), (56.9378304, 60.5923627), (56.938092, 60.5916687), (56.9382297, 60.591843), (56.938055, 60.5922984), (56.9388947, 60.5936449), (56.9394311, 60.5922635), (56.9397461, 60.5913773), (56.9399443, 60.5912212), (56.9402985, 60.5915965), (56.9407188, 60.5911762), (56.9409079, 60.5905668), (56.9409169, 60.5901375), (56.9412081, 60.589321), (56.941106, 60.5891289), (56.9415443, 60.5882793), (56.9419436, 60.5870305), (56.9421317, 60.5854568), (56.941739, 60.5851198), (56.9418482, 60.5844727), (56.9413888, 60.5841577), (56.9411059, 60.5852065), (56.9406243, 60.5846322), (56.93987, 60.5853189), (56.9361304, 60.5876533), (56.9361244, 60.5890421), (56.9361261, 60.5895529), (56.9361218, 60.5896289), (56.9359821, 60.5914247), (56.9375387, 60.5937776), (56.9371424, 60.5968762), (56.9369183, 60.598776), (56.9375151, 60.6017554), (56.9379868, 60.6019072), (56.9388424, 60.5940323)]",301948.82229761034,140
way/89411176,56.87491453333334,60.69092964,"[(56.8752642, 60.6906492), (56.8747204, 60.6897854), (56.874507, 60.6902497), (56.8743231, 60.6900849), (56.8740717, 60.6905931), (56.8741956, 60.6908059), (56.8741093, 60.691108), (56.8748562, 60.6921681), (56.8750961, 60.6915612), (56.8753589, 60.6915218), (56.8754676, 60.6914807), (56.8755591, 60.6912046), (56.8755499, 60.691163), (56.8753747, 60.6909198), (56.8752642, 60.6906492)]",12548.759098686278,20
way/89411190,56.87734035,60.689262729999996,"[(56.8766942, 60.6866761), (56.875273, 60.690281), (56.8758359, 60.6909848), (56.8776705, 60.6919924), (56.8779977, 60.6909228), (56.8785475, 60.6891564), (56.8785441, 60.6890395), (56.8781128, 60.6884865), (56.8780336, 60.6884117), (56.8766942, 60.6866761)]",65842.32771531492,138
way/89411192,56.87447186923077,60.68229646153846,"[(56.8752328, 60.6810832), (56.874812, 60.6809161), (56.87455, 60.6808847), (56.8743979, 60.6809428), (56.8743489, 60.6813036), (56.8742457, 60.6819742), (56.8741584, 60.6820832), (56.8736675, 60.6819258), (56.8733936, 60.6823278), (56.8746334, 60.6850541), (56.8746916, 60.6851389), (56.8747697, 60.6851364), (56.8752328, 60.6810832)]",26826.20956882625,152
way/89411217,56.879630797435894,60.68694921025641,"[(56.8779626, 60.6832769), (56.8778851, 60.6831297), (56.8779268, 60.6829427), (56.8777847, 60.6827122), (56.8775744, 60.6829275), (56.8774897, 60.6826527), (56.8772965, 60.6828691), (56.8774228, 60.6832606), (56.8774005, 60.6836506), (56.8773492, 60.6838336), (56.8770729, 60.6851518), (56.876865, 60.6860968), (56.876769, 60.6864435), (56.8768071, 60.686576), (56.8781089, 60.6882465), (56.8786271, 60.6888847), (56.8789125, 60.6892401), (56.8794613, 60.6897008), (56.8797397, 60.6898399), (56.8807106, 60.6902505), (56.8817633, 60.6906914), (56.8819567, 60.6907072), (56.8823104, 60.6905325), (56.8824612, 60.690367), (56.882563, 60.6900997), (56.8826468, 60.6899153), (56.8829934, 60.6888286), (56.8824827, 60.6879975), (56.8823177, 60.6883584), (56.8821481, 60.6883584), (56.8821431, 60.6887538), (56.8821745, 60.6893836), (56.8817674, 60.689026), (56.8814019, 60.6884823), (56.8811163, 60.6881793), (56.879714, 60.6869246), (56.8784903, 60.6853824), (56.8780213, 60.6840681), (56.8779626, 60.6832769)]",113137.05173744448,202
way/89411218,56.87653839375,60.69316965,"[(56.8760321, 60.6921188), (56.8759382, 60.6923764), (56.875845, 60.6925793), (56.8757902, 60.6926474), (56.8757135, 60.6934797), (56.87595, 60.6936199), (56.878068, 60.6956996), (56.8782455, 60.6945742), (56.8778621, 60.6942694), (56.8769984, 60.6934472), (56.8766577, 60.6931039), (56.8766271, 60.6930756), (56.8764407, 60.6928873), (56.8762162, 60.6923964), (56.8761975, 60.6923205), (56.8760321, 60.6921188)]",20383.804237063974,60
way/89411226,56.8801173,60.691973469230774,"[(56.8781929, 60.6905177), (56.8777039, 60.6920503), (56.8781154, 60.6922452), (56.8805697, 60.6926794), (56.8811409, 60.6927591), (56.8814604, 60.6929274), (56.8816588, 60.6930869), (56.8817508, 60.6928565), (56.8817944, 60.692006), (56.8812329, 60.6917137), (56.8802524, 60.6912835), (56.8794595, 60.6910117), (56.8781929, 60.6905177)]",36286.13429066539,255
way/89411227,56.87530148333334,60.68804380833333,"[(56.8752402, 60.686382), (56.8747163, 60.6876834), (56.8745758, 60.6880573), (56.8742841, 60.6886616), (56.87514, 60.6901783), (56.8751991, 60.6901521), (56.8755621, 60.689296), (56.8759952, 60.6882328), (56.8761983, 60.6876918), (56.8761627, 60.6875154), (56.8753038, 60.686293), (56.8752402, 60.686382)]",25623.654758626595,105
way/89411234,56.879689750000004,60.690318875,"[(56.8786168, 60.6891199), (56.8782291, 60.6903669), (56.8782538, 60.6904279), (56.8789751, 60.6907019), (56.8804167, 60.6912035), (56.8818299, 60.6918164), (56.8818831, 60.6909925), (56.8808182, 60.6905407), (56.8802221, 60.6902447), (56.8796274, 60.6899737), (56.878788, 60.6893185), (56.8786168, 60.6891199)]",23179.095326811075,130
way/89456023,56.88302302857143,60.693515496428574,"[(56.8827664, 60.689995), (56.8827534, 60.6900252), (56.8825526, 60.6904936), (56.8824692, 60.6906064), (56.8824554, 60.6906165), (56.8824403, 60.6906276), (56.8820772, 60.6908952), (56.8820151, 60.6912016), (56.8818958, 60.6930998), (56.8818096, 60.6934398), (56.8819941, 60.6940908), (56.8827953, 60.6938364), (56.8828677, 60.6945761), (56.8821808, 60.6947586), (56.8824506, 60.6958029), (56.8825197, 60.696372), (56.8829047, 60.6997221), (56.8829433, 60.699778), (56.8854791, 60.6989643), (56.8852432, 60.6978916), (56.8848928, 60.6976199), (56.8843266, 60.6962606), (56.8849109, 60.6954514), (56.8840542, 60.6911158), (56.8831426, 60.6908616), (56.8830822, 60.6902649), (56.8828556, 60.6900712), (56.8827664, 60.689995)]",136132.51175815705,280
way/89456036,56.88427915,60.701936724999996,"[(56.8852502, 60.699372), (56.8829624, 60.6998793), (56.8829307, 60.6999489), (56.8833968, 60.7040795), (56.8842903, 60.7039248), (56.8843084, 60.7047204), (56.8848397, 60.7046541), (56.8848397, 60.7029081), (56.8840609, 60.7031181), (56.8838737, 60.7008417), (56.8853468, 60.7004218), (56.8852502, 60.699372)]",41856.39786001295,68
way/89545958,56.88314127857143,60.72073038571428,"[(56.8826847, 60.7180356), (56.8819905, 60.7189231), (56.8828962, 60.7214077), (56.8834585, 60.7230749), (56.8841449, 60.7223879), (56.8836518, 60.7207157), (56.8831821, 60.7212419), (56.8831685, 60.7211931), (56.883112, 60.7211927), (56.8830889, 60.7212186), (56.8830588, 60.7211086), (56.8832372, 60.7210537), (56.8836191, 60.7206363), (56.8826847, 60.7180356)]",27866.514827895415,180
way/89545959,56.8874104,60.72794788,"[(56.8871182, 60.7263507), (56.8865204, 60.7269662), (56.8879193, 60.7303702), (56.8883759, 60.7297016), (56.8871182, 60.7263507)]",17875.317532122135,72
way/89545960,56.88150561818182,60.71786336363637,"[(56.8818239, 60.7166117), (56.8813802, 60.7173849), (56.880713, 60.7181398), (56.8809715, 60.7195158), (56.881004, 60.7195383), (56.8814409, 60.719267), (56.8812474, 60.7184596), (56.8821743, 60.7172813), (56.8820831, 60.7170235), (56.8818996, 60.7166634), (56.8818239, 60.7166117)]",10760.429156301543,38
way/89545964,56.88363452083333,60.70971967083333,"[(56.883384, 60.7047148), (56.8831661, 60.7077687), (56.8829854, 60.7108956), (56.8830013, 60.7114308), (56.8831604, 60.7118303), (56.8834675, 60.7122514), (56.8838559, 60.712643), (56.8839045, 60.7126392), (56.8840124, 60.7123409), (56.8839947, 60.7119899), (56.8840357, 60.7118173), (56.8839884, 60.7116542), (56.8835311, 60.711181), (56.8835701, 60.7107274), (56.8836759, 60.7104266), (56.8837316, 60.7100392), (56.8837149, 60.7095499), (56.8837372, 60.7092339), (56.8839516, 60.7092696), (56.8838861, 60.7079), (56.8838489, 60.707049), (56.8837134, 60.7059743), (56.8835274, 60.7052303), (56.883384, 60.7047148)]",31499.110925299115,100
way/89545967,56.881359781818176,60.72125357272727,"[(56.8814868, 60.7225085), (56.8819531, 60.7222197), (56.8814744, 60.719366), (56.8810298, 60.7196255), (56.8809959, 60.7196453), (56.8811725, 60.7207977), (56.8812705, 60.7214373), (56.8812985, 60.7215764), (56.8813746, 60.7219528), (56.8814147, 60.7221516), (56.8814868, 60.7225085)]",10419.74572555907,48
way/89545973,56.88215171428572,60.721157742857145,"[(56.8820414, 60.7221833), (56.8822357, 60.7220258), (56.8824885, 60.7218685), (56.882804, 60.721503), (56.8819254, 60.7189856), (56.8815256, 60.7193547), (56.8820414, 60.7221833)]",13216.447543039918,55
way/89545974,56.87978002727273,60.71978508181819,"[(56.8805884, 60.7182903), (56.8786061, 60.7195219), (56.8788005, 60.7205791), (56.879009, 60.7205821), (56.879009, 60.720804), (56.8797372, 60.7206581), (56.8798122, 60.7206023), (56.8799009, 60.7203089), (56.880872, 60.7196365), (56.8806566, 60.7183624), (56.8805884, 60.7182903)]",21878.194285782054,175
way/89545975,56.88194466666667,60.718338744444445,"[(56.8822435, 60.717398), (56.8813805, 60.7184771), (56.8813663, 60.7186119), (56.8814893, 60.7192318), (56.8818691, 60.718914), (56.8820745, 60.7186503), (56.8823013, 60.7183694), (56.882534, 60.7179982), (56.8822435, 60.717398)]",6610.960013151169,28
way/89545977,56.88433108571429,60.71401035,"[(56.8842096, 60.7130804), (56.8841542, 60.7131371), (56.8841335, 60.7135518), (56.8840806, 60.7142569), (56.8840503, 60.7148781), (56.8840498, 60.715442), (56.8841409, 60.7155559), (56.8846019, 60.7154994), (56.8846451, 60.7139013), (56.8846352, 60.7136208), (56.8846296, 60.7134932), (56.8845886, 60.7133624), (56.8845063, 60.7132852), (56.8842096, 60.7130804)]",8469.994106277823,40
way/89545979,56.883080011111105,60.72467163333334,"[(56.8834865, 60.7253763), (56.8831886, 60.7244384), (56.8830688, 60.724571), (56.8830076, 60.7243926), (56.8829407, 60.7244435), (56.8828126, 60.7240613), (56.8825803, 60.7242976), (56.8831485, 60.7250877), (56.8834865, 60.7253763)]",2360.7198811508715,8
way/89545980,56.8858317875,60.723768775,"[(56.8858194, 60.7227832), (56.885238, 60.7227569), (56.8851825, 60.72283), (56.8852085, 60.7229416), (56.8864783, 60.7268104), (56.8870543, 60.7262215), (56.8858539, 60.7230234), (56.8858194, 60.7227832)]",17684.690393468365,118
way/89545983,56.887077233333336,60.7150248,"[(56.8870247, 60.7141339), (56.8868911, 60.7145287), (56.8864588, 60.7158068), (56.8872637, 60.7166724), (56.8878004, 60.7148731), (56.8870247, 60.7141339)]",12316.345328390598,22
way/89545985,56.88126461764706,60.72387750000001,"[(56.8822905, 60.7243417), (56.8821032, 60.7241089), (56.8816201, 60.7233625), (56.8815058, 60.7231253), (56.8812263, 60.7231615), (56.8805084, 60.7231333), (56.8800674, 60.7230961), (56.8800382, 60.7239748), (56.8804461, 60.7238414), (56.8807854, 60.7239647), (56.8808439, 60.723986), (56.881066, 60.7240623), (56.8811573, 60.7240937), (56.8812777, 60.7241134), (56.8819938, 60.724774), (56.8822779, 60.7244362), (56.8822905, 60.7243417)]",12729.819292005152,125
way/89545988,56.885838379999996,60.7204754,"[(56.8858211, 60.7196669), (56.8856252, 60.7196852), (56.8858709, 60.7217337), (56.8860536, 60.7216243), (56.8858211, 60.7196669)]",2677.417033288628,115
way/89545993,56.887010608333334,60.72426860833334,"[(56.8872498, 60.7228655), (56.8859474, 60.722761), (56.8859511, 60.7229792), (56.8871443, 60.7262016), (56.8873293, 60.7260286), (56.8875827, 60.7257004), (56.8874106, 60.72524), (56.887229, 60.7253445), (56.8868035, 60.7239768), (56.8869852, 60.7236633), (56.8872446, 60.7235969), (56.8872498, 60.7228655)]",14989.120910219848,52
way/89545994,56.87759070769231,60.72124856153846,"[(56.8785867, 60.7196197), (56.8785269, 60.7195734), (56.8761233, 60.7216142), (56.8751542, 60.7225174), (56.8755829, 60.7237945), (56.8769021, 60.7223032), (56.8772788, 60.7218694), (56.8777017, 60.7214071), (56.8781826, 60.7210429), (56.8785192, 60.7209985), (56.8787222, 60.7209667), (56.8788119, 60.7209046), (56.8785867, 60.7196197)]",31271.022620506585,210
way/89545996,56.8857886,60.7162957,"[(56.886213, 60.715576), (56.8852068, 60.7156368), (56.8853529, 60.7173631), (56.8859573, 60.7173266), (56.886213, 60.715576)]",9485.199433546513,45
way/89545998,56.88347013333333,60.7132621,"[(56.8833893, 60.712297), (56.8829882, 60.7133761), (56.8830168, 60.7135178), (56.883224, 60.7137734), (56.8834728, 60.7140138), (56.8838993, 60.7142036), (56.883946, 60.7137652), (56.8836286, 60.7134798), (56.883687, 60.7131434), (56.8834414, 60.712833), (56.8835589, 60.7124451), (56.8833893, 60.712297)]",5709.49247533083,28
way/89546001,56.884859,60.71730673333333,"[(56.8841586, 60.7160462), (56.8848182, 60.7216851), (56.8856586, 60.7208387), (56.8852119, 60.7165348), (56.885171, 60.7164473), (56.8850047, 60.7162669), (56.8849504, 60.7159182), (56.884599, 60.7159772), (56.8841586, 60.7160462)]",34218.431399188936,158
way/89546003,56.8772342,60.72308478666666,"[(56.8786123, 60.7212333), (56.8785526, 60.7211115), (56.8782272, 60.7211102), (56.8777332, 60.7215324), (56.8756452, 60.7239287), (56.8757627, 60.7244143), (56.8758187, 60.7247117), (56.8759175, 60.7249824), (56.8760072, 60.7251577), (56.8760771, 60.72518), (56.8765278, 60.7246226), (56.8781516, 60.7226749), (56.8783872, 60.7223105), (56.8784804, 60.7220683), (56.8786123, 60.7212333)]",29861.1501945575,155
way/89546005,56.883474528571426,60.718737114285716,"[(56.8834357, 60.719535), (56.8839911, 60.7188936), (56.8839961, 60.718796), (56.8833775, 60.7170757), (56.8827717, 60.7179067), (56.8833139, 60.7194178), (56.8834357, 60.719535)]",10627.29023256898,38
way/89546007,56.88472214,60.71268156,"[(56.8842389, 60.7129445), (56.8845592, 60.7131766), (56.8846398, 60.7132665), (56.8847023, 60.7134537), (56.8846787, 60.7157705), (56.8851237, 60.7154362), (56.8851437, 60.711874), (56.885147, 60.7114364), (56.8851138, 60.7111932), (56.885044, 60.7110291), (56.8849179, 60.7109866), (56.8848116, 60.7110899), (56.8842471, 60.7127745), (56.8842255, 60.7128472), (56.8842389, 60.7129445)]",16576.334537807852,158
way/89546009,56.87761533333333,60.71901627333333,"[(56.8803666, 60.7165907), (56.8798934, 60.716738), (56.8793258, 60.7169647), (56.8784129, 60.7177832), (56.8783044, 60.7173913), (56.8780238, 60.7176594), (56.8779112, 60.7177671), (56.8775455, 60.7181166), (56.877567, 60.7182141), (56.8771254, 60.7186615), (56.8770778, 60.7185022), (56.8765652, 60.7191267), (56.8766196, 60.7193382), (56.8762947, 60.7197363), (56.8760091, 60.7200399), (56.8759289, 60.7198433), (56.8758011, 60.7200647), (56.8758569, 60.720214), (56.8747876, 60.7214798), (56.8750613, 60.7222834), (56.875369, 60.7219547), (56.8760078, 60.7213855), (56.8766402, 60.7208866), (56.8776146, 60.7200789), (56.8784345, 60.7193222), (56.8787382, 60.7190714), (56.8796438, 60.7185718), (56.8805694, 60.7180912), (56.8805977, 60.7180201), (56.8803666, 60.7165907)]",62448.28121647239,75
way/89546010,56.88572682,60.71833814,"[(56.8859407, 60.7175212), (56.8853927, 60.7175394), (56.8856086, 60.7195818), (56.8857514, 60.7195271), (56.8859407, 60.7175212)]",4749.197897743434,30
way/89546014,56.88334182727272,60.7157616,"[(56.8834193, 60.7140828), (56.8829377, 60.7160111), (56.8822801, 60.7173545), (56.8825856, 60.7179198), (56.8831037, 60.7172755), (56.8836165, 60.7163998), (56.8837873, 60.7160079), (56.8838486, 60.7155594), (56.8838949, 60.714367), (56.8838671, 60.714317), (56.8834193, 60.7140828)]",17603.886584214866,70
way/89583384,56.86517934,60.7305213,"[(56.8650721, 60.7287132), (56.8639413, 60.7288321), (56.8638951, 60.7319686), (56.8650883, 60.7319519), (56.8650835, 60.7308168), (56.8656613, 60.7308044), (56.8656704, 60.7319261), (56.8667189, 60.7318886), (56.8655904, 60.7295981), (56.8650721, 60.7287132)]",39264.973992677405,22
way/89583410,56.87396215454546,60.73351943636363,"[(56.8742586, 60.7343529), (56.875145, 60.7346401), (56.8752899, 60.7334223), (56.8748513, 60.7332936), (56.8746891, 60.7332607), (56.8737015, 60.7330673), (56.8735619, 60.733017), (56.8726673, 60.7326302), (56.8726271, 60.7329517), (56.8725334, 60.7337251), (56.8742586, 60.7343529)]",20595.672361433506,192
way/89657765,56.77945999677419,60.5655830483871,"[(56.779023, 60.5628213), (56.778809, 60.5632065), (56.7781171, 60.5643891), (56.7779605, 60.5646567), (56.7778135, 60.5649079), (56.777431, 60.5655052), (56.7776437, 60.5657156), (56.7781906, 60.5662565), (56.7784493, 60.5665124), (56.7786885, 60.5667491), (56.778815, 60.5668742), (56.7789694, 60.5669605), (56.7792366, 60.5671097), (56.7795135, 60.5672644), (56.7797952, 60.5674218), (56.7800453, 60.5675616), (56.7803274, 60.5677014), (56.7808151, 60.5679432), (56.7808271, 60.5671711), (56.780834, 60.566729), (56.7808411, 60.566269), (56.7808479, 60.5658344), (56.7808566, 60.5652697), (56.7806923, 60.565051), (56.7804869, 60.5647777), (56.7802776, 60.5644991), (56.7800437, 60.564188), (56.7798261, 60.5638984), (56.7796216, 60.5636263), (56.7794383, 60.5633824), (56.779023, 60.5628213)]",65278.448166400194,105
way/89657789,56.77604385862069,60.544659982758624,"[(56.7747229, 60.5451843), (56.7748967, 60.5455139), (56.7753061, 60.5462902), (56.7754756, 60.5466116), (56.7757371, 60.5471075), (56.7758893, 60.5473633), (56.7761332, 60.5468018), (56.7764013, 60.5462033), (56.7765567, 60.5458565), (56.776725, 60.5454851), (56.7769267, 60.545048), (56.7771316, 60.5446002), (56.7772845, 60.5442056), (56.7773379, 60.5434712), (56.7773331, 60.543036), (56.7771039, 60.5426929), (56.7768538, 60.5429401), (56.7767188, 60.543118), (56.7765419, 60.5433512), (56.7763849, 60.543368), (56.7761992, 60.5433072), (56.775949, 60.5432254), (56.7756295, 60.5431208), (56.7754349, 60.5435637), (56.7752232, 60.5440448), (56.7750671, 60.544401), (56.7748105, 60.544977), (56.7747746, 60.5450666), (56.7747229, 60.5451843)]",44429.39796469547,65
way/89782325,56.85692251818182,60.283191881818176,"[(56.8564845, 60.2804857), (56.8562359, 60.2805273), (56.8561304, 60.2807314), (56.8560615, 60.2813172), (56.8560867, 60.2818456), (56.8561929, 60.282368), (56.8576147, 60.2879488), (56.8591339, 60.2890247), (56.8579605, 60.2851972), (56.8577622, 60.2851791), (56.8564845, 60.2804857)]",49157.758207889274,12
way/92370474,56.9067489,60.72128125,"[(56.9050048, 60.7215283), (56.9053336, 60.7216603), (56.9053742, 60.7229637), (56.9056219, 60.722972), (56.905712, 60.7235494), (56.907892, 60.7236814), (56.9081668, 60.7234834), (56.9083064, 60.7227905), (56.9083469, 60.7222955), (56.9083199, 60.7210333), (56.9082253, 60.7195979), (56.908025, 60.7175148), (56.906779, 60.7179435), (56.9068369, 60.7186898), (56.9050329, 60.7192679), (56.9050048, 60.7215283)]",107405.36720744334,215
way/96396189,56.81977131111111,60.501190977777775,"[(56.8209622, 60.5005932), (56.8193008, 60.4991779), (56.8189832, 60.4998714), (56.8188748, 60.5003526), (56.8189367, 60.5016263), (56.8195564, 60.5023623), (56.8200327, 60.5032044), (56.8203328, 60.5029375), (56.8209622, 60.5005932)]",33895.099514603615,35
way/96397903,56.803090825974024,60.71819838441558,"[(56.8063963, 60.7136162), (56.806214, 60.7136833), (56.8057754, 60.7139438), (56.8053997, 60.7139219), (56.8048473, 60.7140138), (56.8045891, 60.7139438), (56.804459, 60.7139594), (56.8043514, 60.7142387), (56.8044383, 60.7146069), (56.8046556, 60.7149245), (56.8048678, 60.7151813), (56.8049087, 60.7153214), (56.8049113, 60.7154475), (56.8048269, 60.7156016), (56.8047476, 60.715681), (56.8046147, 60.7156623), (56.8045482, 60.7157324), (56.8044817, 60.7158772), (56.8031956, 60.7173716), (56.8030652, 60.7176004), (56.8030422, 60.7176938), (56.8029987, 60.7177545), (56.8029297, 60.7177452), (56.8028581, 60.7176751), (56.802784, 60.717493), (56.8027021, 60.7173622), (56.8026123, 60.717322), (56.8025538, 60.7173389), (56.8021987, 60.7179015), (56.802178, 60.718058), (56.8022265, 60.7181421), (56.8023186, 60.7182168), (56.8023416, 60.7183756), (56.8023033, 60.7185531), (56.8020399, 60.7187726), (56.8018865, 60.7190201), (56.8018021, 60.7193563), (56.8018046, 60.7195431), (56.8017867, 60.7196645), (56.8017407, 60.7197439), (56.8015566, 60.7199541), (56.8015472, 60.7201156), (56.8015745, 60.7202389), (56.8016129, 60.720295), (56.8016793, 60.7203277), (56.8017919, 60.720295), (56.8019223, 60.7202623), (56.8020757, 60.7202203), (56.8021677, 60.7202249), (56.8022163, 60.7203043), (56.8022317, 60.7204444), (56.8022342, 60.7206499), (56.8021728, 60.7207713), (56.8020834, 60.7208414), (56.8020578, 60.7208974), (56.8020731, 60.7209628), (56.8021089, 60.7209955), (56.8021268, 60.7211309), (56.8020782, 60.721299), (56.8018762, 60.7214111), (56.8013751, 60.7216726), (56.8013265, 60.7218127), (56.8013214, 60.7219995), (56.8013878, 60.7222284), (56.8014722, 60.7225086), (56.8015889, 60.7225469), (56.8022489, 60.7219608), (56.8028128, 60.7214902), (56.8024803, 60.7204355), (56.8021779, 60.7194397), (56.802779, 60.7186933), (56.8035229, 60.7179548), (56.8052051, 60.71592), (56.8069245, 60.7139172), (56.8068482, 60.7137134), (56.8065364, 60.7136627), (56.8063963, 60.7136162)]",54413.01096520247,42
way/97151098,56.776788884210525,60.661511531578945,"[(56.7769791, 60.6611988), (56.7762144, 60.6610839), (56.7761435, 60.6611282), (56.7760024, 60.6615601), (56.7758878, 60.6617237), (56.7759142, 60.6617825), (56.7759407, 60.6618417), (56.7758826, 60.6619266), (56.7763853, 60.6633423), (56.7768614, 60.6626077), (56.7770551, 60.6621657), (56.7772001, 60.6618347), (56.7774499, 60.6613053), (56.7774808, 60.6613401), (56.777666, 60.6610558), (56.7777702, 60.6607341), (56.7777898, 60.6606734), (56.7773864, 60.6602157), (56.7769791, 60.6611988)]",16634.476685184985,4498
way/97827914,56.760870526315784,60.57218544736842,"[(56.7630735, 60.5669219), (56.7598837, 60.5659175), (56.7592025, 60.5667459), (56.7591227, 60.5674776), (56.7600205, 60.5677574), (56.7598924, 60.5690401), (56.7600974, 60.569105), (56.7602696, 60.5708361), (56.7601941, 60.5718495), (56.7596498, 60.5758946), (56.7597412, 60.5759429), (56.7609386, 60.576575), (56.761449, 60.5772926), (56.7612024, 60.5793922), (56.7617434, 60.5801861), (56.7624651, 60.5775547), (56.7621786, 60.5755298), (56.762342, 60.5705827), (56.7630735, 60.5669219)]",195730.79093478248,718
way/100117726,56.839956883333336,60.62468385,"[(56.8385412, 60.6242687), (56.8387803, 60.6264586), (56.840542, 60.6257893), (56.8405388, 60.6257616), (56.8404637, 60.6251203), (56.8404416, 60.6249211), (56.8403866, 60.6244469), (56.8403631, 60.6242349), (56.8403052, 60.6237367), (56.840292, 60.6236217), (56.8402869, 60.6235777), (56.8385412, 60.6242687)]",27368.765159500763,1472
way/100254722,56.79922042105263,60.73489992631579,"[(56.7984197, 60.7337409), (56.7983374, 60.7367236), (56.7988458, 60.7367011), (56.7989586, 60.7365638), (56.7991278, 60.7362633), (56.7992312, 60.7359973), (56.7993534, 60.7355338), (56.7994239, 60.7351475), (56.7995884, 60.7349759), (56.7997999, 60.7351046), (56.7998939, 60.7348042), (56.7999268, 60.7344952), (56.7998093, 60.7340747), (56.7996119, 60.7338258), (56.7994098, 60.7338515), (56.7992594, 60.7339116), (56.7990056, 60.7338343), (56.7987655, 60.7338086), (56.7984197, 60.7337409)]",21764.707392016426,18
way/101211476,56.911413259999996,60.615656720000004,"[(56.9115837, 60.6158704), (56.9115373, 60.6152348), (56.9111418, 60.6153635), (56.9112198, 60.6159445), (56.9115837, 60.6158704)]",1609.594799131155,98
way/102252094,56.82236030789473,60.693382294736836,"[(56.8195471, 60.6876221), (56.819749, 60.6888939), (56.8204142, 60.6902797), (56.8205956, 60.6906296), (56.8208425, 60.6913663), (56.8208264, 60.691568), (56.8206597, 60.691872), (56.821757, 60.6939329), (56.8222396, 60.6950343), (56.8225779, 60.6962837), (56.8227873, 60.6972673), (56.822874, 60.6986548), (56.822991, 60.6986462), (56.8231275, 60.6978456), (56.8231787, 60.6974547), (56.8232391, 60.6971343), (56.8232734, 60.6969022), (56.8232754, 60.6965413), (56.8233451, 60.696024), (56.8234729, 60.6959078), (56.8235213, 60.6956647), (56.8235214, 60.6951063), (56.8235179, 60.6940434), (56.8234036, 60.69399), (56.8234955, 60.693685), (56.823619, 60.6930882), (56.8236794, 60.6929685), (56.823745, 60.6925771), (56.8237097, 60.6923746), (56.8235636, 60.6922641), (56.823619, 60.6917392), (56.8233988, 60.6915519), (56.8230849, 60.6923884), (56.8215807, 60.6915596), (56.821102, 60.6907724), (56.8208039, 60.6897548), (56.8200055, 60.6875162), (56.8195471, 60.6876221)]",77728.3953463547,152
way/102654475,56.71471041818182,60.51450181818182,"[(56.7145409, 60.5133712), (56.7143817, 60.5131527), (56.7142348, 60.5134306), (56.7143398, 60.5156434), (56.7147571, 60.5155488), (56.7149887, 60.515706), (56.7151232, 60.5159687), (56.7151733, 60.5157703), (56.7149006, 60.5138781), (56.7148336, 60.513679), (56.7145409, 60.5133712)]",10847.377329051495,15
way/102654500,56.7153193,60.49601742857143,"[(56.7160683, 60.4984816), (56.7151602, 60.4979322), (56.7155859, 60.4932781), (56.7156604, 60.492302), (56.7152701, 60.4921727), (56.7152205, 60.492218), (56.7151389, 60.4931294), (56.7149863, 60.4940537), (56.7147274, 60.496704), (56.7147203, 60.4974344), (56.7150254, 60.4988177), (56.7148728, 60.4993478), (56.7159654, 60.4998908), (56.7160683, 60.4984816)]",30676.256897952408,5
way/102654511,56.71647927931035,60.49486742413794,"[(56.7158093, 60.4923472), (56.7157739, 60.4933233), (56.71571, 60.494002), (56.715671, 60.4942347), (56.7155185, 60.4959606), (56.7155007, 60.4961933), (56.7152914, 60.4978223), (56.7161641, 60.4983588), (56.7160541, 60.499949), (56.7160186, 60.5009056), (56.7164843, 60.5010827), (56.7163882, 60.4999465), (56.7168607, 60.4983166), (56.7173312, 60.4985592), (56.7176894, 60.4966264), (56.7179165, 60.4966846), (56.7180725, 60.4965489), (56.7183244, 60.4952431), (56.7179626, 60.4952884), (56.7165756, 60.4941378), (56.7170225, 60.4926123), (56.7164656, 60.4918107), (56.7164585, 60.4912031), (56.7168026, 60.4887726), (56.7164904, 60.4885916), (56.716267, 60.4894837), (56.7156923, 60.4900266), (56.7157739, 60.4907765), (56.7158093, 60.4923472)]",99919.75150073692,10
way/102654540,56.71897603333333,60.51416369166666,"[(56.7195847, 60.5139042), (56.7192364, 60.514009), (56.7192077, 60.5137877), (56.7191715, 60.5133679), (56.7189219, 60.5134194), (56.7188183, 60.5131104), (56.718032, 60.5133424), (56.7182436, 60.5153592), (56.7187005, 60.5153849), (56.7188559, 60.5151875), (56.7193552, 60.5151875), (56.7195847, 60.5139042)]",16965.71179778315,18
way/102757804,56.77071226153846,60.823969569230776,"[(56.7705877, 60.8220355), (56.7703139, 60.8222781), (56.7703783, 60.8226051), (56.7702534, 60.8226713), (56.7702857, 60.8231857), (56.7707347, 60.8255339), (56.7707287, 60.826199), (56.7709804, 60.8261843), (56.7709965, 60.8255412), (56.7712341, 60.8254677), (56.7711415, 60.8242588), (56.7710368, 60.8236083), (56.7705877, 60.8220355)]",14198.738351708278,35
way/102757828,56.77268478292683,60.831430214634146,"[(56.7741, 60.8190626), (56.7736298, 60.8192576), (56.7735074, 60.8186796), (56.7720664, 60.819623), (56.7727021, 60.8240741), (56.7722308, 60.8243029), (56.7724766, 60.8264211), (56.7726596, 60.8279598), (56.772278, 60.82817), (56.7719058, 60.8314482), (56.7715079, 60.8331134), (56.7714312, 60.8335776), (56.7712223, 60.8341191), (56.7709706, 60.834798), (56.7710427, 60.8352682), (56.7706932, 60.836201), (56.7705269, 60.8359814), (56.7696949, 60.8379561), (56.7700904, 60.8387387), (56.7703328, 60.8391144), (56.7704845, 60.8393716), (56.7706654, 60.8397249), (56.7712056, 60.840467), (56.7725285, 60.8376434), (56.7732148, 60.8385259), (56.7735426, 60.8389297), (56.7735185, 60.8390336), (56.7736765, 60.8393144), (56.7738679, 60.8395181), (56.7745601, 60.8367469), (56.7749105, 60.8352907), (56.7756325, 60.8317339), (56.7756602, 60.8303639), (56.7755633, 60.8289433), (56.7750462, 60.8254515), (56.7733601, 60.8262244), (56.7725525, 60.8266163), (56.772524, 60.8264706), (56.7733745, 60.826075), (56.7750185, 60.8252643), (56.7741, 60.8190626)]",431821.2041944489,980
way/102757844,56.77200539166666,60.81664739166666,"[(56.7723985, 60.8145952), (56.7710881, 60.8150042), (56.7711767, 60.8161146), (56.7716995, 60.816417), (56.7718309, 60.8178819), (56.7716166, 60.8186535), (56.7717052, 60.8193781), (56.7727079, 60.8187995), (56.7725279, 60.8171729), (56.7724083, 60.8156909), (56.7725066, 60.8154657), (56.7723985, 60.8145952)]",29661.205186650157,1318
way/102757963,56.772997257142855,60.816752578571425,"[(56.7734969, 60.8142955), (56.7724687, 60.8146833), (56.7725834, 60.8156718), (56.7724799, 60.8157656), (56.7726352, 60.8174345), (56.7726772, 60.8180868), (56.7727486, 60.8187722), (56.7727684, 60.8187861), (56.7731512, 60.8185026), (56.7730598, 60.8176997), (56.7733958, 60.8175865), (56.773305, 60.8165554), (56.7736946, 60.8164006), (56.7734969, 60.8142955)]",23651.158906314522,62
way/102758017,56.771736041666664,60.81221564166666,"[(56.7717832, 60.8100421), (56.7715095, 60.810155), (56.7714437, 60.8109566), (56.7714848, 60.8118741), (56.771142, 60.8142013), (56.7711375, 60.8149228), (56.7723876, 60.8145099), (56.7721766, 60.813611), (56.7721112, 60.8132234), (56.772063, 60.8127458), (56.7718102, 60.8103036), (56.7717832, 60.8100421)]",21886.4744226709,1188
way/105569436,56.716350750000004,60.60393412857143,"[(56.7173056, 60.6033474), (56.7171998, 60.6033935), (56.7171616, 60.6032053), (56.7171301, 60.6029785), (56.7153447, 60.6027865), (56.7149177, 60.6030492), (56.7148013, 60.6047062), (56.7155091, 60.6054198), (56.715633, 60.6055448), (56.7162097, 60.6043425), (56.7165756, 60.6042919), (56.7166422, 60.6046254), (56.7171745, 60.6040394), (56.7173056, 60.6033474)]",29709.84387775883,30
way/105693564,56.784192239999996,60.67277752,"[(56.7841604, 60.6714231), (56.7834262, 60.6721661), (56.7842439, 60.6748098), (56.7849703, 60.6740655), (56.7841604, 60.6714231)]",17257.13448858261,105
way/105693565,56.786956266666664,60.66488155,"[(56.7871579, 60.6639647), (56.7859762, 60.6655214), (56.7863357, 60.6666142), (56.7876583, 60.6648621), (56.7874516, 60.6643622), (56.7871579, 60.6639647)]",13541.606314837933,65
way/105693566,56.7866356,60.670589587500004,"[(56.7868202, 60.6684422), (56.785131, 60.6703492), (56.7859416, 60.6730255), (56.7868276, 60.6726473), (56.7872165, 60.6725404), (56.7871855, 60.6698301), (56.7871422, 60.6694398), (56.7868202, 60.6684422)]",42404.45304463059,195
way/105693571,56.78540676,60.6670013,"[(56.7859266, 60.6658376), (56.7842913, 60.6677404), (56.7846099, 60.66876), (56.7862794, 60.6668309), (56.7859266, 60.6658376)]",15696.931824684143,145
way/105693579,56.787808375,60.676701825,"[(56.7881446, 60.6757705), (56.7868489, 60.6763641), (56.7872043, 60.6777632), (56.7877791, 60.6774871), (56.7879152, 60.6771833), (56.7881899, 60.6769762), (56.7882404, 60.6762997), (56.7881446, 60.6757705)]",11788.651646628976,52
way/105693580,56.78761441428571,60.66641228571429,"[(56.7881771, 60.6666879), (56.7880196, 60.665644), (56.7878787, 60.6656594), (56.7877375, 60.6651229), (56.7864433, 60.6669157), (56.7868676, 60.6681682), (56.7881771, 60.6666879)]",17751.198859257624,62
way/105693583,56.7881079375,60.6702416375,"[(56.7883912, 60.6689469), (56.7878838, 60.6690538), (56.7872756, 60.6697604), (56.7872728, 60.6725207), (56.7886388, 60.6718891), (56.788453, 60.6704967), (56.7885571, 60.6703186), (56.7883912, 60.6689469)]",25577.843412987888,98
way/105693584,56.78598981666667,60.66454529999999,"[(56.7863747, 60.6647791), (56.7860413, 60.6636657), (56.7856429, 60.6641705), (56.78559, 60.6644896), (56.7859153, 60.6653878), (56.7863747, 60.6647791)]",5064.579990744591,22
way/105693586,56.785985159999996,60.67791012,"[(56.7867752, 60.6764079), (56.7844265, 60.6788582), (56.7848192, 60.6800665), (56.7871297, 60.6778101), (56.7867752, 60.6764079)]",26679.643461823463,145
way/105693587,56.783406400000004,60.673569040000004,"[(56.7833742, 60.6722039), (56.78264, 60.6729628), (56.7834566, 60.6756073), (56.784187, 60.6748673), (56.7833742, 60.6722039)]",17384.52525639534,198
way/105693588,56.78817346000001,60.672867159999996,"[(56.7886633, 60.6720097), (56.7872419, 60.6726629), (56.7874859, 60.6741296), (56.7888129, 60.6735239), (56.7886633, 60.6720097)]",14782.494216442108,55
way/105693591,56.78278145714285,60.67868001428571,"[(56.782936, 60.6777268), (56.7825092, 60.6781496), (56.7822904, 60.6783294), (56.7825169, 60.6791716), (56.7828148, 60.6801857), (56.7834669, 60.6794702), (56.782936, 60.6777268)]",10334.621285438538,38
way/105693593,56.78508502,60.6756972,"[(56.7850415, 60.6742913), (56.7843043, 60.675037), (56.7851567, 60.6777967), (56.7858811, 60.6770697), (56.7850415, 60.6742913)]",18013.398485839367,122
way/105693594,56.78837992857143,60.67463962857143,"[(56.7888226, 60.6737021), (56.7875054, 60.6743255), (56.7877005, 60.675721), (56.7883055, 60.6755131), (56.7886152, 60.6753365), (56.7888877, 60.6741771), (56.7888226, 60.6737021)]",12326.502696931362,180
way/105693595,56.78508971111111,60.66558287777778,"[(56.7855145, 60.6646594), (56.7853872, 60.6647847), (56.78528, 60.6645828), (56.7843726, 60.665605), (56.7846821, 60.666536), (56.7845247, 60.6667268), (56.7846519, 60.6670918), (56.7858799, 60.6656), (56.7855145, 60.6646594)]",12978.68734614551,115
way/105693596,56.785880580000004,60.674896780000005,"[(56.7858444, 60.6734968), (56.7850978, 60.6742197), (56.7859345, 60.6770152), (56.7866818, 60.6762554), (56.7858444, 60.6734968)]",18341.69072318077,208
way/105693601,56.782747155555555,60.675298277777785,"[(56.7828478, 60.6740364), (56.7824851, 60.6744158), (56.7827747, 60.6754787), (56.7826687, 60.6757136), (56.7825757, 60.6757558), (56.7825268, 60.6760938), (56.7826333, 60.6764431), (56.7833645, 60.6757109), (56.7828478, 60.6740364)]",7327.818260207772,72
way/105693602,56.783478079999995,60.677338559999995,"[(56.783424, 60.6759288), (56.7827061, 60.676679), (56.7835458, 60.6794547), (56.7842905, 60.6787015), (56.783424, 60.6759288)]",18173.942856132984,100
way/105693603,56.78498332,60.67193644,"[(56.7849546, 60.6706031), (56.784219, 60.6713409), (56.7850189, 60.674007), (56.7857695, 60.6731281), (56.7849546, 60.6706031)]",17569.945447027683,180
way/105693604,56.785931000000005,60.668116257142856,"[(56.7860245, 60.6674013), (56.784677, 60.6688565), (56.7850837, 60.6701779), (56.7867913, 60.6683044), (56.7865646, 60.6676435), (56.7863514, 60.6670289), (56.7860245, 60.6674013)]",20192.37815862894,158
way/105693605,56.78679604285714,60.67408088571428,"[(56.7871639, 60.6727757), (56.7861971, 60.6733164), (56.7863221, 60.67396), (56.786264, 60.6739972), (56.78684, 60.6760071), (56.7876213, 60.6757341), (56.7871639, 60.6727757)]",19059.82939446345,155
way/105693606,56.78430060000001,60.67651479999999,"[(56.7842554, 60.6751189), (56.7835147, 60.6758562), (56.7843682, 60.6786223), (56.7851093, 60.6778577), (56.7842554, 60.6751189)]",18243.843018233776,115
way/105693607,56.787756125,60.6681898875,"[(56.7880958, 60.6668813), (56.7868963, 60.6682721), (56.787241, 60.6692676), (56.7872658, 60.6695645), (56.7878925, 60.6688903), (56.7883722, 60.6687423), (56.7881896, 60.6670197), (56.7880958, 60.6668813)]",14218.695282414556,50
way/105694256,56.79142223333333,60.65731855000001,"[(56.7917541, 60.6568527), (56.7915684, 60.6565923), (56.7911938, 60.6575326), (56.7910314, 60.6579137), (56.7912316, 60.6581673), (56.7917541, 60.6568527)]",2623.281907558441,35
way/105694258,56.78970531,60.657500760000005,"[(56.7896753, 60.6567208), (56.7894061, 60.6572468), (56.7890216, 60.6582427), (56.7897562, 60.6592234), (56.7901794, 60.6583368), (56.7897527, 60.6577682), (56.7900117, 60.6570945), (56.7898469, 60.656865), (56.7897279, 60.6567886), (56.7896753, 60.6567208)]",9826.507246166468,85
way/105694261,56.789729550000004,60.66065221666667,"[(56.7903962, 60.6602638), (56.7897261, 60.659393), (56.7892174, 60.660653), (56.788988, 60.6612214), (56.7896534, 60.6621183), (56.7903962, 60.6602638)]",12822.420194506645,55
way/105694263,56.790535,60.658701837500004,"[(56.7912063, 60.6582346), (56.7908525, 60.6577587), (56.7904607, 60.6586591), (56.7902493, 60.6584883), (56.7900379, 60.6588206), (56.7898193, 60.6592949), (56.7904477, 60.6601239), (56.7912063, 60.6582346)]",9508.788658589125,45
way/105694265,56.789304192307696,60.664636853846154,"[(56.7893131, 60.6639186), (56.7891994, 60.664057), (56.7884306, 60.6641855), (56.7881652, 60.6649862), (56.7883656, 60.6660934), (56.7889828, 60.6657573), (56.7894835, 60.6650089), (56.7895153, 60.6649614), (56.7902563, 60.6646914), (56.7902401, 60.6643924), (56.7900515, 60.6639845), (56.789638, 60.6643239), (56.7893131, 60.6639186)]",16594.229668382555,52
way/105694268,56.79167262222222,60.659370233333334,"[(56.7931783, 60.6545389), (56.7893672, 60.6637941), (56.78964, 60.6641746), (56.7900333, 60.6638254), (56.7915683, 60.6601095), (56.7920478, 60.6595224), (56.7923832, 60.658419), (56.7936572, 60.6554093), (56.7931783, 60.6545389)]",46940.187691897154,178
way/105694271,56.78602437777778,60.662045133333336,"[(56.78625, 60.6614242), (56.7860867, 60.6614982), (56.7859766, 60.6610618), (56.785375, 60.6616012), (56.7854985, 60.6621945), (56.7858772, 60.6629202), (56.7862993, 60.6632834), (56.7866061, 60.6629985), (56.78625, 60.6614242)]",10261.85329797864,30
way/107839438,56.939182943478265,60.6715253826087,"[(56.9401908, 60.6711413), (56.9397843, 60.6708421), (56.93988, 60.670399), (56.9394437, 60.6701084), (56.9392741, 60.6710406), (56.939169, 60.6709716), (56.9393919, 60.6699012), (56.9389178, 60.6694984), (56.938535, 60.6708115), (56.9383469, 60.6719295), (56.9385262, 60.6719997), (56.9385506, 60.6723864), (56.938241, 60.6723106), (56.9381757, 60.6730403), (56.9385989, 60.6731162), (56.9386391, 60.6725132), (56.939287, 60.6726213), (56.939346, 60.6722047), (56.9394, 60.6720252), (56.9395294, 60.6721265), (56.9397001, 60.6713416), (56.9400894, 60.6716132), (56.9401908, 60.6711413)]",22938.891852669418,5
way/107839449,56.93791482941177,60.670517658823535,"[(56.938902, 60.6693703), (56.9388445, 60.6692641), (56.9382371, 60.6696323), (56.9381915, 60.6699229), (56.9378666, 60.6698251), (56.9377881, 60.6703257), (56.9381539, 60.6705387), (56.9381221, 60.6707793), (56.937239, 60.6703519), (56.9371819, 60.6709013), (56.937067, 60.6708698), (56.9370042, 60.6714153), (56.9372302, 60.6714959), (56.9371925, 60.6718205), (56.9381782, 60.672229), (56.9384513, 60.6706878), (56.938902, 60.6693703)]",17093.358883857727,8
way/107839471,56.93745797941177,60.67714716470588,"[(56.9373734, 60.6758422), (56.9374547, 60.676571), (56.9374858, 60.6769356), (56.937537, 60.6771861), (56.9375835, 60.6773697), (56.9374961, 60.6774894), (56.9374449, 60.677285), (56.9374388, 60.6770511), (56.9374087, 60.6768394), (56.9373997, 60.6765722), (56.9373116, 60.6758969), (56.9369103, 60.676004), (56.9369775, 60.676941), (56.9369968, 60.6775936), (56.9369514, 60.6776066), (56.936937, 60.6769216), (56.9368566, 60.6760142), (56.9365247, 60.6759538), (56.9367597, 60.6782158), (56.9371465, 60.678103), (56.9372595, 60.6783245), (56.9373646, 60.678359), (56.9376205, 60.6781317), (56.9376629, 60.6783216), (56.9378246, 60.6781461), (56.9379329, 60.6784182), (56.938103, 60.6781729), (56.9379997, 60.6779153), (56.9383118, 60.6773371), (56.9382907, 60.6771011), (56.9380662, 60.6763209), (56.9379193, 60.6763925), (56.9378475, 60.6758283), (56.9373734, 60.6758422)]",21905.576896036975,2
way/108090190,56.86508242580645,60.68601624516129,"[(56.8659293, 60.6837868), (56.8658991, 60.6835417), (56.8655541, 60.6838297), (56.8654336, 60.6834498), (56.8656074, 60.6833155), (56.865669, 60.6828116), (56.8651341, 60.6826955), (56.8649814, 60.6828248), (56.8649245, 60.6832415), (56.8641173, 60.6844669), (56.8640905, 60.6846569), (56.863836, 60.6854105), (56.8636506, 60.6857641), (56.8636657, 60.6858723), (56.8637783, 60.6866836), (56.8638628, 60.6872916), (56.8642144, 60.6884435), (56.8647403, 60.6893442), (56.8652257, 60.690024), (56.8652795, 60.690153), (56.8655911, 60.6898397), (56.8660532, 60.6893749), (56.8659644, 60.6891157), (56.8659977, 60.6890729), (56.8660226, 60.6890455), (56.865878, 60.6886607), (56.8650752, 60.6853125), (56.8650719, 60.6851899), (56.8651355, 60.6848897), (56.8652427, 60.6846078), (56.8659293, 60.6837868)]",64371.775642517954,48
way/108090216,56.85028325555555,60.68146227777778,"[(56.8504577, 60.6814006), (56.8503425, 60.6812564), (56.8501312, 60.6811792), (56.8500623, 60.6812238), (56.8500606, 60.681642), (56.8502947, 60.6818293), (56.8503579, 60.6816546), (56.8503847, 60.681574), (56.8504577, 60.6814006)]",1173.1481859125197,5
way/108543507,56.814005759090904,60.702341904545456,"[(56.8151044, 60.7031526), (56.8149387, 60.7029468), (56.8143475, 60.7023103), (56.814079, 60.7017614), (56.813859, 60.7013403), (56.8137422, 60.7010978), (56.8136413, 60.7008645), (56.8134712, 60.7004068), (56.8131841, 60.6994783), (56.8129679, 60.6993455), (56.8127126, 60.6991502), (56.8126015, 60.7000478), (56.812114, 60.7031055), (56.8135554, 60.705285), (56.8136898, 60.7050075), (56.8139, 60.7052955), (56.8147653, 60.7040539), (56.8149247, 60.7038161), (56.8151309, 60.7033683), (56.8151317, 60.7032931), (56.8151611, 60.7032421), (56.8151044, 60.7031526)]",64386.00177500397,115
way/109035555,56.84729580384616,60.706240330769226,"[(56.8475826, 60.7066394), (56.8473522, 60.7068068), (56.8472392, 60.7058494), (56.8470195, 60.7060033), (56.8469279, 60.7055354), (56.8470269, 60.7054136), (56.8469288, 60.7048535), (56.8470525, 60.7035501), (56.8473975, 60.7034862), (56.8473816, 60.7030789), (56.8466445, 60.703085), (56.8466105, 60.7044631), (56.8465425, 60.7044582), (56.8465289, 60.704816), (56.8468508, 60.7063727), (56.8471502, 60.7076298), (56.8476269, 60.7094216), (56.8477852, 60.7097507), (56.848068, 60.7095799), (56.8479305, 60.7081456), (56.8477794, 60.7077401), (56.8477236, 60.7073718), (56.8476787, 60.7073544), (56.8476311, 60.7071429), (56.8476488, 60.7070608), (56.8475826, 60.7066394)]",21927.3135291473,35
way/109035557,56.84754676,60.71007584,"[(56.8474899, 60.7092838), (56.8469251, 60.7097509), (56.8472326, 60.7106965), (56.8474005, 60.7103531), (56.8476889, 60.7104098), (56.8477367, 60.7107338), (56.8480468, 60.7105524), (56.8478572, 60.7099659), (56.8476, 60.7097284), (56.8474899, 60.7092838)]",5509.623419754207,10
way/109749242,56.80723975,60.56530396666667,"[(56.8064136, 60.5651432), (56.8084818, 60.5677371), (56.8091823, 60.5659374), (56.806782, 60.5630709), (56.8061652, 60.564792), (56.8064136, 60.5651432)]",41539.712698698044,2942
way/110750302,56.852415380000004,60.64524772,"[(56.8524194, 60.644724), (56.8520597, 60.6452895), (56.8524094, 60.6460333), (56.852769, 60.6454678), (56.8524194, 60.644724)]",3160.892589867115,2
way/110858991,56.914653533333336,60.65437355,"[(56.914453, 60.6539677), (56.9145402, 60.6543989), (56.914786, 60.6554065), (56.9149542, 60.6546857), (56.9147348, 60.6538148), (56.914453, 60.6539677)]",2642.3858237564564,2
way/110859006,56.91458764,60.65109801999999,"[(56.9144048, 60.6507903), (56.9146491, 60.6517925), (56.9149204, 60.6514863), (56.9145591, 60.6506307), (56.9144048, 60.6507903)]",1819.1405514031649,2
way/110873228,56.885217427777775,60.683042783333335,"[(56.8850584, 60.682083), (56.8850389, 60.6821608), (56.8850171, 60.6822382), (56.8849791, 60.6823902), (56.8849186, 60.682616), (56.884691, 60.6837258), (56.8849709, 60.683997), (56.8853437, 60.6842053), (56.8854036, 60.6841642), (56.8854979, 60.6836709), (56.8855742, 60.6837367), (56.8856176, 60.6835449), (56.8855338, 60.6834627), (56.8855757, 60.6831038), (56.8851626, 60.6827503), (56.8851975, 60.6825731), (56.8852747, 60.6822642), (56.8850584, 60.682083)]",7224.538199875504,10
way/110876017,56.883944411111116,60.68511774444445,"[(56.8842664, 60.6848331), (56.8839266, 60.6845673), (56.8837799, 60.6844385), (56.8835988, 60.6849482), (56.8834925, 60.6854825), (56.8839835, 60.6859181), (56.8840958, 60.6855537), (56.8840898, 60.6854852), (56.8842664, 60.6848331)]",4473.0719285309315,5
way/110884793,56.87253495555555,60.67575326666666,"[(56.8739471, 60.6756666), (56.8723762, 60.6751321), (56.8718052, 60.6749787), (56.8717284, 60.6754557), (56.8716602, 60.6760139), (56.8717646, 60.6760356), (56.8717616, 60.6761183), (56.8738242, 60.6767119), (56.8739471, 60.6756666)]",16588.730667106807,5
way/111518940,56.843367439999994,60.56425648,"[(56.8434736, 60.5636799), (56.8430715, 60.5639112), (56.8431822, 60.5651131), (56.8436363, 60.5648983), (56.8434736, 60.5636799)]",3727.8911716639996,68
way/111664139,56.78387815999999,60.63872335999999,"[(56.7839606, 60.6374098), (56.7832688, 60.6380005), (56.7837801, 60.6404466), (56.7844207, 60.6403501), (56.7839606, 60.6374098)]",13348.303852304816,22
way/111697025,56.83405183333333,60.56994261111111,"[(56.8348854, 60.5681092), (56.8329144, 60.5678422), (56.8328565, 60.5698873), (56.8328019, 60.5712948), (56.8337966, 60.5713862), (56.8347007, 60.5714256), (56.8348019, 60.5712506), (56.8348237, 60.5701784), (56.8348854, 60.5681092)]",45720.15443164483,1852
way/112673269,56.86675904444444,60.73078942222222,"[(56.8672393, 60.7310343), (56.8668175, 60.7305289), (56.8665004, 60.7300875), (56.8663228, 60.7298696), (56.8662209, 60.7303291), (56.8664559, 60.7308508), (56.8669435, 60.731793), (56.8670918, 60.7315773), (56.8672393, 60.7310343)]",5378.857478618622,5
way/112677992,56.90870735000001,60.71843281666667,"[(56.9089334, 60.7181011), (56.90874, 60.7180367), (56.9082246, 60.7178812), (56.9083886, 60.7193242), (56.9090241, 60.7191526), (56.9089334, 60.7181011)]",5677.0498886704445,2
way/112944072,56.86537926818182,60.734888354545454,"[(56.8664177, 60.7353152), (56.8664484, 60.7333766), (56.8661527, 60.7333678), (56.8661662, 60.7321409), (56.8657436, 60.73213), (56.8642853, 60.7321373), (56.8638755, 60.7321409), (56.8638766, 60.7324714), (56.863385, 60.7324591), (56.8631669, 60.7347817), (56.865028, 60.7347234), (56.865027, 60.7357602), (56.8650252, 60.7364422), (56.8649966, 60.7365498), (56.8649885, 60.737569), (56.8653339, 60.7375818), (56.8653566, 60.7372795), (56.866767, 60.7373339), (56.8667621, 60.736678), (56.8665504, 60.7366734), (56.866573, 60.7353165), (56.8664177, 60.7353152)]",80298.06501157582,30
way/113788453,56.884419731818184,60.72419007272727,"[(56.8829658, 60.7238931), (56.8830716, 60.7241989), (56.8832471, 60.7243416), (56.883325, 60.7245914), (56.8835033, 60.725152), (56.8847734, 60.7258407), (56.8849179, 60.7257178), (56.8848065, 60.7253202), (56.8837622, 60.7245506), (56.884102, 60.7236127), (56.8845531, 60.7230011), (56.8853829, 60.7253737), (56.8855001, 60.7252334), (56.8855557, 60.7251669), (56.8851811, 60.7240741), (56.8851544, 60.7239961), (56.8851988, 60.7239479), (56.8848537, 60.722838), (56.8848334, 60.7227728), (56.8848762, 60.7226462), (56.8847041, 60.7220193), (56.8829658, 60.7238931)]",23019.25228195265,42
way/113788465,56.88265655,60.722285975,"[(56.8828266, 60.7215712), (56.8825754, 60.7218848), (56.8824372, 60.7219827), (56.882239, 60.7220642), (56.882057, 60.7222404), (56.8828963, 60.7237434), (56.8833943, 60.7232299), (56.8828266, 60.7215712)]",9440.22946202755,38
way/113788467,56.882619,60.724812885714286,"[(56.8828531, 60.7250501), (56.8828878, 60.7248626), (56.8827458, 60.7246743), (56.882519, 60.7243587), (56.8821615, 60.7247548), (56.8823127, 60.7249396), (56.8828531, 60.7250501)]",1857.394294783473,8
way/113788469,56.87977294545454,60.72131016363637,"[(56.8802895, 60.7213955), (56.879852, 60.7207312), (56.8795812, 60.720791), (56.8793001, 60.7208121), (56.879256, 60.7208822), (56.8792501, 60.7209554), (56.8796753, 60.7223364), (56.879885, 60.722057), (56.8798673, 60.7216408), (56.8802564, 60.7214147), (56.8802895, 60.7213955)]",5630.315759150311,10
way/113788470,56.88400018666666,60.720510399999995,"[(56.8840473, 60.7190494), (56.8839878, 60.7189935), (56.8835787, 60.7194715), (56.8834076, 60.7197029), (56.8834034, 60.7197831), (56.8837035, 60.7206665), (56.8839407, 60.721441), (56.884168, 60.7222185), (56.8842101, 60.7222594), (56.8842523, 60.7222806), (56.8845762, 60.7219417), (56.8843539, 60.7210114), (56.884187, 60.7201628), (56.884139, 60.7196243), (56.8840473, 60.7190494)]",11477.87474337779,88
way/113788481,56.88206838,60.72310587,"[(56.8819753, 60.7223198), (56.8815521, 60.7225992), (56.8815038, 60.7228501), (56.8818843, 60.7235855), (56.8821333, 60.7239988), (56.8823858, 60.7242542), (56.8828416, 60.7237659), (56.8824244, 60.723014), (56.8820079, 60.7223514), (56.8819753, 60.7223198)]",8541.083687782288,28
way/113792108,56.687227918,60.481238836,"[(56.6766428, 60.4761091), (56.6841445, 60.5008573), (56.6841835, 60.5009277), (56.6848056, 60.5020491), (56.6852281, 60.5025941), (56.6856254, 60.5030906), (56.6871406, 60.5045044), (56.6882571, 60.5030358), (56.6885176, 60.5026226), (56.6887229, 60.5022774), (56.6896977, 60.5013307), (56.6892613, 60.5003333), (56.689085, 60.4973074), (56.6895015, 60.4960931), (56.690631, 60.4948581), (56.692167, 60.4945689), (56.694497, 60.4947041), (56.6946826, 60.4889565), (56.6952024, 60.4836485), (56.6950817, 60.4824821), (56.6950725, 60.481958), (56.6962606, 60.4753822), (56.6957222, 60.4749934), (56.695192, 60.4742755), (56.6941628, 60.4713927), (56.6931603, 60.4709701), (56.6923527, 60.4703277), (56.6908024, 60.4686541), (56.6901061, 60.4674877), (56.6896513, 60.4667439), (56.6886208, 60.4660677), (56.6879802, 60.4660677), (56.6860772, 60.4675799), (56.6860491, 60.4675722), (56.6854177, 60.4684006), (56.6843303, 60.469307), (56.6839062, 60.4695691), (56.6836769, 60.4697676), (56.6834427, 60.469921), (56.6831501, 60.4701082), (56.6828481, 60.4702805), (56.6824741, 60.4705595), (56.6819546, 60.4709471), (56.6812517, 60.4714716), (56.680769, 60.4718318), (56.6804966, 60.4720351), (56.6802064, 60.4722619), (56.679464, 60.4728421), (56.6770792, 60.474706), (56.6766428, 60.4761091)]",3079211.355646156,195
way/113795034,56.73461877999999,60.59911222000001,"[(56.7354777, 60.5987334), (56.7343328, 60.59775), (56.7328418, 60.5993342), (56.7349639, 60.6010101), (56.7354777, 60.5987334)]",30575.372401714325,42
way/113931159,56.93911218823529,60.62165168235294,"[(56.9376588, 60.6226309), (56.9378688, 60.6227532), (56.9381346, 60.622878), (56.9383117, 60.6213671), (56.939487, 60.622131), (56.9408355, 60.6230065), (56.9409057, 60.6228005), (56.9415617, 60.6230666), (56.9417555, 60.6221363), (56.94121, 60.621762), (56.9393465, 60.6202771), (56.9385178, 60.6196677), (56.9379254, 60.6194169), (56.9378636, 60.6199065), (56.9379395, 60.6206451), (56.9379263, 60.6210023), (56.9376588, 60.6226309)]",45534.55702845752,375
way/113931162,56.93757060769231,60.62098583076923,"[(56.9376225, 60.6224311), (56.9377249, 60.6218136), (56.9377645, 60.6213232), (56.9378272, 60.6208752), (56.9378372, 60.6204454), (56.9377612, 60.6197976), (56.9377876, 60.6193677), (56.9375298, 60.6192815), (56.9374276, 60.6197128), (56.9372258, 60.6210556), (56.9371072, 60.6220497), (56.9371799, 60.6222313), (56.9376225, 60.6224311)]",10072.98883139342,20
way/113931167,56.93895541818181,60.61732286363636,"[(56.9381083, 60.6169918), (56.9386058, 60.6176081), (56.938663, 60.6176133), (56.9387461, 60.6174716), (56.9388578, 60.6174453), (56.9398602, 60.6183431), (56.9400292, 60.6181383), (56.9402169, 60.6175095), (56.938839, 60.6160707), (56.938475, 60.616368), (56.9381083, 60.6169918)]",15128.92294645356,425
way/113931173,56.93776386666667,60.62414481666667,"[(56.9381326, 60.6231187), (56.9375498, 60.6228065), (56.9371504, 60.6255443), (56.9376979, 60.6257805), (56.9379199, 60.6245002), (56.9381326, 60.6231187)]",11234.705295354128,18
way/114505017,56.7923354,60.46575633571428,"[(56.7924187, 60.4640782), (56.7919932, 60.4640967), (56.791946, 60.4652537), (56.791841, 60.4664146), (56.7916651, 60.4672846), (56.7919164, 60.4673758), (56.7923819, 60.4673954), (56.7925982, 60.4673973), (56.7926427, 60.4665479), (56.7927663, 60.4664118), (56.7928787, 60.4650398), (56.7927979, 60.464636), (56.7924308, 60.4645787), (56.7924187, 60.4640782)]",18528.22122126748,158
way/114505020,56.793343881818174,60.46599728181818,"[(56.7938651, 60.4657365), (56.7939418, 60.4656136), (56.7933984, 60.464956), (56.7933434, 60.4648081), (56.7930316, 60.4648092), (56.7930115, 60.4661434), (56.7928964, 60.4666246), (56.7928518, 60.4667463), (56.7927559, 60.4674003), (56.7938217, 60.4673956), (56.7938651, 60.4657365)]",14589.516436516424,40
way/114506970,56.80503974117647,60.496796347058826,"[(56.8050637, 60.4977661), (56.8052326, 60.4971009), (56.8053559, 60.4969588), (56.8057935, 60.496822), (56.8060241, 60.4966611), (56.8058723, 60.4961209), (56.8053916, 60.4956992), (56.8052629, 60.4962108), (56.8042136, 60.4961148), (56.8040064, 60.4970419), (56.8045233, 60.4974335), (56.8047362, 60.4965511), (56.8048596, 60.4964894), (56.804886, 60.4966235), (56.8047832, 60.4967228), (56.804607, 60.497455), (56.8050637, 60.4977661)]",13830.949472635984,85
way/114699792,56.87158121818182,60.28867471818182,"[(56.8719007, 60.2939288), (56.8720624, 60.2906514), (56.8721943, 60.2860817), (56.8717092, 60.2859804), (56.8717475, 60.2853966), (56.8717773, 60.2848594), (56.8711732, 60.2846959), (56.8711987, 60.2856379), (56.8709817, 60.2905502), (56.8707477, 60.2937108), (56.8719007, 60.2939288)]",61936.528537765145,448
way/114699826,56.87571706999999,60.28335246,"[(56.8771076, 60.2838011), (56.8756811, 60.2833938), (56.8758093, 60.2825805), (56.8749028, 60.282335), (56.8746763, 60.2822869), (56.8745124, 60.2831295), (56.8743945, 60.2837292), (56.8759105, 60.284065), (56.8770686, 60.2844025), (56.8771076, 60.2838011)]",17808.154455393553,22
way/114699893,56.87076635999999,60.28756484,"[(56.8710935, 60.2856161), (56.8705801, 60.2855094), (56.8702184, 60.2904838), (56.8708463, 60.2905988), (56.8710935, 60.2856161)]",19522.180382974446,68
way/116003942,56.68203539444445,60.50679427222222,"[(56.6844846, 60.5027521), (56.6826356, 60.5033483), (56.6808223, 60.5023881), (56.6807087, 60.5025491), (56.6807908, 60.5028939), (56.6810434, 60.5030778), (56.6801972, 60.5063311), (56.6803235, 60.5069058), (56.6808097, 60.5077795), (56.6812075, 60.5089405), (56.6811444, 60.5094233), (56.6819021, 60.5105269), (56.6819716, 60.5113086), (56.6823062, 60.5126421), (56.6829313, 60.5119868), (56.6841878, 60.5123478), (56.6846858, 60.5043431), (56.6844846, 60.5027521)]",216890.8554033041,242
way/116605524,56.79808203333334,60.47084428333333,"[(56.797848, 60.4697429), (56.7979302, 60.4708587), (56.7981811, 60.4726414), (56.7985314, 60.4725085), (56.7981535, 60.4695713), (56.797848, 60.4697429)]",7332.007504180074,5
way/117099110,56.87872501428571,60.51173358571429,"[(56.8778367, 60.5125708), (56.8780565, 60.5128719), (56.8787683, 60.5111323), (56.879554, 60.5121996), (56.8800137, 60.5110844), (56.8790092, 60.5097053), (56.8778367, 60.5125708)]",15995.822241693735,1760
way/118272363,56.78089167777778,60.907063488888895,"[(56.7772655, 60.8969434), (56.7753989, 60.9060738), (56.7772592, 60.9070223), (56.7808806, 60.9130081), (56.7849736, 60.9144676), (56.7853809, 60.9103389), (56.7848838, 60.9094345), (56.7847171, 60.9093394), (56.7772655, 60.8969434)]",524360.0578209907,6248
way/119206575,56.787437000000004,60.63999063333333,"[(56.7863549, 60.6404007), (56.7867934, 60.6417067), (56.7884344, 60.6397559), (56.7886294, 60.6391744), (56.788055, 60.6385054), (56.7863549, 60.6404007)]",21466.051091313362,25
way/121101304,56.87406092727272,60.73862196363636,"[(56.8738117, 60.7376577), (56.8737538, 60.7381267), (56.8738201, 60.7381639), (56.8739219, 60.7382083), (56.8739813, 60.7385359), (56.8740377, 60.7393574), (56.8741149, 60.7394583), (56.8740763, 60.7397559), (56.8745573, 60.7399237), (56.8747835, 60.7379961), (56.8738117, 60.7376577)]",9691.468195531517,42
way/121101307,56.87899586,60.740535799999996,"[(56.877678, 60.7387896), (56.8778351, 60.7402264), (56.8778664, 60.7403871), (56.8779152, 60.7410244), (56.8784909, 60.7409919), (56.8789018, 60.7419246), (56.880412, 60.7421917), (56.8804456, 60.7413613), (56.8801109, 60.7412976), (56.8801443, 60.7407603), (56.8799975, 60.7407542), (56.8798307, 60.7409679), (56.8790601, 60.7407757), (56.8785714, 60.7377947), (56.877678, 60.7387896)]",32943.51343513001,50
way/121101312,56.8731995,60.7386476,"[(56.8734985, 60.7395893), (56.873729, 60.7375669), (56.8727504, 60.737234), (56.8725211, 60.7392585), (56.8734985, 60.7395893)]",13955.928506433964,45
way/121101313,56.87347056,60.7352504,"[(56.8723717, 60.7354442), (56.8749812, 60.7363664), (56.8751312, 60.7349878), (56.872497, 60.7340094), (56.8723717, 60.7354442)]",25932.115164399147,85
way/121101314,56.87535448,60.73939476,"[(56.875627, 60.7403015), (56.875861, 60.7383201), (56.8749485, 60.7380317), (56.8747089, 60.740019), (56.875627, 60.7403015)]",12791.606824308634,58
way/121101317,56.8758678,60.73607042,"[(56.8751343, 60.7364023), (56.8768717, 60.7370357), (56.8769036, 60.7355013), (56.8752951, 60.7350105), (56.8751343, 60.7364023)]",16987.377323269844,115
way/121101318,56.87237646,60.73835196,"[(56.8724527, 60.739196), (56.8726622, 60.7372189), (56.8722423, 60.7370739), (56.8720724, 60.739075), (56.8724527, 60.739196)]",5575.547700762749,32
way/121101319,56.87623272,60.73928558,"[(56.8759331, 60.7383492), (56.8757037, 60.7403654), (56.8766833, 60.7406836), (56.8769104, 60.7386805), (56.8759331, 60.7383492)]",13854.529770433903,62
way/121101321,56.87613408,60.737462400000005,"[(56.8768635, 60.7371902), (56.8751216, 60.7365964), (56.87497, 60.7378591), (56.8768518, 60.7384761), (56.8768635, 60.7371902)]",16012.530681967735,65
way/121101322,56.8733313,60.73675221999999,"[(56.8722589, 60.736903), (56.8748112, 60.7377994), (56.8749586, 60.7365414), (56.8723689, 60.7356143), (56.8722589, 60.736903)]",23027.0152785182,82
way/121101323,56.875144420000005,60.74128155999999,"[(56.8754427, 60.7420231), (56.8756119, 60.7404341), (56.8747013, 60.7401467), (56.8745235, 60.7417808), (56.8754427, 60.7420231)]",10323.398016184568,35
way/121101325,56.87738981428571,60.739871642857146,"[(56.8769785, 60.7386793), (56.876758, 60.7407308), (56.8778361, 60.7410691), (56.8778211, 60.7407602), (56.877771, 60.7403073), (56.8775855, 60.7388755), (56.8769785, 60.7386793)]",12307.836635679007,62
way/121101327,56.877041507142856,60.73430644285714,"[(56.8752845, 60.7336488), (56.8751703, 60.734663), (56.8768817, 60.7352344), (56.877097, 60.7352972), (56.8772797, 60.7352254), (56.8774683, 60.7350476), (56.8781779, 60.7342529), (56.8780858, 60.733916), (56.8780084, 60.7336653), (56.8778482, 60.7337514), (56.8777819, 60.7336045), (56.8773437, 60.7340578), (56.8768692, 60.7342771), (56.8752845, 60.7336488)]",19787.427647687495,272
way/121101328,56.87343241,60.74036109,"[(56.8745418, 60.7400981), (56.8720255, 60.7392616), (56.8719681, 60.7398719), (56.8726039, 60.7400685), (56.8726641, 60.740049), (56.8736866, 60.7404186), (56.8739262, 60.7405459), (56.8739821, 60.7415422), (56.874384, 60.741657), (56.8745418, 60.7400981)]",13644.632029294968,40
way/121647209,56.916015075,60.47447844166667,"[(56.9149344, 60.475393), (56.916508, 60.4753545), (56.9169477, 60.4744557), (56.9173068, 60.4739793), (56.9169227, 60.4729788), (56.916345, 60.473757), (56.9166229, 60.4743733), (56.9164778, 60.4746074), (56.9151837, 60.4743647), (56.9150449, 60.4744357), (56.9149526, 60.4746489), (56.9149344, 60.475393)]",16257.112539499998,2
way/122009513,56.843546628571424,60.571871214285714,"[(56.8427322, 60.5725855), (56.8441632, 60.5725456), (56.8442002, 60.5725379), (56.8442675, 60.5725542), (56.8443488, 60.5722146), (56.8444589, 60.5720404), (56.8445599, 60.5715426), (56.8431606, 60.5706447), (56.8431231, 60.5706206), (56.8430075, 60.5712321), (56.8430037, 60.5714736), (56.8430027, 60.5715404), (56.8428923, 60.5720793), (56.8427322, 60.5725855)]",15662.271521751769,3185
way/125141884,56.78601978571429,60.65083815714286,"[(56.7859162, 60.650517), (56.7856747, 60.6508), (56.7857069, 60.6508916), (56.7861024, 60.6517913), (56.7865889, 60.6511989), (56.7862332, 60.6501513), (56.7859162, 60.650517)]",5309.1734232753515,915
way/126605112,56.819473779999996,60.54851406,"[(56.8199939, 60.5491693), (56.8192267, 60.5467377), (56.8186106, 60.5474528), (56.8195438, 60.5500412), (56.8199939, 60.5491693)]",13686.71489059925,65
way/129414150,56.75746795789473,60.73769616842105,"[(56.7576988, 60.7368133), (56.757588, 60.7368009), (56.7574488, 60.7369488), (56.7572084, 60.7372396), (56.7570598, 60.7374712), (56.7569193, 60.7377152), (56.7569058, 60.7377989), (56.7569287, 60.7382253), (56.7572462, 60.7383485), (56.7574667, 60.7383908), (56.7575149, 60.7383978), (56.7575759, 60.7384114), (56.757693, 60.7384182), (56.7577906, 60.7383854), (56.7578271, 60.7383066), (56.7578068, 60.7375427), (56.7577568, 60.7372272), (56.7577568, 60.7369721), (56.7576988, 60.7368133)]",7330.69052839186,5
way/131889198,56.86265074736842,60.30685847894737,"[(56.8628965, 60.3083852), (56.8628906, 60.308095), (56.8629082, 60.3071546), (56.8630257, 60.3069504), (56.8631743, 60.3054433), (56.8630175, 60.3054138), (56.8630144, 60.3054503), (56.8625966, 60.3054158), (56.8625761, 60.3057621), (56.8624766, 60.3057459), (56.8624519, 60.305989), (56.862409, 60.3059813), (56.8623379, 60.3066822), (56.8622501, 60.3074484), (56.8622701, 60.3074886), (56.8622447, 60.3077859), (56.8624186, 60.3083381), (56.8625089, 60.308396), (56.8628965, 60.3083852)]",12925.406842390075,35
way/131889210,56.865572085714284,60.30203958571428,"[(56.8660425, 60.3019475), (56.8655549, 60.3017863), (56.8653434, 60.301625), (56.8650555, 60.3015659), (56.8650203, 60.3025923), (56.8659455, 60.3028126), (56.8660425, 60.3019475)]",6300.17701305449,2
way/131889216,56.866604125,60.3024607125,"[(56.8661974, 60.301926), (56.866178, 60.3021638), (56.8664817, 60.3022358), (56.866438, 60.3028434), (56.8668823, 60.3031813), (56.867194, 60.303323), (56.8672642, 60.3020864), (56.8661974, 60.301926)]",6242.609585814178,2
way/131889219,56.86418898888889,60.30199585555556,"[(56.8636713, 60.3011119), (56.8635545, 60.3025117), (56.8637454, 60.3026138), (56.864001, 60.3021409), (56.8644592, 60.3022753), (56.8646678, 60.3023774), (56.864941, 60.3023827), (56.8649894, 60.3014371), (56.8636713, 60.3011119)]",9814.80231995415,10
way/134626874,56.803323677777776,60.510133055555556,"[(56.8031922, 60.5093194), (56.8028005, 60.5108491), (56.8032175, 60.5110828), (56.8033289, 60.5104993), (56.8036968, 60.5107468), (56.8038274, 60.510166), (56.803303, 60.5097798), (56.8033546, 60.5094349), (56.8031922, 60.5093194)]",5727.1206503510475,12
way/135883741,56.72903700909091,60.72510523636364,"[(56.7293984, 60.7236996), (56.7294113, 60.7229839), (56.7293992, 60.7229624), (56.7292963, 60.722959), (56.7291199, 60.7230113), (56.7290827, 60.7230972), (56.7290825, 60.7237586), (56.7287717, 60.72384), (56.7285841, 60.7239892), (56.7283713, 60.7241712), (56.7284128, 60.7243877), (56.7285345, 60.7250872), (56.7286299, 60.7256327), (56.7286988, 60.7260267), (56.7287796, 60.7264881), (56.7287952, 60.7265777), (56.7288824, 60.7267305), (56.7288869, 60.7270027), (56.7288932, 60.7273795), (56.7291796, 60.7273979), (56.7292001, 60.7270072), (56.7292073, 60.7268697), (56.7291989, 60.7265877), (56.7291891, 60.7262038), (56.7292071, 60.7261995), (56.7291929, 60.7259625), (56.7291441, 60.7255669), (56.7291504, 60.7253064), (56.7291724, 60.7246857), (56.7292844, 60.7247041), (56.7292967, 60.7242378), (56.7293692, 60.7242588), (56.7293984, 60.7236996)]",15656.631424250081,52
way/136734834,56.74644898181818,60.709253636363634,"[(56.7462758, 60.7090397), (56.7460733, 60.7094328), (56.7462464, 60.709717), (56.7464321, 60.7093766), (56.7464899, 60.7094889), (56.7467497, 60.709381), (56.7467306, 60.709088), (56.746673, 60.7089728), (56.7465638, 60.7089803), (56.7464284, 60.7092732), (56.7462758, 60.7090397)]",1679.6254238011315,5
way/136734836,56.74890475833333,60.70755071666667,"[(56.7494237, 60.706872), (56.7491898, 60.7069292), (56.7478999, 60.7072052), (56.7478512, 60.7073504), (56.7479152, 60.7083289), (56.7484225, 60.7082182), (56.7490678, 60.70805), (56.7492551, 60.708001), (56.7494919, 60.707952), (56.7494696, 60.7076045), (56.7494467, 60.7072252), (56.7494237, 60.706872)]",11922.648288592696,108
way/136734837,56.74841206923077,60.708596876923075,"[(56.7479337, 60.7085065), (56.7479687, 60.7090035), (56.7481679, 60.7089568), (56.7483818, 60.7089067), (56.7483726, 60.7087761), (56.7487644, 60.7086842), (56.7490366, 60.7086204), (56.7490108, 60.7082539), (56.7487364, 60.7083183), (56.7485728, 60.7083566), (56.7483453, 60.70841), (56.7481322, 60.7084599), (56.7479337, 60.7085065)]",3107.127978183329,260
way/136734846,56.74714111428572,60.70898774285714,"[(56.7471726, 60.708518), (56.7468704, 60.7091314), (56.7469322, 60.7094155), (56.7471995, 60.70935), (56.7472783, 60.7091667), (56.7473622, 60.7088146), (56.7471726, 60.708518)]",1737.532858736813,162
way/139369277,56.8360786875,60.5280909,"[(56.8357908, 60.5284523), (56.8361354, 60.5285056), (56.8363712, 60.5285567), (56.836673, 60.5285837), (56.8366972, 60.5278681), (56.8365958, 60.527726), (56.8362208, 60.5276149), (56.836008, 60.5276568), (56.8359173, 60.5277049), (56.8358898, 60.5278228), (56.8358384, 60.5279429), (56.8358987, 60.5280448), (56.8358378, 60.5280933), (56.8358067, 60.5281548), (56.8357873, 60.5282745), (56.8357908, 60.5284523)]",4891.411966241896,10
way/139369280,56.835036550000005,60.527152550000004,"[(56.8347381, 60.5269395), (56.8351638, 60.5274768), (56.8353294, 60.5275632), (56.8354003, 60.5273162), (56.8348496, 60.5266801), (56.8347381, 60.5269395)]",1550.621481411159,5
way/147413081,56.70093601666667,60.73970356666666,"[(56.7009009, 60.7390161), (56.7003338, 60.7402666), (56.7010271, 60.7410485), (56.7013804, 60.7398015), (56.701073, 60.7390726), (56.7009009, 60.7390161)]",7823.783165220171,5
way/149427399,56.781790475,60.539503120000006,"[(56.782918, 60.5393649), (56.782324, 60.5383023), (56.7823034, 60.5382649), (56.7822733, 60.5382152), (56.7822939, 60.5381817), (56.7820281, 60.5376995), (56.7818636, 60.5380445), (56.7817675, 60.538327), (56.7816531, 60.5386638), (56.7815336, 60.5390153), (56.7814171, 60.5393579), (56.7813018, 60.5396971), (56.7811863, 60.540037), (56.7810642, 60.540396), (56.7809476, 60.5407391), (56.7811526, 60.5411407), (56.7815512, 60.5418789), (56.7816305, 60.541733), (56.7816817, 60.5416387), (56.782918, 60.5393649)]",26159.2284835279,518
way/149723044,56.778629720000005,60.533020910000005,"[(56.7792954, 60.5351685), (56.7798232, 60.5341702), (56.7795884, 60.5337377), (56.7793588, 60.5333201), (56.7791357, 60.5329118), (56.7789083, 60.5324954), (56.7786801, 60.5320777), (56.7784512, 60.5316587), (56.7782303, 60.5312545), (56.7780115, 60.5308539), (56.7777371, 60.5313582), (56.7774725, 60.5318447), (56.777684, 60.5322303), (56.7779052, 60.5326337), (56.7781544, 60.5330881), (56.7783735, 60.5334876), (56.7786021, 60.5339045), (56.7788308, 60.5343213), (56.7790565, 60.5347328), (56.7792954, 60.5351685)]",24363.95444187522,40
way/149723045,56.77975676999999,60.537579359999995,"[(56.7791963, 60.5356014), (56.7789298, 60.536102), (56.7786394, 60.5366474), (56.7788694, 60.5370538), (56.7790994, 60.5374602), (56.7793339, 60.5378745), (56.7795623, 60.5382782), (56.779793, 60.5386858), (56.7800298, 60.5391041), (56.780265, 60.5395197), (56.7804972, 60.5399299), (56.7810126, 60.5389246), (56.7807902, 60.5385178), (56.7805657, 60.5381069), (56.7803316, 60.5376786), (56.7800953, 60.5372462), (56.7798729, 60.5368394), (56.779641, 60.5364151), (56.7794143, 60.5360002), (56.7791963, 60.5356014)]",24881.012979984283,70
way/149723046,56.77675899230769,60.53457907692307,"[(56.7772495, 60.5346602), (56.777167, 60.5345078), (56.7771951, 60.534457), (56.7770569, 60.5342061), (56.7768293, 60.5337928), (56.7765988, 60.5333743), (56.7762889, 60.5339587), (56.7759727, 60.5345547), (56.7762014, 60.534971), (56.7764265, 60.5353809), (56.7766595, 60.5358052), (56.7769718, 60.5351991), (56.7772495, 60.5346602)]",10725.68067458272,18
way/149806348,56.87883350769231,60.55465007692308,"[(56.8791285, 60.5546603), (56.8788278, 60.5542643), (56.8787206, 60.5543045), (56.8786643, 60.5542115), (56.878586, 60.5543092), (56.8786264, 60.5544885), (56.8785707, 60.5547166), (56.87866, 60.5548666), (56.8786952, 60.5550407), (56.878972, 60.5553691), (56.8791491, 60.5548187), (56.8791065, 60.5547407), (56.8791285, 60.5546603)]",2660.3670873381197,65
way/150157790,56.88540095555555,60.72899006666666,"[(56.8842826, 60.7272853), (56.8826562, 60.7292628), (56.8825996, 60.7300663), (56.887479, 60.7315971), (56.8874281, 60.7301953), (56.8868926, 60.7291041), (56.8865097, 60.7281282), (56.8864782, 60.7279862), (56.8842826, 60.7272853)]",86944.963094607,105
way/150472212,56.88338946666667,60.48908821333334,"[(56.8825111, 60.4901889), (56.8830727, 60.4911777), (56.8836507, 60.4897039), (56.8836453, 60.4896173), (56.8836716, 60.489378), (56.8836816, 60.4889809), (56.8837417, 60.488632), (56.8837335, 60.4885673), (56.8837019, 60.4885277), (56.8835368, 60.4883626), (56.883512, 60.4883885), (56.8833346, 60.4881779), (56.8832894, 60.4881909), (56.883248, 60.4882407), (56.8825111, 60.4901889)]",13174.581992845051,158
way/150472214,56.88467912,60.49469444,"[(56.8852552, 60.4947767), (56.8842723, 60.493429), (56.8838136, 60.4945716), (56.8847993, 60.4959182), (56.8852552, 60.4947767)]",11812.983782172203,175
way/150472221,56.88773968,60.49935402,"[(56.8870582, 60.4991003), (56.888285, 60.5008297), (56.8887665, 60.4997374), (56.8875305, 60.4980024), (56.8870582, 60.4991003)]",14760.686287760735,68
way/150472222,56.8847918,60.486049019999996,"[(56.8846026, 60.4874096), (56.8855594, 60.4845184), (56.8850695, 60.4839728), (56.8841249, 60.4869347), (56.8846026, 60.4874096)]",12904.365384578705,68
way/150472227,56.8875594,60.500693979999994,"[(56.8882388, 60.5009095), (56.8870044, 60.4992434), (56.8865424, 60.5003556), (56.8877726, 60.5020519), (56.8882388, 60.5009095)]",14725.755281567574,72
way/150472231,56.883726,60.49087755714286,"[(56.8836361, 60.4921499), (56.8844844, 60.4899772), (56.8842349, 60.4899142), (56.8837148, 60.4897701), (56.8832484, 60.4909083), (56.8831273, 60.4912733), (56.8836361, 60.4921499)]",10715.231305748224,108
way/150472234,56.8832367125,60.4945518375,"[(56.8832459, 60.4956991), (56.8841899, 60.4933083), (56.8836374, 60.4923679), (56.8831236, 60.4936305), (56.8826255, 60.49493), (56.882632, 60.4950567), (56.8831935, 60.4957231), (56.8832459, 60.4956991)]",16079.640098754317,288
way/150472240,56.88651862857143,60.484748471428574,"[(56.8856716, 60.4843897), (56.8867125, 60.4856389), (56.8871584, 60.4861267), (56.8872348, 60.4856668), (56.8870802, 60.4838549), (56.8861013, 60.4831726), (56.8856716, 60.4843897)]",16920.11596661806,85
way/150472242,56.884603975000005,60.490768474999996,"[(56.88456, 60.4899795), (56.8836731, 60.4922694), (56.8842341, 60.4932023), (56.8853074, 60.490588), (56.8850333, 60.4901854), (56.8848599, 60.4899868), (56.884604, 60.4899569), (56.88456, 60.4899795)]",16694.66171336174,135
way/150472244,56.88506574444445,60.49769432222222,"[(56.8853144, 60.4986432), (56.8853438, 60.4986543), (56.8853815, 60.4986233), (56.8858384, 60.4975813), (56.8848451, 60.4962175), (56.8848038, 60.4962132), (56.8843659, 60.4972542), (56.8843844, 60.4974187), (56.8853144, 60.4986432)]",12408.009326529223,75
way/150472246,56.885477557142856,60.4857313,"[(56.8851972, 60.4858917), (56.885201, 60.4859436), (56.8852255, 60.485985), (56.8857237, 60.4865629), (56.8861762, 60.4852316), (56.8856221, 60.4846126), (56.8851972, 60.4858917)]",6814.170547310263,42
way/150472257,56.8864827125,60.4824325125,"[(56.8861249, 60.4830365), (56.8866125, 60.4834035), (56.887024, 60.483679), (56.8870566, 60.4836193), (56.8867886, 60.4800271), (56.886047, 60.4801284), (56.8860832, 60.4825298), (56.8861249, 60.4830365)]",18763.339210793376,70
way/150472258,56.886560880000005,60.497696559999994,"[(56.8859609, 60.4975692), (56.8869965, 60.499012), (56.8874525, 60.4979062), (56.8864336, 60.4964262), (56.8859609, 60.4975692)]",12446.773850798607,45
way/150472260,56.88207758888889,60.49247076666667,"[(56.8814146, 60.4933941), (56.881592, 60.4936596), (56.8820568, 60.4941524), (56.8826122, 60.4923262), (56.8830275, 60.4913011), (56.8826647, 60.4906183), (56.8824707, 60.4903405), (56.8814452, 60.4930506), (56.8814146, 60.4933941)]",18430.95371583104,242
way/150472268,56.8855353,60.487167677777784,"[(56.8848507, 60.4871018), (56.8856201, 60.4879859), (56.8856811, 60.4879473), (56.8858946, 60.4874542), (56.8860022, 60.4871236), (56.8860044, 60.4870262), (56.8857271, 60.48671), (56.8851868, 60.4860583), (56.8848507, 60.4871018)]",7933.576082665473,22
way/150472270,56.88264455555556,60.493539000000006,"[(56.8825632, 60.4948872), (56.883598, 60.4922622), (56.8830762, 60.4913774), (56.8827178, 60.4922733), (56.8825757, 60.4926861), (56.8821215, 60.4941898), (56.8821009, 60.4944071), (56.8824845, 60.4948807), (56.8825632, 60.4948872)]",15333.523621636909,315
way/150472271,56.884757379999996,60.489439579999996,"[(56.8837402, 60.4896577), (56.8843776, 60.4898278), (56.8849459, 60.4899236), (56.8853493, 60.4904949), (56.8858477, 60.4893236), (56.8856104, 60.4890132), (56.885454, 60.4889335), (56.8847148, 60.48888), (56.8837937, 60.4886838), (56.8837402, 60.4896577)]",14506.49094229564,90
way/150536844,56.89122238,60.486125900000005,"[(56.8906889, 60.4869721), (56.8921503, 60.486651), (56.8920198, 60.4848404), (56.890564, 60.4851939), (56.8906889, 60.4869721)]",18056.492338597775,55
way/150666682,56.88405614285715,60.496116542857145,"[(56.8847279, 60.4960685), (56.8837588, 60.494692), (56.8833246, 60.4957573), (56.883341, 60.4958991), (56.8842307, 60.4971626), (56.8842821, 60.4971678), (56.8847279, 60.4960685)]",11826.923931129277,60
way/150666683,56.88560805,60.4920603,"[(56.884842, 60.4920458), (56.8858019, 60.4934121), (56.8858472, 60.4933972), (56.8863569, 60.4921362), (56.8863527, 60.4920677), (56.8854248, 60.4906863), (56.8853969, 60.4906913), (56.884842, 60.4920458)]",14382.607474117074,70
way/151462124,56.88601464285715,60.490125642857144,"[(56.8854547, 60.4905257), (56.8860248, 60.4913875), (56.8862233, 60.490869), (56.8859364, 60.4904297), (56.8866335, 60.4887723), (56.8863751, 60.4883696), (56.8854547, 60.4905257)]",8027.061977952719,18
way/151676768,56.88654136,60.49359424000001,"[(56.8859041, 60.4935801), (56.8869152, 60.4949976), (56.8875156, 60.4935836), (56.8864678, 60.4922298), (56.8859041, 60.4935801)]",15133.004690289497,52
way/151676769,56.886334420000004,60.49899703999999,"[(56.8869357, 60.4991266), (56.8859167, 60.4976635), (56.8854087, 60.4988257), (56.8864753, 60.5002428), (56.8869357, 60.4991266)]",12797.301143527031,90
way/151676770,56.88551798571429,60.49619017142857,"[(56.886356, 60.4963657), (56.8853463, 60.494934), (56.884896, 60.4960018), (56.884893, 60.4960785), (56.8849065, 60.4961278), (56.8858721, 60.4974577), (56.886356, 60.4963657)]",12226.078039381653,120
way/151676771,56.887042171428575,60.49614665714286,"[(56.8864804, 60.4963465), (56.8875052, 60.4977809), (56.8879699, 60.4966857), (56.8869818, 60.4952925), (56.8869539, 60.495275), (56.8869236, 60.4952995), (56.8864804, 60.4963465)]",12177.45653205365,60
way/151676774,56.88520772857142,60.493290800000004,"[(56.8857469, 60.4935386), (56.8848043, 60.4922008), (56.884773, 60.4922058), (56.8843272, 60.4933086), (56.8853098, 60.4946372), (56.885746, 60.493606), (56.8857469, 60.4935386)]",11551.841691745445,72
way/152243708,56.91288086666666,60.59167095833333,"[(56.9126526, 60.5917229), (56.9126352, 60.5917703), (56.9128197, 60.592045), (56.9128564, 60.5919766), (56.9128964, 60.59203), (56.9129337, 60.5919405), (56.913043, 60.5916658), (56.9130145, 60.5916174), (56.9130894, 60.5913871), (56.9130552, 60.5911712), (56.9129217, 60.5910018), (56.9126526, 60.5917229)]",1743.0517392978072,65
way/152243720,56.90487685000001,60.56978464,"[(56.9047218, 60.5691042), (56.9043802, 60.5700389), (56.9046607, 60.5703754), (56.9046518, 60.5703987), (56.9045836, 60.5706066), (56.904823, 60.5709005), (56.9054488, 60.5691657), (56.9054, 60.5690927), (56.9053768, 60.5690595), (56.9047218, 60.5691042)]",7009.820792291313,520
way/153740307,56.68775436666667,60.55272181333333,"[(56.6884872, 60.5614844), (56.6886754, 60.5538492), (56.6891498, 60.5506547), (56.6889698, 60.5505067), (56.6882967, 60.5488035), (56.6889292, 60.5480242), (56.6887928, 60.5467775), (56.6883769, 60.5454352), (56.6875893, 60.5457191), (56.6870047, 60.5455471), (56.6861822, 60.5486879), (56.6851825, 60.5609268), (56.686037, 60.5608249), (56.6861548, 60.5621016), (56.6884872, 60.5614844)]",309529.66532446444,45
way/154686059,56.73493843571429,60.613023857142856,"[(56.7351183, 60.6115627), (56.7339813, 60.613003), (56.7341956, 60.6134793), (56.73439, 60.613202), (56.7347261, 60.6127782), (56.7350093, 60.6134965), (56.7347338, 60.6138853), (56.7349802, 60.6146091), (56.7358342, 60.6135524), (56.7354945, 60.6126036), (56.7350709, 60.6131171), (56.7350243, 60.613016), (56.7354613, 60.6124661), (56.7351183, 60.6115627)]",15424.773984014988,28
way/154686061,56.732631579999996,60.609520780000004,"[(56.732467, 60.6086409), (56.7321809, 60.6090251), (56.7328463, 60.610881), (56.7331967, 60.610416), (56.732467, 60.6086409)]",5956.70112401247,5
way/154686062,56.733100019999995,60.6091763,"[(56.7326955, 60.6088108), (56.733281, 60.6103109), (56.7339508, 60.6093728), (56.7328773, 60.6085762), (56.7326955, 60.6088108)]",6647.6047449707985,10
way/154686064,56.73404502857142,60.61219021428571,"[(56.7337577, 60.6131249), (56.7350804, 60.6114372), (56.7347284, 60.6105242), (56.733626, 60.6119536), (56.7338178, 60.6124095), (56.7335472, 60.6127572), (56.7337577, 60.6131249)]",11208.958140343428,20
way/155105615,56.750691499999995,60.60740033333334,"[(56.7498112, 60.6074437), (56.7522707, 60.6083011), (56.7523438, 60.6076734), (56.7500334, 60.6067491), (56.7498787, 60.606791), (56.7498112, 60.6074437)]",11972.274415191263,52
way/155246697,56.783018363636366,60.635719654545454,"[(56.7824557, 60.6340922), (56.7822394, 60.6349955), (56.782944, 60.6356835), (56.7831504, 60.6363176), (56.782803, 60.6367603), (56.7832061, 60.637855), (56.783881, 60.6372058), (56.7835542, 60.6358543), (56.7833551, 60.6352159), (56.7831574, 60.6348439), (56.7824557, 60.6340922)]",16394.126550614834,18
way/155246699,56.7853451625,60.634404599999996,"[(56.7844199, 60.6329715), (56.7841461, 60.633885), (56.7848627, 60.6346429), (56.7865797, 60.636499), (56.7868914, 60.6355618), (56.7863717, 60.6350426), (56.7850699, 60.6336625), (56.7844199, 60.6329715)]",20310.61171710491,70
way/155246704,56.782841069999996,60.6318494,"[(56.7840619, 60.6337765), (56.7843655, 60.6328205), (56.7833467, 60.6318364), (56.7830266, 60.6315442), (56.7818674, 60.6302571), (56.7818141, 60.6302867), (56.7816056, 60.6309508), (56.7816288, 60.6310692), (56.7826322, 60.6321761), (56.7840619, 60.6337765)]",19109.134562425315,22
way/155246705,56.78834994444444,60.63789286666666,"[(56.7889094, 60.6386916), (56.7893518, 60.6392007), (56.7896004, 60.6384453), (56.7879844, 60.636702), (56.7869341, 60.6356728), (56.7866369, 60.6366121), (56.788025, 60.6380895), (56.7887981, 60.6389302), (56.7889094, 60.6386916)]",22807.966765880585,62
way/155246708,56.79056462999999,60.640038690000004,"[(56.7915184, 60.6411183), (56.7917598, 60.6405255), (56.7898497, 60.6384674), (56.7897502, 60.6384925), (56.7895637, 60.6387836), (56.7893397, 60.6395374), (56.7903914, 60.6406594), (56.7905146, 60.6403582), (56.7914404, 60.6413263), (56.7915184, 60.6411183)]",19019.755491342396,50
way/155246709,56.78317457777778,60.633886311111105,"[(56.7833151, 60.6346623), (56.7835885, 60.6340912), (56.7835283, 60.6340024), (56.7836482, 60.6336981), (56.7829055, 60.6329128), (56.7827437, 60.6334264), (56.7828364, 60.6335153), (56.7826904, 60.634006), (56.7833151, 60.6346623)]",6310.245411150157,12
way/155291468,56.905263125,60.56050809375,"[(56.9052191, 60.560898), (56.9052502, 60.5609013), (56.9053352, 60.5608196), (56.9054717, 60.5606882), (56.905489, 60.5606397), (56.905552, 60.5604625), (56.905453, 60.560259), (56.905344, 60.5600504), (56.9052875, 60.5600231), (56.9050901, 60.5600464), (56.9050399, 60.560172), (56.9050389, 60.5602842), (56.9050799, 60.5604798), (56.9051545, 60.5607132), (56.9051859, 60.5607941), (56.9052191, 60.560898)]",2000.948370586615,260
way/155291469,56.90594985714286,60.55996591428571,"[(56.9056572, 60.560128), (56.9064209, 60.5604203), (56.9064542, 60.5600222), (56.9059782, 60.5597054), (56.9057632, 60.5596605), (56.9057181, 60.559697), (56.9056572, 60.560128)]",2507.2184215709567,162
way/155291471,56.90553832222223,60.56002995555556,"[(56.9054184, 60.5596423), (56.905344, 60.5600504), (56.905453, 60.560259), (56.905552, 60.5604625), (56.9056033, 60.5604257), (56.9056572, 60.560128), (56.9056805, 60.5599624), (56.9057181, 60.559697), (56.9054184, 60.5596423)]",1325.500035021454,98
way/156040044,56.88726171111111,60.492506544444446,"[(56.8877304, 60.4934509), (56.8875664, 60.4915979), (56.8871147, 60.491601), (56.8868771, 60.4913682), (56.8865926, 60.4920267), (56.8865943, 60.492137), (56.8875145, 60.4934325), (56.887635, 60.4934938), (56.8877304, 60.4934509)]",9112.757174968487,10
way/156040045,56.88760077777778,60.49509216666666,"[(56.887814, 60.494581), (56.8875764, 60.4945841), (56.8874995, 60.494532), (56.8873238, 60.4943085), (56.8870176, 60.4950864), (56.8876099, 60.4958888), (56.8878391, 60.49614), (56.8879127, 60.4961277), (56.887814, 60.494581)]",6091.822836906882,10
way/159011020,56.78312659000001,60.83304729,"[(56.7822333, 60.8301523), (56.7818352, 60.8317681), (56.7822527, 60.8324243), (56.7820362, 60.8348373), (56.783362, 60.834795), (56.7837756, 60.8338072), (56.7841157, 60.8340189), (56.7844288, 60.8347668), (56.7849931, 60.8337507), (56.7822333, 60.8301523)]",51695.6791398935,22
way/159012831,56.76968736333333,60.84639855666667,"[(56.7659334, 60.855668), (56.7675414, 60.8544991), (56.7694766, 60.8528876), (56.7718493, 60.8510159), (56.772877, 60.8512327), (56.7728207, 60.8467593), (56.7728144, 60.8452465), (56.7724862, 60.8452352), (56.7724744, 60.844246), (56.7728526, 60.8443024), (56.7730714, 60.8419721), (56.7724243, 60.8407238), (56.7726271, 60.8398979), (56.7727011, 60.8394773), (56.7722553, 60.8386158), (56.7718295, 60.8394934), (56.7712633, 60.8409008), (56.7706564, 60.839836), (56.7699391, 60.8386129), (56.7686867, 60.8414454), (56.7684807, 60.8412659), (56.7671022, 60.844149), (56.7664377, 60.8459997), (56.7661616, 60.8477817), (56.7660309, 60.8505012), (56.7660357, 60.8514049), (56.7660363, 60.8529259), (56.7659799, 60.8545613), (56.7658423, 60.855631), (56.7659334, 60.855668)]",536960.6767867738,7772
way/159077080,56.802922144444445,60.605263844444444,"[(56.8025253, 60.6059178), (56.8031795, 60.6060407), (56.8038336, 60.6057813), (56.8037764, 60.6053689), (56.8032065, 60.605555), (56.8029849, 60.6034503), (56.8020382, 60.603776), (56.8022296, 60.6055668), (56.8025253, 60.6059178)]",17144.56026136875,1920
way/159077086,56.804059111111115,60.60444286666667,"[(56.8048846, 60.6051484), (56.8046692, 60.6028892), (56.8035521, 60.6032678), (56.803568, 60.603417), (56.8036059, 60.6037717), (56.8037576, 60.6051931), (56.8037764, 60.6053689), (56.8038336, 60.6057813), (56.8048846, 60.6051484)]",18547.683224096894,205
way/159148507,56.80414397142857,60.798798504761905,"[(56.8056366, 60.8039456), (56.8059043, 60.8017276), (56.8053497, 60.8010989), (56.8049195, 60.7998415), (56.8046804, 60.7982173), (56.8046995, 60.7968552), (56.8048976, 60.7955719), (56.8049951, 60.7950253), (56.8052747, 60.7944011), (56.8056835, 60.79361), (56.8054688, 60.7927195), (56.8047536, 60.793266), (56.8046497, 60.793844), (56.802699, 60.7973796), (56.8018597, 60.8008893), (56.8012961, 60.8033173), (56.8022378, 60.8041284), (56.8025722, 60.8022264), (56.8018348, 60.8016493), (56.8019742, 60.8011088), (56.8056366, 60.8039456)]",154139.96560966969,210
way/162849453,56.750682723529415,60.66995202941177,"[(56.7509439, 60.6709764), (56.7511079, 60.6715068), (56.7515282, 60.6712307), (56.7512237, 60.6705047), (56.7512886, 60.6704326), (56.7508202, 60.669121), (56.750664, 60.6689536), (56.7511198, 60.6684277), (56.7510237, 60.66813), (56.750369, 60.6676636), (56.7495514, 60.6684707), (56.7498801, 60.6696085), (56.749951, 60.6699715), (56.7502551, 60.6709136), (56.7503915, 60.6709176), (56.7505443, 60.6713791), (56.7509439, 60.6709764)]",26574.90299817361,18
way/162865834,56.661913407142855,60.49603139285715,"[(56.6661059, 60.4924485), (56.6648443, 60.4928813), (56.664927, 60.4942927), (56.6611728, 60.4944056), (56.6577596, 60.4931071), (56.6562597, 60.4927342), (56.6554713, 60.495013), (56.6575217, 60.4979436), (56.6586595, 60.4988657), (56.659942, 60.5003524), (56.6656406, 60.5006723), (56.665682, 60.499769), (56.6666954, 60.4995056), (56.6661059, 60.4924485)]",424000.7082298547,38
way/162967343,56.853205259999996,60.278894720000004,"[(56.851571, 60.2773807), (56.8525479, 60.2817653), (56.8534786, 60.281397), (56.8535466, 60.2817454), (56.8541033, 60.2809356), (56.8538072, 60.2802507), (56.8535612, 60.2791749), (56.8539554, 60.2787902), (56.853862, 60.2786472), (56.8537048, 60.2780182), (56.8536178, 60.2776124), (56.8534629, 60.2770876), (56.8533745, 60.2761671), (56.8519147, 60.2770678), (56.851571, 60.2773807)]",58250.902061358094,90
way/164038238,56.814597641666666,60.69840858333333,"[(56.813144, 60.6946871), (56.8131, 60.6967248), (56.8134242, 60.6994349), (56.8143033, 60.7016934), (56.8160009, 60.7033998), (56.8160943, 60.7015127), (56.8158196, 60.7007499), (56.8161108, 60.6993647), (56.8155065, 60.6978289), (56.8147043, 60.6958415), (56.8138198, 60.6949782), (56.813144, 60.6946871)]",103780.62983560562,72
way/164038240,56.816406949999994,60.68703716666667,"[(56.8159718, 60.6858262), (56.815806, 60.6879418), (56.8164355, 60.6881163), (56.8170482, 60.6878339), (56.8172084, 60.6866786), (56.8159718, 60.6858262)]",15165.468755424023,28
way/164038241,56.81240054166667,60.70778665833333,"[(56.8131917, 60.7065583), (56.8131007, 60.7065795), (56.8130232, 60.7067281), (56.8128847, 60.7072339), (56.8125935, 60.7070111), (56.8123578, 60.7068668), (56.8121147, 60.7066548), (56.8118129, 60.7064925), (56.8117648, 60.707316), (56.8117672, 60.7073972), (56.8118983, 60.7077072), (56.811799, 60.7081827), (56.811773, 60.7085549), (56.8119182, 60.7088138), (56.8120357, 60.7088459), (56.812065, 60.7089979), (56.8120819, 60.7090924), (56.8121175, 60.7091194), (56.812092, 60.7093314), (56.8121192, 60.7103741), (56.8133854, 60.708703), (56.8132828, 60.7070042), (56.8132421, 60.7067564), (56.8131917, 60.7065583)]",27054.63451389782,48
way/165754025,56.807922365,60.597147445,"[(56.8076808, 60.5964892), (56.8075987, 60.5965174), (56.8075551, 60.5967586), (56.8075751, 60.596987), (56.8076232, 60.597475), (56.8076357, 60.597602), (56.807692, 60.598177), (56.8079898, 60.5980837), (56.8080513, 60.5980621), (56.8083147, 60.5979693), (56.8082625, 60.5974748), (56.8082846, 60.597446), (56.808306, 60.5974135), (56.8082643, 60.5972671), (56.8082295, 60.5969305), (56.8082034, 60.596679), (56.8081512, 60.5962675), (56.8076723, 60.5964116), (56.8076763, 60.5964484), (56.8076808, 60.5964892)]",7484.727717060596,1495
way/166455399,56.717453971428576,60.450271557142855,"[(56.717191, 60.449279), (56.7168803, 60.4507563), (56.7173218, 60.4509904), (56.7173522, 60.4508329), (56.7180203, 60.4509095), (56.7182212, 60.4498538), (56.717191, 60.449279)]",10317.91413296014,5
way/166552184,56.808024917857146,60.49235022142857,"[(56.8086683, 60.496612), (56.8086859, 60.4943947), (56.808752, 60.4930155), (56.8088272, 60.4926163), (56.8088463, 60.4921898), (56.8087391, 60.4921871), (56.8087465, 60.4917392), (56.8086633, 60.4899246), (56.808715, 60.4892598), (56.8087373, 60.4889728), (56.8086684, 60.4881547), (56.8085894, 60.4877786), (56.808272, 60.4873887), (56.8080631, 60.4871583), (56.8077427, 60.4872192), (56.8061727, 60.4871203), (56.8061195, 60.4882734), (56.805944, 60.4882534), (56.8053447, 60.494611), (56.8071891, 60.4961259), (56.8073385, 60.4958679), (56.8078707, 60.4958941), (56.8078794, 60.4966973), (56.8081193, 60.4969061), (56.8082252, 60.4969749), (56.8085439, 60.4972512), (56.8085659, 60.4966074), (56.8086683, 60.496612)]",178380.92361572548,365
way/169342011,56.715920399999995,60.897237606666664,"[(56.7188317, 60.8941846), (56.7183182, 60.8943797), (56.7176864, 60.8946376), (56.7150608, 60.8951738), (56.7113071, 60.8992635), (56.7114447, 60.8997019), (56.7119303, 60.9003716), (56.7119637, 60.9005015), (56.7139288, 60.8996696), (56.7154585, 60.8980559), (56.7159648, 60.8977555), (56.7176726, 60.8963064), (56.7186662, 60.8977951), (56.7217405, 60.8965828), (56.7188317, 60.8941846)]",165937.9544801563,8
way/174983200,56.73587621428572,60.70753222142857,"[(56.736018, 60.7066739), (56.7358272, 60.7065284), (56.735286, 60.7067304), (56.7353099, 60.7070953), (56.7352611, 60.7071825), (56.7354382, 60.7078839), (56.7354911, 60.7078597), (56.7357302, 60.7084127), (56.7360579, 60.7081139), (56.7362594, 60.7087819), (56.7366288, 60.7084349), (56.7365908, 60.7080594), (56.7363504, 60.7070203), (56.736018, 60.7066739)]",12632.240139370784,10
way/175127917,56.730902344444445,60.69931913333333,"[(56.7308041, 60.6989583), (56.7308365, 60.6993603), (56.7306832, 60.6994391), (56.7308086, 60.6997607), (56.7309995, 60.6996937), (56.7311519, 60.6994943), (56.7311412, 60.6993113), (56.730892, 60.6988962), (56.7308041, 60.6989583)]",1531.5210032686591,8
way/175174585,56.78520731538462,60.55383353846154,"[(56.785174, 60.5515298), (56.7851084, 60.5516482), (56.7839569, 60.5537395), (56.783519, 60.5545323), (56.7839608, 60.5553935), (56.7853161, 60.5565178), (56.7860048, 60.5555738), (56.7864041, 60.5555686), (56.7864081, 60.5544107), (56.7860394, 60.5544086), (56.7853178, 60.5532213), (56.7853117, 60.5517621), (56.785174, 60.5515298)]",47880.419153075665,85
way/175179926,56.81334752,60.63116608,"[(56.8130315, 60.6325713), (56.8140673, 60.6311476), (56.8138566, 60.6295608), (56.8127507, 60.6299794), (56.8130315, 60.6325713)]",16756.496310532093,3608
way/175469484,56.70974086363637,60.66622058181818,"[(56.7095301, 60.6661489), (56.709662, 60.6664453), (56.7096221, 60.6665309), (56.7097241, 60.6667603), (56.7100565, 60.6663145), (56.7098774, 60.6661055), (56.7098448, 60.6661283), (56.7097871, 60.6660233), (56.7097959, 60.6659822), (56.7097194, 60.6658383), (56.7095301, 60.6661489)]",1544.707926461473,2
way/175469485,56.71005381818182,60.665862399999995,"[(56.7097988, 60.6658458), (56.7098821, 60.6660557), (56.7101906, 60.6663416), (56.7103165, 60.6661704), (56.7102988, 60.6661123), (56.7103661, 60.6660024), (56.7101126, 60.6654049), (56.7100607, 60.665402), (56.7098751, 60.6656148), (56.7098919, 60.6656907), (56.7097988, 60.6658458)]",2072.1152143143117,2
way/176157277,56.8348019375,60.6421330375,"[(56.8349971, 60.6412157), (56.8342898, 60.642766), (56.8345217, 60.6431845), (56.8346508, 60.6429484), (56.8348005, 60.6424871), (56.8350206, 60.6418434), (56.8351379, 60.6414035), (56.8349971, 60.6412157)]",3855.2211360037327,2
way/176719115,56.74547278,60.68507364,"[(56.7459058, 60.6842711), (56.7455528, 60.6839385), (56.7448144, 60.686256), (56.7451851, 60.6866315), (56.7459058, 60.6842711)]",7526.462217032909,10
way/178364731,56.67961562727273,60.58877627272727,"[(56.6808294, 60.5884986), (56.679698, 60.5882139), (56.6780526, 60.5876259), (56.6778779, 60.5878441), (56.6777642, 60.5886132), (56.6796879, 60.5889423), (56.6800738, 60.5890459), (56.6800433, 60.5893454), (56.6803419, 60.5898927), (56.6805735, 60.5900184), (56.6808294, 60.5884986)]",19457.32973588258,22
way/178364733,56.679678425,60.5871720125,"[(56.6808375, 60.5883766), (56.6809025, 60.58601), (56.6796452, 60.5859323), (56.6788367, 60.5857326), (56.6782883, 60.5873597), (56.6783309, 60.5875741), (56.6797488, 60.5880142), (56.6808375, 60.5883766)]",33760.042618602514,40
way/180694249,56.9057776,60.57964882,"[(56.9060969, 60.5778531), (56.9046798, 60.5815663), (56.9052972, 60.582344), (56.9067172, 60.5786276), (56.9060969, 60.5778531)]",23066.521256685257,315
way/180694250,56.90816564000001,60.58381128,"[(56.9079145, 60.5857219), (56.9093475, 60.5820024), (56.9085436, 60.5809525), (56.9071081, 60.5846577), (56.9079145, 60.5857219)]",30563.01143193245,65
way/180694251,56.904554159999996,60.57799364,"[(56.9044128, 60.5792511), (56.9053433, 60.5768358), (56.9047577, 60.5761182), (56.9038442, 60.578512), (56.9044128, 60.5792511)]",13971.270590186119,268
way/180694252,56.90647294,60.58162914,"[(56.9062066, 60.5835028), (56.9076316, 60.5797797), (56.9068644, 60.5788197), (56.9054555, 60.5825407), (56.9062066, 60.5835028)]",28408.84383571148,60
way/180694254,56.903824414285715,60.58211201428571,"[(56.9039184, 60.5808728), (56.9032183, 60.582641), (56.903555, 60.5830574), (56.9037008, 60.58269), (56.9039662, 60.5830508), (56.9044938, 60.5815993), (56.9039184, 60.5808728)]",9672.442880481482,22
way/180694255,56.907285679999994,60.582676219999996,"[(56.9070009, 60.5845203), (56.9084187, 60.5808214), (56.9077166, 60.5799078), (56.9062913, 60.5836113), (56.9070009, 60.5845203)]",26512.664581775665,30
way/180694256,56.9070345875,60.5862595375,"[(56.9070021, 60.5847993), (56.9063528, 60.5863079), (56.9065188, 60.5864223), (56.9068694, 60.5868703), (56.9072877, 60.5874325), (56.9073316, 60.5874908), (56.9079122, 60.5859539), (56.9070021, 60.5847993)]",14312.21930938214,1125
way/180694257,56.9031281875,60.581197225,"[(56.903311, 60.5821532), (56.9038387, 60.5807177), (56.9032614, 60.5799913), (56.9028813, 60.5809938), (56.9028486, 60.5810804), (56.9028386, 60.5811068), (56.9027349, 60.5813814), (56.903311, 60.5821532)]",8209.181390877813,25
way/180694259,56.90530296000001,60.57823022,"[(56.9054232, 60.5769521), (56.9045107, 60.5793466), (56.9051178, 60.580162), (56.9060399, 60.5777383), (56.9054232, 60.5769521)]",14985.308050274849,148
way/180694260,56.906195620000005,60.57588898,"[(56.9062459, 60.5748093), (56.9055248, 60.5767489), (56.9061139, 60.5774997), (56.9068476, 60.5755777), (56.9062459, 60.5748093)]",11548.11216533184,35
way/180694262,56.90453392857143,60.582991057142856,"[(56.9046268, 60.581766), (56.9041026, 60.5831327), (56.9043797, 60.583524), (56.9042245, 60.5839184), (56.9045727, 60.5843366), (56.9052044, 60.5824937), (56.9046268, 60.581766)]",9669.367800801992,22
way/180694263,56.90600210769231,60.58504661538461,"[(56.906205, 60.5838328), (56.906066, 60.5841881), (56.9059875, 60.5843887), (56.9058928, 60.5846309), (56.9057196, 60.5850735), (56.9056597, 60.5852266), (56.9054614, 60.5857545), (56.9057079, 60.5861013), (56.9058666, 60.585701), (56.9059503, 60.5858053), (56.9063528, 60.5863079), (56.9069528, 60.5847626), (56.906205, 60.5838328)]",12656.8903028965,405
way/181389479,56.703005227272726,60.739323509090916,"[(56.7015382, 60.7389256), (56.7017444, 60.740095), (56.703267, 60.7395988), (56.7033479, 60.7401513), (56.7035644, 60.7402559), (56.7037352, 60.7397946), (56.7039766, 60.7394942), (56.7037057, 60.7386788), (56.703423, 60.7383462), (56.7032169, 60.7382926), (56.7015382, 60.7389256)]",20242.417439341545,32
way/181389480,56.7025454,60.740414720000004,"[(56.7019387, 60.7402559), (56.7022804, 60.7409855), (56.7033759, 60.7408246), (56.7031933, 60.7397517), (56.7019387, 60.7402559)]",7818.301861405373,20
way/181389481,56.70514965,60.738805750000004,"[(56.7038647, 60.7398268), (56.7041592, 60.7405885), (56.7066152, 60.7381853), (56.7063443, 60.7375737), (56.7060498, 60.7368334), (56.7038647, 60.7398268)]",24569.867318451405,30
way/181389482,56.706990966666666,60.736583777777774,"[(56.7072335, 60.7382389), (56.7084438, 60.7352697), (56.7083171, 60.73428), (56.7065445, 60.7357927), (56.7060439, 60.7360395), (56.706075, 60.736708), (56.7063769, 60.7375202), (56.7066505, 60.7371661), (56.7072335, 60.7382389)]",30871.072412401438,15
way/191543033,56.84244112352941,60.57193718235294,"[(56.8431036, 60.570556), (56.8427795, 60.570227), (56.8425718, 60.5705321), (56.8419837, 60.5709146), (56.841997, 60.5711019), (56.8420378, 60.5716745), (56.8420895, 60.5724038), (56.842078, 60.5729837), (56.8420505, 60.5729833), (56.842046, 60.5731866), (56.8420739, 60.573191), (56.8426508, 60.5732207), (56.8426508, 60.5728378), (56.8426508, 60.5728168), (56.8426508, 60.5725338), (56.842981, 60.5712125), (56.8431036, 60.570556)]",14154.613720979658,1658
way/191772522,56.78224831764706,60.417974423529415,"[(56.7833337, 60.4143615), (56.7821818, 60.4153486), (56.7826858, 60.4170651), (56.7826847, 60.4173481), (56.7823434, 60.4187683), (56.7822219, 60.4191613), (56.7815636, 60.4197407), (56.7806232, 60.4163611), (56.7794123, 60.4166078), (56.7783367, 60.421704), (56.7809582, 60.4235387), (56.7832034, 60.4214787), (56.7836922, 60.4189964), (56.7839626, 60.4175909), (56.7838979, 60.4168935), (56.7837863, 60.416239), (56.7833337, 60.4143615)]",183879.73651239276,305
way/195713754,56.7824285,60.551844561538466,"[(56.782447, 60.5525326), (56.7823243, 60.5522864), (56.7822391, 60.5521453), (56.7819801, 60.5516569), (56.7827078, 60.5503704), (56.7827583, 60.5502744), (56.7822686, 60.54935), (56.7810193, 60.5516087), (56.7818487, 60.5531269), (56.7825781, 60.5544779), (56.7837795, 60.5523749), (56.7831727, 60.5512423), (56.782447, 60.5525326)]",38504.82006942481,1730
way/202372106,56.648904879999996,60.567128960000005,"[(56.6487539, 60.5664466), (56.6484589, 60.5674337), (56.6491137, 60.5681954), (56.649444, 60.5671225), (56.6487539, 60.5664466)]",6266.2702132463455,10
way/202372116,56.6417814,60.56852249285714,"[(56.6436163, 60.5662106), (56.6423008, 60.5645583), (56.6415559, 60.5668473), (56.6414144, 60.5667696), (56.64141, 60.5673355), (56.641404, 60.5682008), (56.6404733, 60.5709125), (56.6400294, 60.5725298), (56.6405722, 60.5731709), (56.6414601, 60.5704753), (56.641866, 60.5695849), (56.6419055, 60.5694936), (56.6433154, 60.5670152), (56.6436163, 60.5662106)]",62028.066949903965,58
way/202372118,56.647402891666665,60.57000385,"[(56.6483999, 60.5697404), (56.6480508, 60.5693257), (56.6479399, 60.5695043), (56.6475022, 60.5690253), (56.6471789, 60.5698906), (56.6460936, 60.5690537), (56.6458399, 60.569794), (56.6466717, 60.5706952), (56.6473264, 60.5712639), (56.6475211, 60.5708025), (56.6479104, 60.5712102), (56.6483999, 60.5697404)]",21274.40392048657,22
way/209182925,56.80234385999999,60.60215308000001,"[(56.8020882, 60.603158), (56.8029424, 60.6028262), (56.8027257, 60.6006697), (56.8018748, 60.6009535), (56.8020882, 60.603158)]",13097.353146135807,812
way/213468423,56.70627865,60.53048633333333,"[(56.7039206, 60.534666), (56.7073736, 60.5361966), (56.7077594, 60.5363843), (56.7083924, 60.5312559), (56.7075385, 60.5308053), (56.7081922, 60.5261919), (56.7064148, 60.5255305), (56.7060379, 60.5254232), (56.7058836, 60.5253765), (56.7053771, 60.5298182), (56.7045331, 60.5295216), (56.7039206, 60.534666)]",216356.8176216632,200
way/218085371,56.79295279285714,60.57924895714286,"[(56.7920095, 60.5744496), (56.7904219, 60.5785491), (56.7913574, 60.5797881), (56.7920243, 60.5780178), (56.7927265, 60.5789083), (56.7920766, 60.5806502), (56.7923869, 60.5810442), (56.7927622, 60.5814946), (56.7934352, 60.5796862), (56.7951401, 60.5819544), (56.7952875, 60.5815629), (56.7944595, 60.5805147), (56.795242, 60.5784157), (56.7920095, 60.5744496)]",109965.98194435239,8042
way/218085375,56.79083253333333,60.58051889523809,"[(56.7907536, 60.5793967), (56.7902509, 60.5787622), (56.7900843, 60.5795377), (56.7900919, 60.5809145), (56.7902245, 60.5816376), (56.7906679, 60.5816078), (56.790901, 60.5815921), (56.7911081, 60.5814831), (56.791253, 60.5814068), (56.7914778, 60.5812861), (56.7911429, 60.5808784), (56.7910856, 60.5810554), (56.791029, 60.5810876), (56.7908336, 60.5808462), (56.7909938, 60.5804117), (56.7909438, 60.5803554), (56.7909541, 60.5801998), (56.7910841, 60.5798189), (56.7910146, 60.5797311), (56.7908351, 60.579491), (56.7907536, 60.5793967)]",15293.287003425881,1040
way/218118247,56.763138700000006,60.611336061538466,"[(56.7626975, 60.6122325), (56.7634214, 60.612543), (56.7636758, 60.6117077), (56.7637105, 60.6113977), (56.7638451, 60.6104107), (56.7632577, 60.6102273), (56.7632207, 60.6107319), (56.7630356, 60.6106397), (56.7629019, 60.6105822), (56.7628601, 60.6109154), (56.7627449, 60.6118322), (56.7627344, 60.611916), (56.7626975, 60.6122325)]",11885.458982154727,978
way/218735534,56.768479225,60.377531125,"[(56.7691932, 60.3774979), (56.769119, 60.3771975), (56.7688679, 60.3773853), (56.7687444, 60.3768594), (56.7685962, 60.376897), (56.7683945, 60.376589), (56.7676411, 60.3772876), (56.7676452, 60.3777609), (56.7678963, 60.3785947), (56.7681434, 60.378467), (56.7683163, 60.3783393), (56.7691932, 60.3774979)]",11756.898377995938,25
way/218735545,56.769619000000006,60.37995359999999,"[(56.7693743, 60.3791356), (56.769329, 60.379391), (56.7693866, 60.3798418), (56.7693208, 60.3799319), (56.7698518, 60.382148), (56.7703952, 60.3817348), (56.7698395, 60.3792032), (56.7696995, 60.3790605), (56.7693743, 60.3791356)]",12121.003397911787,25
way/218735547,56.76808485,60.38067622,"[(56.7674742, 60.3805321), (56.7675546, 60.3808935), (56.7675587, 60.381194), (56.7677646, 60.3811789), (56.7679046, 60.3810287), (56.7682669, 60.381209), (56.7683574, 60.3808559), (56.7692384, 60.3801423), (56.7692549, 60.3791957), (56.7674742, 60.3805321)]",11138.591757779941,25
way/218973187,56.90352933333333,60.45814838333333,"[(56.9037774, 60.458484), (56.903687, 60.4578655), (56.9036591, 60.4576835), (56.9035274, 60.4577963), (56.9034407, 60.4578838), (56.903397, 60.4579323), (56.9033506, 60.4579895), (56.9032572, 60.4581213), (56.9033632, 60.4584188), (56.9034934, 60.4583663), (56.9036216, 60.4587553), (56.9037774, 60.458484)]",1950.316844996065,98
way/219118220,56.79971517368421,60.52049236315789,"[(56.7984649, 60.5217644), (56.7985129, 60.5218099), (56.7986542, 60.5218338), (56.7997007, 60.5236335), (56.8005291, 60.5220971), (56.8007505, 60.5216378), (56.8007138, 60.521571), (56.8004391, 60.5210709), (56.8006595, 60.5206051), (56.8004493, 60.5201898), (56.8003378, 60.5199695), (56.8007377, 60.5192799), (56.8008516, 60.5190712), (56.8003278, 60.518124), (56.8000322, 60.5175497), (56.799197, 60.5160483), (56.7973291, 60.519614), (56.7984362, 60.5217206), (56.7984649, 60.5217644)]",97327.33024983294,1302
way/219123594,56.79474330714286,60.50979111428571,"[(56.7933615, 60.5085338), (56.7941373, 60.5099342), (56.7944874, 60.5092927), (56.79485, 60.5099617), (56.7950155, 60.5102671), (56.795025, 60.5102846), (56.79518, 60.5105836), (56.7952126, 60.5106434), (56.7952159, 60.5106729), (56.7951994, 60.5107091), (56.795283, 60.510858), (56.7958298, 60.509869), (56.7942474, 60.5069317), (56.7933615, 60.5085338)]",27483.697220342234,48
way/219489613,56.75826286153846,60.54498596538462,"[(56.75828, 60.5390413), (56.7583211, 60.5395131), (56.7575723, 60.5399234), (56.7574419, 60.5390663), (56.7570342, 60.5391632), (56.7570127, 60.5395619), (56.7568904, 60.5396152), (56.7568805, 60.5401413), (56.7565066, 60.5408394), (56.7558622, 60.5483215), (56.7572973, 60.5489438), (56.7581926, 60.5491979), (56.7569154, 60.5580113), (56.7581325, 60.5583637), (56.7589911, 60.5527418), (56.7588174, 60.5525871), (56.7590688, 60.5507295), (56.7593087, 60.5492656), (56.7598498, 60.5495017), (56.7601359, 60.5470585), (56.7599527, 60.546188), (56.7599551, 60.5432857), (56.7597714, 60.5418516), (56.7592419, 60.5389561), (56.7591219, 60.5387249), (56.75828, 60.5390413)]",312829.9118026048,478
way/221153196,56.79312720714285,60.510037249999996,"[(56.7932101, 60.5087821), (56.792275, 60.5104333), (56.7926247, 60.511039), (56.7927352, 60.5108405), (56.792806, 60.5109692), (56.7931259, 60.5103963), (56.7931406, 60.5103705), (56.7931596, 60.5103371), (56.7933708, 60.5099457), (56.7934653, 60.5097771), (56.7934791, 60.5097526), (56.7935697, 60.509591), (56.7936088, 60.509505), (56.7932101, 60.5087821)]",9054.033941175789,172
way/221153197,56.79608974,60.51227528,"[(56.7951317, 60.5117768), (56.7966568, 60.5146323), (56.7975383, 60.5130355), (56.7959902, 60.510155), (56.7951317, 60.5117768)]",33803.77727437019,732
way/221153198,56.79507975882353,60.5141777117647,"[(56.7949208, 60.5121516), (56.7945594, 60.5128272), (56.7944496, 60.5130513), (56.7949528, 60.513965), (56.7950061, 60.5140618), (56.7950273, 60.5141022), (56.7950475, 60.5141422), (56.7950727, 60.5141901), (56.7951032, 60.5142483), (56.7950415, 60.5143577), (56.7950637, 60.5144081), (56.7947955, 60.5148694), (56.7951361, 60.5155797), (56.7951618, 60.515527), (56.7956395, 60.5164379), (56.7964576, 60.51495), (56.7949208, 60.5121516)]",25376.5439228639,88
way/221153199,56.79198824545454,60.51300601818182,"[(56.7919577, 60.5112772), (56.7914434, 60.5122221), (56.7913581, 60.5120771), (56.7910141, 60.5127178), (56.792573, 60.5155484), (56.792616, 60.5156358), (56.7929569, 60.5150042), (56.7917862, 60.5128157), (56.7919158, 60.5125917), (56.7922918, 60.511899), (56.7919577, 60.5112772)]",18209.50382243842,1080
way/221153200,56.791137628571434,60.51495502857143,"[(56.790819, 60.5130684), (56.7899447, 60.5146973), (56.7915374, 60.5177363), (56.7920941, 60.5166763), (56.7912058, 60.515031), (56.7915434, 60.5144075), (56.790819, 60.5130684)]",28609.743997514248,1142
way/221153201,56.793955784615385,60.516447484615384,"[(56.7943165, 60.5187992), (56.7951726, 60.5173043), (56.7945339, 60.5161011), (56.7945182, 60.5161303), (56.794373, 60.5158529), (56.7941854, 60.5161877), (56.794048, 60.515931), (56.7938939, 60.5162062), (56.7932931, 60.5150839), (56.793145, 60.515392), (56.7928097, 60.5159643), (56.7928194, 60.5160652), (56.7943165, 60.5187992)]",26285.540642227978,1602
way/221153202,56.7926443125,60.51756705,"[(56.7925984, 60.5163453), (56.791719, 60.5179466), (56.7924067, 60.5192305), (56.7929277, 60.5182917), (56.7929517, 60.518339), (56.7933163, 60.517665), (56.7926363, 60.516373), (56.7925984, 60.5163453)]",15582.642176965252,1048
way/221153456,56.79110839285715,60.52100217142857,"[(56.7911454, 60.5188235), (56.7905678, 60.5199063), (56.7907296, 60.5201964), (56.7908907, 60.5204745), (56.7909207, 60.5205256), (56.7906891, 60.5209356), (56.7908471, 60.521233), (56.7907261, 60.5214573), (56.7907511, 60.5215091), (56.7912319, 60.5224232), (56.7912883, 60.5224609), (56.7918237, 60.5234761), (56.7927606, 60.5217854), (56.7911454, 60.5188235)]",33794.75925113633,852
way/221153457,56.790221540000005,60.52467362,"[(56.7904325, 60.5233632), (56.789253, 60.5254447), (56.7898887, 60.5266524), (56.791101, 60.5245446), (56.7904325, 60.5233632)]",19017.5736079216,1240
way/221153458,56.787419899999996,60.52284254285714,"[(56.7881216, 60.5237006), (56.7877269, 60.522989), (56.7876267, 60.5228346), (56.7864745, 60.5208109), (56.7861438, 60.5214793), (56.7877242, 60.5243828), (56.7881216, 60.5237006)]",14616.174366429448,42
way/221153459,56.788763700000004,60.52538848333333,"[(56.7882843, 60.5240146), (56.7878867, 60.5247407), (56.7894773, 60.5276637), (56.7898701, 60.5269537), (56.7887795, 60.5249436), (56.7882843, 60.5240146)]",15583.819995820522,42
way/221153460,56.79073888571428,60.522708571428566,"[(56.7916415, 60.5237985), (56.7907518, 60.5221693), (56.7900289, 60.5208454), (56.7896771, 60.5214872), (56.7901551, 60.5223859), (56.7912763, 60.5244752), (56.7916415, 60.5237985)]",14481.909939825535,528
way/221153476,56.787540039999996,60.520006790000004,"[(56.7878154, 60.5185079), (56.7866424, 60.5205953), (56.7870381, 60.5213207), (56.7872922, 60.5208787), (56.787495, 60.5205241), (56.7876017, 60.5203382), (56.787633, 60.5202836), (56.7878572, 60.5198762), (56.78821, 60.5192353), (56.7878154, 60.5185079)]",11494.44731452316,10
way/221160980,56.90304980555556,60.45690277777778,"[(56.9027528, 60.4571679), (56.9028428, 60.4574097), (56.9029997, 60.457238), (56.9031355, 60.4575709), (56.903229, 60.4574718), (56.9035344, 60.4571946), (56.9034092, 60.4568319), (56.9033308, 60.4567991), (56.9032799, 60.4567235), (56.9031974, 60.4568319), (56.9029855, 60.4562952), (56.9029525, 60.4562902), (56.9029415, 60.4563507), (56.9028741, 60.4564615), (56.902947, 60.4567412), (56.9029346, 60.4567966), (56.902797, 60.4569074), (56.9027528, 60.4571679)]",3266.073748031631,32
way/221475490,56.79387017142857,60.49301425714286,"[(56.7934851, 60.4931954), (56.7941135, 60.4943852), (56.7948653, 60.4930582), (56.7941264, 60.4916254), (56.7935402, 60.492686), (56.7934756, 60.4929542), (56.7934851, 60.4931954)]",13832.614322334528,520
way/222587971,56.81965668888889,60.59191872222223,"[(56.8189687, 60.5915225), (56.8191045, 60.5928692), (56.8192764, 60.5928588), (56.819885, 60.5927309), (56.8207314, 60.5925995), (56.8205322, 60.5910317), (56.8204921, 60.5908226), (56.8189512, 60.5913108), (56.8189687, 60.5915225)]",18561.106862883084,1560
way/222871253,56.78272679375,60.532383349999996,"[(56.7818592, 60.532556), (56.7822263, 60.5329812), (56.7826111, 60.5331845), (56.7830237, 60.5331845), (56.7834211, 60.5329858), (56.7837704, 60.5325607), (56.7835473, 60.5321682), (56.7833553, 60.5318306), (56.7831528, 60.5320154), (56.7829199, 60.5321309), (56.7826819, 60.5321217), (56.782482, 60.5320293), (56.7823589, 60.5318793), (56.7822832, 60.5317872), (56.7820764, 60.5321623), (56.7818592, 60.532556)]",11616.119551896118,25
way/222871255,56.78306376,60.53358712666667,"[(56.7814176, 60.5333155), (56.7824321, 60.5351398), (56.7838749, 60.5351202), (56.7845264, 60.5339146), (56.7842214, 60.533374), (56.7840151, 60.5337159), (56.7839695, 60.5336212), (56.7841782, 60.5332678), (56.7838692, 60.532727), (56.7834401, 60.5333305), (56.7831185, 60.5334742), (56.7822965, 60.5334711), (56.7817124, 60.5327917), (56.7814669, 60.5332279), (56.7814176, 60.5333155)]",30211.70807085745,530
way/222871258,56.785968744827585,60.53195273793103,"[(56.7851047, 60.5332766), (56.7854135, 60.533808), (56.7856084, 60.5334106), (56.7856365, 60.5334518), (56.7859653, 60.5328561), (56.7859729, 60.5327544), (56.7860691, 60.5326158), (56.7861247, 60.5327272), (56.7861684, 60.53273), (56.78631, 60.5324544), (56.7864893, 60.5321075), (56.7864007, 60.5319504), (56.7864317, 60.5318917), (56.7867707, 60.5312541), (56.7869752, 60.5308691), (56.7867925, 60.5305504), (56.7865104, 60.5300582), (56.7863808, 60.5302327), (56.7861982, 60.5303643), (56.7860076, 60.5305016), (56.7858258, 60.5305476), (56.7857198, 60.5307905), (56.7857274, 60.5310262), (56.7856587, 60.5314403), (56.7855856, 60.5318811), (56.7854856, 60.5322488), (56.7853887, 60.5326049), (56.7852667, 60.5329485), (56.7851047, 60.5332766)]",19484.160188586917,45
way/222871260,56.786460475,60.5283177,"[(56.7865383, 60.5273957), (56.7862145, 60.5280269), (56.7858974, 60.52894), (56.7862777, 60.5292515), (56.7865095, 60.5296523), (56.7871571, 60.5284996), (56.786551, 60.5273799), (56.7865383, 60.5273957)]",9763.451012959704,20
way/222871262,56.78617752631579,60.532904599999995,"[(56.7871119, 60.5311001), (56.7869111, 60.5314633), (56.7865621, 60.5321297), (56.7865205, 60.5321398), (56.7863719, 60.5324388), (56.7860883, 60.5329519), (56.7858389, 60.5334032), (56.7854814, 60.5340499), (56.7854287, 60.5341453), (56.7850515, 60.5334707), (56.7848617, 60.5337757), (56.7852511, 60.5344922), (56.7854196, 60.5348023), (56.7854715, 60.5348978), (56.7866027, 60.53287), (56.7867882, 60.5325374), (56.787152, 60.5318853), (56.787348, 60.5315339), (56.7871119, 60.5311001)]",12426.061640220694,25
way/222871264,56.78341015714285,60.53034235714286,"[(56.7832913, 60.5309888), (56.7838426, 60.5300477), (56.7835419, 60.529489), (56.7832982, 60.5299308), (56.783452, 60.5302083), (56.7831538, 60.5307431), (56.7832913, 60.5309888)]",2817.7846234440804,5
way/222871266,56.78731696999999,60.53005114,"[(56.7866204, 60.5298157), (56.7870512, 60.5305641), (56.7875093, 60.5297832), (56.7876359, 60.5300096), (56.7871904, 60.5308368), (56.7874665, 60.5313222), (56.7881021, 60.530189), (56.7876937, 60.5294633), (56.7872798, 60.5287118), (56.7866204, 60.5298157)]",11380.57311335206,22
way/222871269,56.78502984000001,60.53194988,"[(56.7847123, 60.5335261), (56.7851832, 60.5325927), (56.7853755, 60.5320428), (56.785454, 60.5316454), (56.7855603, 60.530883), (56.7854571, 60.530711), (56.7850239, 60.5309136), (56.7847268, 60.5312338), (56.784093, 60.5324243), (56.7847123, 60.5335261)]",14263.869098573923,30
way/222871270,56.78043156,60.53007673,"[(56.7805209, 60.531512), (56.7807143, 60.5311165), (56.7807142, 60.5283953), (56.7805692, 60.5280936), (56.7802651, 60.5286782), (56.780272, 60.529722), (56.7802396, 60.529722), (56.7802392, 60.5309507), (56.7802602, 60.531065), (56.7805209, 60.531512)]",9258.00699301064,12
way/222871466,56.78541093636363,60.52745755454546,"[(56.7845124, 60.5277497), (56.7848239, 60.5282001), (56.784913, 60.5283066), (56.7851546, 60.5284961), (56.7857542, 60.5288551), (56.7859942, 60.5281147), (56.7863685, 60.5273142), (56.7859791, 60.5265806), (56.7860439, 60.5264698), (56.7856336, 60.5257121), (56.7852196, 60.5264771), (56.7854284, 60.5268676), (56.7855474, 60.5267058), (56.7859271, 60.5273643), (56.7857347, 60.5277917), (56.7855879, 60.5282192), (56.7852804, 60.5279927), (56.7850829, 60.5278172), (56.78515, 60.527496), (56.7852981, 60.5270824), (56.7850943, 60.5267035), (56.7845124, 60.5277497)]",15236.999285705388,22
way/222871467,56.78481342941176,60.529349229411764,"[(56.7856539, 60.529208), (56.7850419, 60.5287934), (56.7849363, 60.5292247), (56.7846982, 60.5296789), (56.7845819, 60.5294698), (56.7845121, 60.5294633), (56.7845165, 60.529344), (56.784589, 60.5293587), (56.784836, 60.5289241), (56.7849023, 60.5286693), (56.7846356, 60.5283785), (56.7843814, 60.5280125), (56.7836636, 60.5292733), (56.7846051, 60.5310247), (56.7850418, 60.5305672), (56.7855788, 60.5303385), (56.7856539, 60.529208)]",21320.97061914252,42
way/222873471,56.78323726666667,60.527148894444444,"[(56.7825901, 60.5273265), (56.782934, 60.5279463), (56.7830605, 60.5277291), (56.783182, 60.52723), (56.7832706, 60.5272901), (56.7833972, 60.5272208), (56.7833896, 60.5275396), (56.7830403, 60.5281635), (56.7835238, 60.5290599), (56.7842326, 60.5277522), (56.7839971, 60.5273271), (56.7836655, 60.5265831), (56.7835263, 60.5261672), (56.7834278, 60.5256796), (56.7829015, 60.5257515), (56.7827977, 60.5260456), (56.7827441, 60.5265415), (56.7825901, 60.5273265)]",19284.49222225696,48
way/222873472,56.784383850000005,60.52563024999999,"[(56.7836233, 60.525556), (56.7839085, 60.5265877), (56.7841136, 60.5270406), (56.7843591, 60.5275027), (56.7854948, 60.5254636), (56.7850983, 60.5247671), (56.785035, 60.5248734), (56.7846181, 60.5240941), (56.7842072, 60.5248364), (56.7844427, 60.5252846), (56.784584, 60.5250211), (56.7849078, 60.5256122), (56.7846755, 60.5260609), (56.7844204, 60.5265391), (56.7842503, 60.5261765), (56.7840781, 60.5257652), (56.7842857, 60.5254741), (56.7840908, 60.5250259), (56.7838605, 60.5253678), (56.7836233, 60.525556)]",16742.265038862824,35
way/222873474,56.78299385,60.52491606666667,"[(56.7829986, 60.5244015), (56.7828577, 60.5249807), (56.7828064, 60.5254648), (56.7830979, 60.5254129), (56.7832039, 60.524835), (56.7829986, 60.5244015)]",1712.1108734421432,5
way/222873475,56.783062799999996,60.529291928571425,"[(56.7831441, 60.5286533), (56.7825568, 60.5296283), (56.7827615, 60.529995), (56.7831333, 60.5293196), (56.7832596, 60.5295677), (56.7834402, 60.5292263), (56.7831441, 60.5286533)]",3222.232257694006,2
way/222873476,56.7830867,60.52238797142858,"[(56.7822953, 60.5226137), (56.7830089, 60.5239217), (56.7838171, 60.5224301), (56.7835772, 60.5219851), (56.7835383, 60.521999), (56.7830748, 60.5211525), (56.7822953, 60.5226137)]",14248.14385670796,42
way/222873478,56.78383622222222,60.52417552222222,"[(56.7835499, 60.525241), (56.7838883, 60.5249381), (56.7844878, 60.5238612), (56.7842351, 60.5234132), (56.7843003, 60.5232884), (56.7839563, 60.522675), (56.7831342, 60.5241309), (56.7834242, 60.5247909), (56.7835499, 60.525241)]",11980.449203699827,28
way/222873668,56.78208569090909,60.526508118181816,"[(56.7826213, 60.525853), (56.7821378, 60.5259731), (56.7821809, 60.5261395), (56.7820062, 60.5263243), (56.7819151, 60.5260979), (56.7816315, 60.5263937), (56.7811657, 60.5271838), (56.7817261, 60.5282617), (56.7823645, 60.5271043), (56.7825722, 60.526405), (56.7826213, 60.525853)]",11915.752440676093,328
way/222874310,56.783796723076925,60.536161792307695,"[(56.7833107, 60.5354062), (56.7833195, 60.5363718), (56.7835193, 60.5363577), (56.7835214, 60.536469), (56.7835252, 60.5366769), (56.7834929, 60.5367359), (56.783638, 60.5370074), (56.7837563, 60.5372287), (56.7839675, 60.5376237), (56.7852796, 60.5352394), (56.7846875, 60.5341857), (56.7840288, 60.5353947), (56.7833107, 60.5354062)]",21563.401755498722,12
way/223231492,56.806158257142854,60.602725757142856,"[(56.8046785, 60.6001634), (56.8054777, 60.6077687), (56.8078467, 60.6069548), (56.8073532, 60.6020885), (56.8066711, 60.6023539), (56.8064021, 60.5995876), (56.8046785, 60.6001634)]",114393.65735462308,9490
way/223232732,56.801775299999996,60.610128842857144,"[(56.8022642, 60.6091839), (56.8015935, 60.6092414), (56.8010683, 60.6094177), (56.801221, 60.6111617), (56.8015255, 60.6115025), (56.8024904, 60.6112108), (56.8022642, 60.6091839)]",17650.851330667734,1702
way/223234155,56.831162172727275,60.59757911818181,"[(56.8306864, 60.5984048), (56.8307712, 60.5983809), (56.8315695, 60.5981207), (56.8315227, 60.5977135), (56.8318482, 60.597576), (56.8317411, 60.5966243), (56.8313801, 60.5967441), (56.8312932, 60.5969396), (56.8306938, 60.5971188), (56.8305913, 60.5973428), (56.8306864, 60.5984048)]",9806.35435620509,2115
way/223234156,56.83094015454546,60.59188755454545,"[(56.8303694, 60.5932591), (56.8314458, 60.5928499), (56.831465, 60.5925795), (56.8318889, 60.592385), (56.8316962, 60.5908136), (56.8313339, 60.5904824), (56.8313032, 60.5902939), (56.8301269, 60.5907627), (56.8300684, 60.5909512), (56.8302746, 60.5931267), (56.8303694, 60.5932591)]",26436.84683328867,1595
way/225194829,56.8015016,60.58854852,"[(56.8023032, 60.586847), (56.8018931, 60.586356), (56.8016147, 60.5867676), (56.8011948, 60.5878198), (56.8005475, 60.5896146), (56.800593, 60.5897049), (56.8008127, 60.5897907), (56.8011038, 60.5898724), (56.801317, 60.5898748), (56.8015893, 60.5899773), (56.8016322, 60.5896775), (56.8017055, 60.5892239), (56.8018573, 60.5883379), (56.8020567, 60.5875164), (56.8023032, 60.586847)]",19116.559916416183,4972
way/226355618,56.82623468571428,60.58699364285714,"[(56.8256591, 60.5865199), (56.8258666, 60.588603), (56.8273038, 60.588113), (56.8271207, 60.5862233), (56.8260235, 60.586554), (56.82601, 60.5864224), (56.8256591, 60.5865199)]",19721.365530729294,2120
way/231527108,56.77520236,60.83832975,"[(56.7761204, 60.8364778), (56.7751609, 60.8356786), (56.7740642, 60.8400497), (56.7744793, 60.8402929), (56.7745668, 60.8402234), (56.7746773, 60.8402582), (56.7749819, 60.839181), (56.7756863, 60.8380483), (56.7761661, 60.8366098), (56.7761204, 60.8364778)]",27509.964784067124,165
way/233088351,56.78446186428572,60.520644507142855,"[(56.7839847, 60.5213285), (56.784729, 60.5226984), (56.7855886, 60.5211545), (56.7852547, 60.5205716), (56.7851624, 60.5207447), (56.7847705, 60.521446), (56.7843274, 60.5206509), (56.7841295, 60.520276), (56.7846236, 60.5194016), (56.7843133, 60.5188264), (56.7842871, 60.5187818), (56.7833774, 60.5203915), (56.7839332, 60.5214227), (56.7839847, 60.5213285)]",20404.001495789737,1738
way/234319334,56.81137113999999,60.850867619999995,"[(56.8116036, 60.8507553), (56.811214, 60.8503797), (56.8110192, 60.8510242), (56.8114153, 60.8514236), (56.8116036, 60.8507553)]",2258.7558735609055,2
way/234319338,56.81230197142857,60.8520527,"[(56.8123004, 60.8515545), (56.8120883, 60.8521792), (56.8122398, 60.852373), (56.8123026, 60.8524363), (56.8123329, 60.8524204), (56.8125494, 60.851851), (56.8123004, 60.8515545)]",1440.916750997305,2
way/234319339,56.8127075,60.854232,"[(56.8129693, 60.8549393), (56.8132688, 60.853626), (56.8126771, 60.853148), (56.8124195, 60.8541366), (56.8123481, 60.8543146), (56.8123004, 60.8545202), (56.8129693, 60.8549393)]",6744.342354148626,5
way/235818291,56.87167471428571,60.54650171428572,"[(56.871712, 60.5474459), (56.872269, 60.5460296), (56.8717296, 60.5453591), (56.871583, 60.5457775), (56.8714247, 60.5465768), (56.8712927, 60.5468772), (56.871712, 60.5474459)]",6805.074857801199,1755
way/237803735,56.71518780588235,60.309271341176476,"[(56.7158436, 60.3087109), (56.7155713, 60.3085093), (56.7153245, 60.3082767), (56.7151429, 60.3082354), (56.7148025, 60.3084318), (56.714655, 60.308561), (56.7146011, 60.3089332), (56.7145557, 60.3094967), (56.7145387, 60.3100963), (56.7146039, 60.3104065), (56.7147628, 60.3104685), (56.714967, 60.3103703), (56.7152904, 60.3101221), (56.7157642, 60.3097241), (56.7159571, 60.3094501), (56.7159684, 60.309109), (56.7158436, 60.3087109)]",15345.365867812186,10
way/238168590,56.803699225,60.6014603125,"[(56.8045946, 60.6023451), (56.8043756, 60.6002497), (56.8032649, 60.6006182), (56.8031861, 60.6006443), (56.803076, 60.600684), (56.8032122, 60.6019873), (56.8032898, 60.6028088), (56.8045946, 60.6023451)]",19330.06931051612,325
way/239382847,56.77459326,60.63637569,"[(56.7742322, 60.6347752), (56.7738681, 60.6355182), (56.7740268, 60.6357636), (56.7741146, 60.6356852), (56.7749213, 60.6373722), (56.774884, 60.6375017), (56.7749643, 60.6376926), (56.7752164, 60.6376074), (56.7754727, 60.6370656), (56.7742322, 60.6347752)]",10810.870217002928,70
way/239406426,56.76486370526315,60.543589568421055,"[(56.763023, 60.5448018), (56.7638495, 60.5441866), (56.7642883, 60.5437405), (56.7643296, 60.543666), (56.7643485, 60.543729), (56.7647266, 60.5434357), (56.7646355, 60.5431561), (56.7652012, 60.5432068), (56.765694, 60.5432375), (56.7657014, 60.5437137), (56.7662104, 60.5438398), (56.7662339, 60.5439149), (56.7671353, 60.5439383), (56.7671621, 60.5426412), (56.7661452, 60.5425505), (56.7643429, 60.542497), (56.7635872, 60.5431618), (56.7627728, 60.5439828), (56.763023, 60.5448018)]",31654.967592202127,3740
way/239406449,56.767905275000004,60.5398676875,"[(56.7681023, 60.5406799), (56.76856, 60.5398776), (56.7682133, 60.5392634), (56.767839, 60.5389801), (56.7673171, 60.5390882), (56.7673125, 60.5401737), (56.7677957, 60.5401987), (56.7681023, 60.5406799)]",9095.03271298483,22
way/239406451,56.76817824666667,60.538459519999996,"[(56.7688475, 60.5393028), (56.7691523, 60.5387809), (56.7688158, 60.5379522), (56.7687629, 60.5380314), (56.767853, 60.5374559), (56.7677061, 60.5374655), (56.7676002, 60.5374682), (56.7670695, 60.5378696), (56.7672993, 60.5388828), (56.7676223, 60.5387101), (56.7678039, 60.5386617), (56.768282, 60.5389639), (56.7684116, 60.5391982), (56.7685998, 60.5388468), (56.7688475, 60.5393028)]",14946.076699523255,35
way/243732261,56.83937094,60.55760652,"[(56.8395484, 60.5571361), (56.839476, 60.557206), (56.8391398, 60.5572307), (56.8391719, 60.5576883), (56.8391747, 60.5580224), (56.8392169, 60.5580251), (56.8392255, 60.5582488), (56.8396096, 60.5582108), (56.8395982, 60.5571609), (56.8395484, 60.5571361)]",3000.5647067239042,130
way/250076700,56.748665966666664,60.62153072499999,"[(56.7480863, 60.621248), (56.7479605, 60.621366), (56.7482054, 60.622201), (56.7484364, 60.6219057), (56.7487645, 60.6216322), (56.7492922, 60.6217662), (56.7493393, 60.6217603), (56.749448, 60.6216203), (56.7494791, 60.6213438), (56.7485314, 60.6211281), (56.7483622, 60.6211491), (56.7480863, 60.621248)]",5736.289071913809,10
way/250076701,56.751194633333334,60.62440634166666,"[(56.7505503, 60.623587), (56.7507226, 60.6238839), (56.7509445, 60.6241137), (56.750921, 60.6242259), (56.7511359, 60.6244421), (56.7510768, 60.6246687), (56.7517828, 60.6253425), (56.7518665, 60.6251773), (56.7520518, 60.6253637), (56.7521286, 60.6250806), (56.7506045, 60.6234037), (56.7505503, 60.623587)]",5396.190280176699,2
way/250076702,56.752515637500004,60.623429637499996,"[(56.7528361, 60.624368), (56.7529657, 60.6239509), (56.7529962, 60.6238526), (56.7530791, 60.6239104), (56.7532824, 60.6232863), (56.7512416, 60.6212745), (56.7508879, 60.6224264), (56.7528361, 60.624368)]",20583.035424262285,68
way/250076703,56.74888580454546,60.61980126818182,"[(56.7495694, 60.621212), (56.7499771, 60.6200216), (56.7498299, 60.6198697), (56.7498688, 60.6197793), (56.7495209, 60.6194298), (56.7491767, 60.6191092), (56.7484973, 60.6184079), (56.7482987, 60.618947), (56.7483671, 60.6190864), (56.7485239, 60.6192935), (56.7485681, 60.6194855), (56.7485469, 60.6195193), (56.7487736, 60.620132), (56.7488767, 60.6198616), (56.7489738, 60.6199863), (56.7488113, 60.6203959), (56.7487407, 60.6203297), (56.7484149, 60.6194083), (56.7482553, 60.6192212), (56.7480331, 60.6199352), (56.7482941, 60.6209845), (56.7495694, 60.621212)]",21797.809191718698,62
way/250076704,56.75033585,60.622435849999995,"[(56.7502333, 60.6219727), (56.7501323, 60.6222934), (56.7500772, 60.6226525), (56.7505668, 60.6231943), (56.7507722, 60.6225295), (56.7502333, 60.6219727)]",3095.049680650234,12
way/250076706,56.7519314125,60.6241613125,"[(56.7508313, 60.6225776), (56.7506269, 60.6232608), (56.7521169, 60.6249096), (56.752595, 60.6253825), (56.7527322, 60.6249367), (56.7528024, 60.624985), (56.7529153, 60.6246607), (56.7508313, 60.6225776)]",13685.62310063839,52
way/250076707,56.750437,60.6212596875,"[(56.7496982, 60.6212407), (56.7501146, 60.6216738), (56.7508211, 60.6223714), (56.7511577, 60.6213272), (56.7509676, 60.6211159), (56.7509829, 60.6210132), (56.7500557, 60.6200946), (56.7496982, 60.6212407)]",11513.554303005338,42
way/251152252,56.794455516666666,60.467491700000004,"[(56.7939709, 60.4672779), (56.7949033, 60.4688288), (56.7951518, 60.4685311), (56.794715, 60.4669003), (56.7940212, 60.4661342), (56.7939709, 60.4672779)]",9776.240371733904,10
way/259013654,56.790786419999996,60.537296160000004,"[(56.7899668, 60.5371177), (56.7911041, 60.5392297), (56.7920282, 60.5375545), (56.7908662, 60.5354612), (56.7899668, 60.5371177)]",26079.31545317173,20
way/259015694,56.78847188571429,60.532668199999996,"[(56.7885593, 60.534621), (56.7895124, 60.5328562), (56.7887963, 60.5314531), (56.7884589, 60.5308409), (56.7879512, 60.5317163), (56.7874658, 60.5325689), (56.7885593, 60.534621)]",26373.62821394205,2478
way/264713383,56.795318571428574,60.49106042857143,"[(56.7949149, 60.4902539), (56.7945077, 60.4910296), (56.7954654, 60.4928329), (56.7962484, 60.4913847), (56.7957641, 60.4905108), (56.7954146, 60.4911572), (56.7949149, 60.4902539)]",14536.922326982021,168
way/274094176,56.7989448882353,60.62612930882353,"[(56.7985762, 60.6273753), (56.7988195, 60.6285591), (56.7992495, 60.6306251), (56.7996782, 60.6303129), (56.7998071, 60.6302192), (56.8002848, 60.6298719), (56.8002058, 60.6292963), (56.8002067, 60.629197), (56.800209, 60.6289342), (56.8002776, 60.6287073), (56.799259, 60.6287583), (56.7992825, 60.6278785), (56.7992129, 60.6277755), (56.7991459, 60.6276966), (56.7990318, 60.627766), (56.7988723, 60.6278674), (56.7985403, 60.626421), (56.798839, 60.6251683), (56.798459, 60.6251005), (56.798576, 60.6230832), (56.7986456, 60.6230957), (56.7986395, 60.6226524), (56.7987004, 60.6223024), (56.7984486, 60.621368), (56.7983997, 60.6206115), (56.798335, 60.6206082), (56.7981632, 60.6208316), (56.7980896, 60.6209296), (56.798166, 60.6235366), (56.7981717, 60.6248986), (56.7983403, 60.6259328), (56.7983561, 60.626344), (56.7985612, 60.6272962), (56.7985762, 60.6273753)]",33125.55527609913,4130
way/274720874,56.787627410000006,60.51469032,"[(56.786824, 60.5142164), (56.7868419, 60.5142507), (56.7871873, 60.5148484), (56.7876314, 60.514018), (56.7882725, 60.5151739), (56.7878123, 60.5160204), (56.7881155, 60.5166141), (56.789027, 60.5149834), (56.7877382, 60.5125615), (56.786824, 60.5142164)]",21965.653307393193,140
way/282195064,56.802654735714285,60.61504293571429,"[(56.8029054, 60.6153842), (56.802855, 60.6149462), (56.8027639, 60.6140611), (56.8024526, 60.6141737), (56.8023802, 60.6143239), (56.8024291, 60.6147638), (56.8024732, 60.6152735), (56.802532, 60.6152507), (56.802557, 60.6154105), (56.8026292, 60.615375), (56.8026986, 60.6153927), (56.8027125, 60.6154587), (56.8028722, 60.6154029), (56.8029054, 60.6153842)]",3476.4291203953326,455
way/283590908,56.86068592,60.58477354,"[(56.8606111, 60.585709), (56.8610319, 60.5855429), (56.8608167, 60.5833664), (56.8603588, 60.5835404), (56.8606111, 60.585709)]",6753.698143646121,2
way/285981955,56.90366515,60.57774021666666,"[(56.9037056, 60.5783276), (56.904132, 60.5772488), (56.9037166, 60.5767263), (56.9033027, 60.5778275), (56.9034284, 60.5779835), (56.9037056, 60.5783276)]",4483.43403249979,328
way/286005028,56.90276083333333,60.57641067777778,"[(56.9034597, 60.5769585), (56.9035898, 60.5765897), (56.9023027, 60.5749383), (56.9020938, 60.5754709), (56.9020177, 60.5756605), (56.9018783, 60.5760349), (56.9028623, 60.5773356), (56.9031835, 60.5777492), (56.9034597, 60.5769585)]",14713.892263919115,462
way/286438252,56.80667641666667,60.71603614166667,"[(56.8068927, 60.7142799), (56.8053207, 60.7160515), (56.8059515, 60.7180672), (56.8069625, 60.7168954), (56.806638, 60.7158953), (56.8063315, 60.716228), (56.8063054, 60.7161423), (56.80666, 60.7157455), (56.8070246, 60.7167081), (56.8075761, 60.7161165), (56.8075613, 60.7160241), (56.8068927, 60.7142799)]",28444.044000841677,82
way/286438253,56.80497645,60.718304425,"[(56.8059515, 60.7180672), (56.8052106, 60.7161773), (56.8035229, 60.7179548), (56.8039216, 60.7190707), (56.8042853, 60.7199109), (56.8052171, 60.7188943), (56.8057511, 60.718293), (56.8059515, 60.7180672)]",31518.745275497437,75
way/286438254,56.803291825,60.7195214875,"[(56.8039216, 60.7190707), (56.8035229, 60.7179548), (56.8028598, 60.7188231), (56.8023199, 60.7195138), (56.8026242, 60.7203217), (56.8029507, 60.7213917), (56.8042139, 60.7200254), (56.8039216, 60.7190707)]",23076.212255060673,108
way/286438255,56.802049227999994,60.723346924,"[(56.8029216, 60.7216846), (56.8022484, 60.722154), (56.8015977, 60.7225824), (56.801572, 60.7227654), (56.8014927, 60.7228915), (56.8014722, 60.7229849), (56.8014927, 60.7230876), (56.8015489, 60.723139), (56.8016103, 60.7232184), (56.801641, 60.7233211), (56.8016589, 60.7235313), (56.8016359, 60.7238021), (56.8015873, 60.7239936), (56.8014697, 60.724129), (56.8015055, 60.7241991), (56.8016308, 60.7242458), (56.80182, 60.7242364), (56.8019274, 60.7242878), (56.8020691, 60.7243034), (56.8025764, 60.7243167), (56.8029605, 60.7239587), (56.803289, 60.7234303), (56.8034274, 60.7232413), (56.8031537, 60.7224841), (56.8029216, 60.7216846)]",23043.7770335339,42
way/286438256,56.80373611666667,60.721999833333335,"[(56.8035345, 60.7230732), (56.8048316, 60.7217346), (56.8042406, 60.7201947), (56.8029918, 60.7215787), (56.8032837, 60.7223446), (56.8035345, 60.7230732)]",18318.10312861204,32
way/286438257,56.8053778125,60.7193844625,"[(56.80437, 60.7200868), (56.8048316, 60.7217346), (56.8065303, 60.719706), (56.8060009, 60.718207), (56.8059515, 60.7180672), (56.8057511, 60.718293), (56.8052171, 60.7188943), (56.80437, 60.7200868)]",26092.8419380337,38
way/287047685,56.86935476666667,60.65936693333333,"[(56.8685513, 60.6595513), (56.8689444, 60.6604626), (56.8692555, 60.6602252), (56.8696912, 60.6595466), (56.8698976, 60.6592029), (56.8699086, 60.658995), (56.8698503, 60.658756), (56.8695427, 60.6580115), (56.8685513, 60.6595513)]",11489.754164725542,22
way/287047687,56.868821266666664,60.65786565,"[(56.8679794, 60.6583462), (56.8684635, 60.6593727), (56.8696423, 60.6574832), (56.8696225, 60.6572398), (56.8692405, 60.6564058), (56.8679794, 60.6583462)]",14735.496406525373,68
way/287047688,56.868320866666664,60.65672421111112,"[(56.868561, 60.6562429), (56.8683649, 60.6565013), (56.8681206, 60.6560773), (56.8674106, 60.6571397), (56.8679083, 60.6582092), (56.8687034, 60.6569168), (56.868578, 60.6566895), (56.86868, 60.6564983), (56.868561, 60.6562429)]",9617.915666610003,98
way/287047689,56.86672964444445,60.65892898888889,"[(56.8673303, 60.6572848), (56.8664928, 60.658624), (56.8663968, 60.6587935), (56.8660385, 60.6594454), (56.8661976, 60.6598362), (56.8664285, 60.6604438), (56.8665281, 60.6603095), (56.8678239, 60.6583389), (56.8673303, 60.6572848)]",16094.181442245841,58
way/287047690,56.867474,60.660173085714284,"[(56.8683752, 60.659554), (56.8678746, 60.6584682), (56.8666876, 60.6603898), (56.8665425, 60.660683), (56.8669911, 60.661707), (56.8674718, 60.6608556), (56.8683752, 60.659554)]",16516.84156781435,60
way/288036885,56.810341040000004,60.693696720000005,"[(56.8110801, 60.6921768), (56.8104061, 60.6923709), (56.8095706, 60.6937314), (56.8093473, 60.6945109), (56.8090992, 60.6948541), (56.8095834, 60.6959921), (56.8106056, 60.6942266), (56.8110189, 60.6937458), (56.8116191, 60.6931818), (56.8110801, 60.6921768)]",26983.894687265158,45
way/288036889,56.80878575384615,60.69599607692308,"[(56.8095343, 60.6960694), (56.8090113, 60.69481), (56.8088357, 60.695017), (56.8086199, 60.6949201), (56.8084319, 60.6954866), (56.8083353, 60.6960158), (56.8083127, 60.6964488), (56.8083048, 60.6967257), (56.8084437, 60.6967649), (56.808707, 60.6968431), (56.8089497, 60.6965349), (56.8091942, 60.6962433), (56.8095343, 60.6960694)]",10210.376520190388,20
way/288533491,56.88847126875,60.6049246375,"[(56.8885638, 60.6050174), (56.8889162, 60.6040876), (56.8889997, 60.6041935), (56.8891177, 60.6038904), (56.8891133, 60.6034639), (56.8892075, 60.6032347), (56.8886855, 60.6025743), (56.8880256, 60.6043021), (56.8872939, 60.6062327), (56.8879224, 60.6070348), (56.8880107, 60.6067926), (56.8880192, 60.6066015), (56.8880334, 60.6062964), (56.8885155, 60.6050196), (56.8885521, 60.6050353), (56.8885638, 60.6050174)]",20267.829741884023,1852
way/289322552,56.80274309285714,60.61606556428571,"[(56.8026377, 60.6166605), (56.8027792, 60.6166088), (56.8028286, 60.6166096), (56.8028585, 60.6166973), (56.8030216, 60.6166517), (56.8029947, 60.616415), (56.8029105, 60.6154388), (56.8027125, 60.6155196), (56.8026903, 60.6154435), (56.8026417, 60.6154206), (56.8025806, 60.6154714), (56.8025375, 60.6155094), (56.8025722, 60.6158112), (56.8026377, 60.6166605)]",3013.5043778602267,520
way/293725583,56.810345141666666,60.51335379166667,"[(56.8098428, 60.512564), (56.8096906, 60.5127436), (56.8091582, 60.5159177), (56.8096432, 60.5161618), (56.8104329, 60.5165679), (56.8111949, 60.5122834), (56.8112056, 60.5121977), (56.8112128, 60.5121599), (56.8109579, 60.5120356), (56.8106165, 60.5125273), (56.8103435, 60.5125226), (56.8098428, 60.512564)]",36605.578865432646,812
way/294649696,56.790791119999994,60.77953298,"[(56.7912198, 60.7792017), (56.7905847, 60.7786261), (56.7901583, 60.7800299), (56.790773, 60.7806055), (56.7912198, 60.7792017)]",7680.068161725998,5
way/294649697,56.79134234000001,60.778062999999996,"[(56.7913183, 60.7775661), (56.7910507, 60.7785185), (56.7913863, 60.7787835), (56.7916381, 60.7778808), (56.7913183, 60.7775661)]",2580.7438191771507,2
way/295319903,56.802885681250004,60.617523125,"[(56.8026421, 60.6167113), (56.8027938, 60.6179489), (56.8028143, 60.6181343), (56.802858, 60.6186076), (56.8028756, 60.6187589), (56.8028907, 60.6189025), (56.8032479, 60.6187566), (56.8032187, 60.6184539), (56.8030946, 60.6172407), (56.803025, 60.6166922), (56.8028815, 60.6167381), (56.8028418, 60.6167274), (56.8028198, 60.6166684), (56.8027816, 60.6166549), (56.8027434, 60.616663), (56.8026421, 60.6167113)]",5498.343780375086,618
way/297394325,56.8540274625,60.6386210625,"[(56.8540733, 60.6388159), (56.8541037, 60.6388848), (56.8541996, 60.6387401), (56.8539186, 60.6381018), (56.8538217, 60.6382445), (56.8540108, 60.6386738), (56.8540187, 60.6386917), (56.8540733, 60.6388159)]",693.4952808301896,32
way/298261572,56.754864925,60.676075825,"[(56.7537676, 60.6764886), (56.7541117, 60.6776747), (56.7559075, 60.6762541), (56.7559187, 60.6760446), (56.7555201, 60.6750297), (56.7554289, 60.6747998), (56.7544973, 60.6758265), (56.7537676, 60.6764886)]",19850.290627628565,52
way/303906265,56.81592164761905,60.50987931904762,"[(56.8151743, 60.5094912), (56.8155448, 60.5098682), (56.8157091, 60.5101224), (56.8157869, 60.5103165), (56.8158735, 60.5105325), (56.8158745, 60.5105255), (56.8160391, 60.5109741), (56.8162331, 60.5106244), (56.8163142, 60.5107745), (56.8164292, 60.5105975), (56.8165593, 60.5100137), (56.8164718, 60.5099365), (56.8162845, 60.5098682), (56.816136, 60.5096382), (56.8161106, 60.5095101), (56.8160474, 60.5093426), (56.815823, 60.5092848), (56.815725, 60.5089614), (56.815604, 60.5088705), (56.81544, 60.5087217), (56.8151743, 60.5094912)]",8833.673604569398,28
way/315258181,56.781182326666666,60.53048643333333,"[(56.7816356, 60.5324642), (56.7813531, 60.5317619), (56.7812506, 60.5311924), (56.7812353, 60.5309535), (56.7812266, 60.5305553), (56.7812528, 60.5300415), (56.78134, 60.5295079), (56.7816585, 60.528596), (56.7809896, 60.5274053), (56.7806164, 60.5280208), (56.7808101, 60.5283502), (56.7808159, 60.5312683), (56.7805616, 60.5316985), (56.7813532, 60.5330165), (56.7816356, 60.5324642)]",20529.99698534608,38
way/315258182,56.78186916666667,60.52472334,"[(56.7804219, 60.5258033), (56.7810596, 60.5269352), (56.7814214, 60.526292), (56.7821688, 60.5255143), (56.782672, 60.5254695), (56.7826835, 60.5250646), (56.7828979, 60.5241897), (56.782763, 60.5239639), (56.7825494, 60.5236065), (56.7824052, 60.5233651), (56.7821247, 60.5228957), (56.7819, 60.5232766), (56.7816683, 60.5236695), (56.7808799, 60.5250009), (56.7804219, 60.5258033)]",30993.45227845013,835
way/315258183,56.7806367,60.53276392,"[(56.7812144, 60.5331377), (56.7802438, 60.5313064), (56.7797579, 60.5322324), (56.780753, 60.5340054), (56.7812144, 60.5331377)]",11810.774752378464,328
way/315417016,56.803439043478264,60.445764834782615,"[(56.8030149, 60.4478062), (56.8033219, 60.4478345), (56.8036172, 60.4478618), (56.8036579, 60.4472018), (56.8036963, 60.4465777), (56.8037301, 60.4460297), (56.8037692, 60.4453948), (56.8037801, 60.4452188), (56.8038074, 60.4451705), (56.8040181, 60.4447978), (56.8042091, 60.4444601), (56.8039305, 60.4440404), (56.8036204, 60.4435356), (56.8034928, 60.4437886), (56.8032911, 60.4441887), (56.8030709, 60.4446253), (56.8030237, 60.4447546), (56.8030157, 60.4453352), (56.8030064, 60.4459979), (56.8030002, 60.4464476), (56.8030022, 60.4466395), (56.803007, 60.4470779), (56.8030149, 60.4478062)]",20481.67924484983,40
way/315417032,56.80077245,60.445693118181815,"[(56.8007418, 60.4471525), (56.8007514, 60.4466526), (56.8007561, 60.4464096), (56.8010046, 60.4459718), (56.8012672, 60.4455091), (56.8014358, 60.445212), (56.8015976, 60.4449271), (56.8018427, 60.4444951), (56.8014838, 60.4437895), (56.8013244, 60.4434782), (56.8010864, 60.443914), (56.800921, 60.4442169), (56.800639, 60.4447334), (56.8004926, 60.4450015), (56.8003442, 60.4452734), (56.8000593, 60.4457952), (56.7999574, 60.4459818), (56.7999492, 60.4464311), (56.7999361, 60.4471463), (56.7999335, 60.4479825), (56.800728, 60.4480225), (56.8007418, 60.4471525)]",25805.505296040326,48
way/315417033,56.79913214705883,60.44601498235294,"[(56.7989484, 60.4469986), (56.7989315, 60.4477866), (56.7997203, 60.4478728), (56.7997439, 60.4470478), (56.7997598, 60.4465773), (56.7997817, 60.4459264), (56.7993964, 60.4451429), (56.7993778, 60.4451052), (56.7993628, 60.4450746), (56.7990902, 60.4445204), (56.7988546, 60.4440414), (56.7982556, 60.444911), (56.7984878, 60.4454173), (56.7986769, 60.4458296), (56.7989561, 60.4464383), (56.7989543, 60.4465659), (56.7989484, 60.4469986)]",21051.169336061925,30
way/315417034,56.80596938181818,60.44603402727273,"[(56.8052429, 60.4458095), (56.8055317, 60.4463222), (56.8057395, 60.446691), (56.8060754, 60.4472871), (56.8062975, 60.4468374), (56.8064921, 60.4464433), (56.8066956, 60.4460312), (56.8063517, 60.4454485), (56.8061376, 60.4450856), (56.8058563, 60.444609), (56.8052429, 60.4458095)]",13067.81729695201,22
way/315417035,56.808579208333335,60.44436975833333,"[(56.8079275, 60.4444547), (56.8082576, 60.4449909), (56.8084616, 60.4453223), (56.8086805, 60.445678), (56.8090243, 60.4449916), (56.8093454, 60.4443502), (56.8091559, 60.4439896), (56.8089631, 60.4436229), (56.8086543, 60.4430355), (56.8083873, 60.4435568), (56.8081655, 60.4439899), (56.8079275, 60.4444547)]",12752.858341753483,18
way/315417036,56.80473955625,60.44394821875,"[(56.8037721, 60.4433263), (56.8040388, 60.4437824), (56.8042042, 60.4440651), (56.80467, 60.4448615), (56.8049045, 60.4452623), (56.80509, 60.4455796), (56.8053866, 60.4452225), (56.8054637, 60.445066), (56.8057506, 60.4444837), (56.8054929, 60.4440425), (56.8052615, 60.4436463), (56.8048368, 60.4429193), (56.8046827, 60.4426556), (56.8044091, 60.4421873), (56.8040973, 60.4427448), (56.8037721, 60.4433263)]",20452.43610934913,25
way/315417037,56.79838251666666,60.44737344999999,"[(56.7987528, 60.4477743), (56.7987764, 60.4470416), (56.798183, 60.4469947), (56.7979201, 60.4469739), (56.79791, 60.4476819), (56.7987528, 60.4477743)]",4172.953310193494,2
way/315417038,56.80792793846154,60.44617275384615,"[(56.8078321, 60.4446985), (56.8076227, 60.4451081), (56.8074169, 60.4455107), (56.8069908, 60.446344), (56.8074201, 60.447024), (56.8077962, 60.44762), (56.8079966, 60.4479373), (56.8083861, 60.4471467), (56.8085113, 60.4468925), (56.808497, 60.4460045), (56.8085495, 60.4459174), (56.8082118, 60.4453436), (56.8078321, 60.4446985)]",18816.983338661492,25
way/315417039,56.80533736666666,60.45079406666667,"[(56.8054149, 60.4513224), (56.8056608, 60.4506768), (56.8052194, 60.4499648), (56.8049852, 60.4504481), (56.805329, 60.4510299), (56.8054149, 60.4513224)]",2795.555642783642,5
way/315417040,56.80763120625,60.44255278125,"[(56.8076629, 60.4440411), (56.8078849, 60.4435905), (56.8080766, 60.4432015), (56.8083922, 60.442561), (56.8082286, 60.4422831), (56.8080635, 60.4420027), (56.8078822, 60.4416947), (56.8075938, 60.4413072), (56.8073134, 60.4415739), (56.807292, 60.4417651), (56.8072807, 60.4418661), (56.8073516, 60.4420079), (56.8071046, 60.442522), (56.8069479, 60.4428483), (56.8073615, 60.4435383), (56.8076629, 60.4440411)]",13939.695206165314,25
way/315417041,56.80720169333333,60.448068600000006,"[(56.8072787, 60.4493509), (56.8075851, 60.4487563), (56.8078888, 60.4481668), (56.8076365, 60.4477664), (56.8074017, 60.4473939), (56.8071507, 60.4469956), (56.8068902, 60.4465822), (56.8067019, 60.4469522), (56.8069561, 60.4473744), (56.8072024, 60.4477837), (56.8071062, 60.4479823), (56.8068163, 60.4485804), (56.8070537, 60.4489759), (56.8070784, 60.4490171), (56.8072787, 60.4493509)]",9384.297936536372,15
way/315417042,56.801694536363634,60.44627343636364,"[(56.8016859, 60.4471936), (56.8019291, 60.4468584), (56.8019804, 60.4467482), (56.8020792, 60.4465363), (56.8023176, 60.4455437), (56.8019172, 60.4447166), (56.8017563, 60.4450117), (56.8013895, 60.4456848), (56.800916, 60.4465537), (56.8009828, 60.4469672), (56.8016859, 60.4471936)]",12843.270487964153,12
way/315417043,56.79795355,60.4463379,"[(56.7978055, 60.4455825), (56.7977512, 60.4456601), (56.7975257, 60.4459827), (56.7979269, 60.4468754), (56.7979201, 60.4469739), (56.798183, 60.4469947), (56.7981831, 60.4467954), (56.7982876, 60.4466168), (56.7981469, 60.446315), (56.7978055, 60.4455825)]",3478.7395874951035,2
way/315417044,56.80693813636364,60.44445196363636,"[(56.8066518, 60.4441596), (56.8068304, 60.4444612), (56.806463, 60.4452123), (56.8068034, 60.4458034), (56.8071812, 60.4450326), (56.8073638, 60.44466), (56.8075517, 60.4442766), (56.8072006, 60.4437091), (56.8069956, 60.4433777), (56.8066262, 60.4441195), (56.8066518, 60.4441596)]",8381.12066752091,12
way/315417045,56.80585715,60.4433984625,"[(56.8058934, 60.4442704), (56.8063552, 60.4433223), (56.8060383, 60.4426697), (56.8058529, 60.442879), (56.80589, 60.4430329), (56.8055159, 60.443273), (56.8054181, 60.44347), (56.8058934, 60.4442704)]",4960.963355779648,15
way/315417046,56.801931471428574,60.451323928571426,"[(56.801416, 60.4504717), (56.8012744, 60.453907), (56.8017316, 60.453971), (56.8017966, 60.453926), (56.8021643, 60.453593), (56.8020902, 60.4533529), (56.8021205, 60.4522017), (56.8023194, 60.4510996), (56.8027283, 60.4488521), (56.8027743, 60.4483261), (56.8018298, 60.4482981), (56.8018144, 60.4494833), (56.8015648, 60.4505808), (56.801416, 60.4504717)]",32215.1859475784,40
way/315417047,56.805083939999996,60.452243380000006,"[(56.8049498, 60.4505128), (56.8040903, 60.4522674), (56.805061, 60.4538127), (56.8051554, 60.4536465), (56.8053172, 60.453117), (56.8051857, 60.4528276), (56.8052599, 60.4525998), (56.80557, 60.4520334), (56.8053003, 60.4511038), (56.8049498, 60.4505128)]",16856.70618583262,15
way/315450242,56.79753534615384,60.44488803076923,"[(56.7975257, 60.4459827), (56.7977512, 60.4456601), (56.7978055, 60.4455825), (56.7978679, 60.445482), (56.798061, 60.4451707), (56.798023, 60.4450665), (56.7980637, 60.4449872), (56.7975206, 60.4437673), (56.7972382, 60.4441839), (56.7969966, 60.4436582), (56.7968228, 60.4436731), (56.7967576, 60.4443475), (56.7975257, 60.4459827)]",11044.447038626298,10
way/315450243,56.80623044166666,60.440439733333335,"[(56.8048515, 60.441303), (56.805875, 60.4407426), (56.8063203, 60.4406435), (56.8070587, 60.4407873), (56.8078134, 60.4409013), (56.8079491, 60.4400781), (56.8066298, 60.4398203), (56.8063366, 60.4397905), (56.8063447, 60.4395277), (56.8060026, 60.4395823), (56.8047321, 60.4407972), (56.8048515, 60.441303)]",18674.152125846595,55
way/315450244,56.8048714875,60.44836423125,"[(56.8041571, 60.4478819), (56.8038693, 60.448353), (56.8038938, 60.4486555), (56.8040562, 60.4489177), (56.8042909, 60.4492964), (56.8047327, 60.4500093), (56.804911, 60.4496463), (56.8050865, 60.4492891), (56.8052587, 60.4489385), (56.8054269, 60.4485961), (56.805641, 60.4481602), (56.8057925, 60.4478518), (56.8059652, 60.4475001), (56.8055363, 60.4467513), (56.8051686, 60.4460986), (56.8041571, 60.4478819)]",27225.09270888567,32
way/315450245,56.80556446153847,60.44231980769231,"[(56.8052747, 60.4433208), (56.805402, 60.4430949), (56.8058065, 60.4428172), (56.8059992, 60.442599), (56.8059178, 60.4422519), (56.8059694, 60.4422073), (56.8060925, 60.4421006), (56.8060925, 60.4409575), (56.8059197, 60.4410136), (56.8047602, 60.4417009), (56.8049995, 60.4422446), (56.8048293, 60.4425284), (56.8052747, 60.4433208)]",13150.683309782296,32
way/315450246,56.7999877,60.44398583333333,"[(56.8012082, 60.4432004), (56.7990155, 60.4429269), (56.7987544, 60.4432635), (56.7998143, 60.4456619), (56.7999256, 60.4456619), (56.8012082, 60.4432004)]",23933.63926011324,30
way/315450247,56.80338061428571,60.448982542857145,"[(56.8032018, 60.4483609), (56.8031902, 60.4489311), (56.8031771, 60.4494226), (56.8035152, 60.4496905), (56.8036294, 60.4492847), (56.8037488, 60.4488271), (56.8032018, 60.4483609)]",3227.3491448163986,5
way/315450248,56.80382148571429,60.44216125714286,"[(56.8036194, 60.4431764), (56.804233, 60.442016), (56.8046321, 60.4414408), (56.8044529, 60.4408309), (56.8031362, 60.4421747), (56.8030574, 60.4423136), (56.8036194, 60.4431764)]",9975.77067965269,18
way/315450249,56.798802200000004,60.44861291428572,"[(56.7997329, 60.4481236), (56.7981174, 60.4480327), (56.7977294, 60.4482191), (56.7982318, 60.4491663), (56.7983594, 60.4492605), (56.7997116, 60.4493646), (56.7997329, 60.4481236)]",14413.38097577542,98
way/315450250,56.7983701375,60.4465548875,"[(56.7981469, 60.446315), (56.7982876, 60.4466168), (56.7981831, 60.4467954), (56.798183, 60.4469947), (56.7987764, 60.4470416), (56.7987722, 60.4464994), (56.798465, 60.4458612), (56.7981469, 60.446315)]",3464.5233918465674,5
way/315450251,56.8012358,60.44915936666666,"[(56.800866, 60.448221), (56.8008155, 60.4511373), (56.8015303, 60.4498129), (56.8016531, 60.4492869), (56.8016839, 60.4482771), (56.800866, 60.448221)]",11532.520736061037,22
way/315450253,56.80612138888889,60.44869783333334,"[(56.806201, 60.4479438), (56.8060304, 60.4482781), (56.8058248, 60.4486813), (56.8056445, 60.4490347), (56.8059893, 60.4496298), (56.8061983, 60.4492975), (56.8064167, 60.448893), (56.8065865, 60.4485785), (56.806201, 60.4479438)]",5145.911029517651,8
way/315450254,56.80019495714286,60.4502142,"[(56.8007027, 60.4481993), (56.7999131, 60.4481552), (56.7998824, 60.4509705), (56.7994873, 60.451662), (56.8000329, 60.4527285), (56.8006436, 60.4515846), (56.8007027, 60.4481993)]",23410.953466892242,42
way/315450255,56.802667559999996,60.44385972,"[(56.8034973, 60.44334), (56.802976, 60.442502), (56.8023298, 60.4435781), (56.801985, 60.442983), (56.8013008, 60.4430326), (56.8024058, 60.4453285), (56.8028565, 60.4453781), (56.8028864, 60.4446839), (56.8029407, 60.444431), (56.8034973, 60.44334)]",19841.591839432716,40
way/315450256,56.804290089999995,60.446482419999995,"[(56.8049665, 60.4457989), (56.8046054, 60.4451692), (56.8041982, 60.4460171), (56.8038995, 60.4458832), (56.8038457, 60.4465723), (56.8037312, 60.4480354), (56.8037991, 60.4479907), (56.8043624, 60.4469332), (56.8045264, 60.4466253), (56.8049665, 60.4457989)]",9433.323039069772,10
way/315706423,56.8070771,60.47694349,"[(56.8081539, 60.4769367), (56.8072588, 60.4751794), (56.8070467, 60.474763), (56.8059733, 60.4766698), (56.8061884, 60.4770957), (56.8064771, 60.4776696), (56.8068614, 60.4783875), (56.806977, 60.4782006), (56.8076805, 60.4775959), (56.8081539, 60.4769367)]",27477.18204499781,122
way/315742436,56.816113036842104,60.471519526315795,"[(56.8160157, 60.4728905), (56.8174482, 60.4733488), (56.8176296, 60.4717107), (56.817245, 60.471567), (56.8163696, 60.4697545), (56.8155715, 60.4694921), (56.8155281, 60.4700046), (56.8150706, 60.4714811), (56.8149771, 60.4726526), (56.8158454, 60.47286), (56.8159689, 60.4715482), (56.8159355, 60.4714872), (56.8158821, 60.4710246), (56.8160777, 60.4709031), (56.8161327, 60.4710928), (56.8161726, 60.4712188), (56.8161659, 60.4714079), (56.8160958, 60.471536), (56.8160157, 60.4728905)]",41113.98694168031,55
way/315742437,56.815876980952375,60.46892728095238,"[(56.8145509, 60.4688952), (56.8154926, 60.4691332), (56.8155494, 60.4687183), (56.815506, 60.4686329), (56.8154355, 60.4684278), (56.8155299, 60.4681764), (56.8157047, 60.4682511), (56.8157263, 60.4684603), (56.8157097, 60.4686756), (56.8156396, 60.468761), (56.8156095, 60.4692003), (56.8163676, 60.4693833), (56.8166547, 60.4698226), (56.8171957, 60.470994), (56.8175289, 60.4705178), (56.8173562, 60.4699665), (56.8169179, 60.4692245), (56.8160681, 60.4680691), (56.8156146, 60.4677209), (56.8147079, 60.4675469), (56.8145509, 60.4688952)]",22405.535512201488,15
way/315742442,56.81496128,60.47512428,"[(56.8145958, 60.4764684), (56.8151425, 60.4766638), (56.8155659, 60.4731399), (56.8149064, 60.4728809), (56.8145958, 60.4764684)]",15151.249173268676,10
way/315742446,56.814793542857146,60.47052014285714,"[(56.8144913, 60.4691482), (56.8141796, 60.4722631), (56.8147888, 60.4724443), (56.8148927, 60.4713226), (56.8153225, 60.4699075), (56.8153886, 60.4694071), (56.8144913, 60.4691482)]",15638.556267276406,18
way/315742448,56.8146074,60.47814436,"[(56.8145785, 60.4767337), (56.8142638, 60.4801457), (56.8146258, 60.4802152), (56.8149904, 60.4768935), (56.8145785, 60.4767337)]",9125.179943181574,15
way/315742450,56.81699161111111,60.46496695555556,"[(56.8168523, 60.4638518), (56.8167862, 60.4638906), (56.8164698, 60.4644946), (56.8168687, 60.4653204), (56.8169137, 60.4654135), (56.8168665, 60.4655774), (56.8174285, 60.4665956), (56.8178865, 60.4657069), (56.8168523, 60.4638518)]",11237.182117931545,10
way/315744049,56.817651139999995,60.48663018,"[(56.8174662, 60.4861855), (56.817339, 60.4868136), (56.81792, 60.4872721), (56.8180643, 60.4866942), (56.8174662, 60.4861855)]",2863.9883351922035,5
way/315744050,56.819067,60.487894000000004,"[(56.8196938, 60.4871088), (56.8186109, 60.4871214), (56.8182259, 60.4885724), (56.8184769, 60.4887357), (56.8197007, 60.4887169), (56.8196938, 60.4871088)]",14081.951809154823,22
way/315744051,56.81759481428571,60.487524300000004,"[(56.8172839, 60.4869455), (56.8171189, 60.4877244), (56.818109, 60.488541), (56.8182569, 60.4879694), (56.8175796, 60.4874292), (56.8175315, 60.4871151), (56.8172839, 60.4869455)]",5152.237611666322,12
way/315744052,56.81815814285714,60.4857278,"[(56.8179062, 60.4851302), (56.8176931, 60.4860284), (56.8185044, 60.4866942), (56.8184837, 60.4858965), (56.8182706, 60.485752), (56.8183428, 60.4854631), (56.8179062, 60.4851302)]",4711.686592623591,8
way/315744053,56.81845034285714,60.48904168571429,"[(56.8196973, 60.4890686), (56.8183737, 60.4891063), (56.8167751, 60.4877872), (56.8166136, 60.4885347), (56.8182947, 60.4899354), (56.8197007, 60.489791), (56.8196973, 60.4890686)]",17079.252294920385,28
way/315744054,56.81883945,60.48567422,"[(56.8183528, 60.4848694), (56.8182701, 60.4852469), (56.8186542, 60.4855623), (56.8186639, 60.4867882), (56.8196898, 60.4867571), (56.8196995, 60.4861619), (56.8191307, 60.4859354), (56.819014, 60.4857533), (56.8185667, 60.4847983), (56.8183528, 60.4848694)]",8241.060924161226,12
way/316014889,56.84774947272728,60.60540877272728,"[(56.8473699, 60.6033291), (56.8472206, 60.6032825), (56.8472012, 60.6033471), (56.8471486, 60.60354), (56.8470187, 60.6055346), (56.8470229, 60.6061174), (56.8470791, 60.6064707), (56.8471561, 60.6066651), (56.84736, 60.6069508), (56.8480024, 60.6080666), (56.8481609, 60.6077501), (56.8474084, 60.6065431), (56.8475074, 60.6064341), (56.848529, 60.6059986), (56.8485569, 60.6058592), (56.8485305, 60.6055802), (56.8484615, 60.605599), (56.8484394, 60.6053078), (56.84868, 60.6052303), (56.8488359, 60.6047138), (56.8474291, 60.6033438), (56.8473699, 60.6033291)]",29366.646372506395,2702
way/316775557,56.90733323333333,60.622264933333334,"[(56.9063472, 60.6216132), (56.9067851, 60.6235111), (56.908013, 60.6238262), (56.9087559, 60.6224655), (56.907751, 60.6205604), (56.9063472, 60.6216132)]",33363.21767473221,2438
way/318396249,56.78635607,60.523676339999994,"[(56.7859945, 60.521793), (56.7851039, 60.5233909), (56.7866885, 60.5263259), (56.7871905, 60.5254292), (56.7865233, 60.5241818), (56.78644, 60.5240261), (56.7863818, 60.5239115), (56.7867639, 60.5232152), (56.7864798, 60.5226968), (56.7859945, 60.521793)]",27183.247643098235,332
way/323518219,56.804842344444445,60.61301843333334,"[(56.8055474, 60.6119898), (56.8047118, 60.6122122), (56.804678, 60.6127315), (56.8044169, 60.612818), (56.8045014, 60.6137122), (56.8042197, 60.6138205), (56.8042629, 60.6142174), (56.8056956, 60.6136745), (56.8055474, 60.6119898)]",14003.756465166807,5915
way/324169992,56.77883965555556,60.55133832222222,"[(56.7777479, 60.5501079), (56.7786831, 60.5517771), (56.7784858, 60.5521345), (56.7788664, 60.5528212), (56.779189, 60.5522203), (56.7796593, 60.5530758), (56.7804735, 60.5515334), (56.778704, 60.5482668), (56.7777479, 60.5501079)]",43073.03733852506,4355
way/325358312,56.78524114,60.51426289999999,"[(56.7846992, 60.514663), (56.7850909, 60.5153908), (56.7860469, 60.513634), (56.7856695, 60.5129637), (56.7846992, 60.514663)]",9105.493922114372,2
way/329485879,56.833772881818184,60.528875081818185,"[(56.8332559, 60.5296192), (56.8342778, 60.5297667), (56.8343444, 60.5296863), (56.8343889, 60.5283599), (56.8343175, 60.5283473), (56.8341714, 60.5282539), (56.8337013, 60.528186), (56.8333018, 60.5280907), (56.8332684, 60.5282067), (56.8332184, 60.52949), (56.8332559, 60.5296192)]",11376.4831562303,88
way/329485882,56.83248668,60.53356866,"[(56.8328137, 60.5330272), (56.8320631, 60.532958), (56.8319874, 60.5343439), (56.8327555, 60.534487), (56.8328137, 60.5330272)]",7392.924430191517,95
way/329485884,56.83354763333333,60.53355903333334,"[(56.8340878, 60.5331933), (56.833061, 60.5330202), (56.8330126, 60.5330911), (56.8329822, 60.5343152), (56.8340544, 60.5345411), (56.8340878, 60.5331933)]",9697.07775862515,10
way/329485886,56.8324422125,60.5307444,"[(56.8320505, 60.5326692), (56.8324833, 60.5326955), (56.8328443, 60.5326978), (56.8330493, 60.5280457), (56.8325144, 60.5279644), (56.8323904, 60.528138), (56.832155, 60.5310754), (56.8320505, 60.5326692)]",23223.500807774253,458
way/329485887,56.83144494,60.530249909999995,"[(56.8319979, 60.5310435), (56.8321982, 60.5278235), (56.8310605, 60.527565), (56.8309481, 60.5295333), (56.8308883, 60.5306178), (56.8311866, 60.530677), (56.8311437, 60.5315727), (56.8314993, 60.5316557), (56.8315289, 60.5309671), (56.8319979, 60.5310435)]",26495.237044140697,255
way/329485888,56.8352089,60.531450888888884,"[(56.835023, 60.5301976), (56.834898, 60.5328901), (56.8349354, 60.5330083), (56.8354004, 60.5330715), (56.8354484, 60.5329825), (56.8355532, 60.5303147), (56.8354843, 60.5302359), (56.8351144, 60.5301598), (56.835023, 60.5301976)]",10470.910330370069,40
way/329485889,56.8336455,60.53112615,"[(56.8342332, 60.5302012), (56.8341963, 60.5301315), (56.8332323, 60.5298188), (56.8331672, 60.5298457), (56.8331251, 60.5299448), (56.8330164, 60.5326812), (56.8330693, 60.532782), (56.8340585, 60.5328763), (56.8341235, 60.5327788), (56.8342332, 60.5302012)]",21621.47601901926,82
way/329485890,56.83461380999999,60.53148632999999,"[(56.8348323, 60.5330479), (56.8348954, 60.5312981), (56.8349612, 60.5301349), (56.8348271, 60.530117), (56.834443, 60.5300545), (56.8344216, 60.5301025), (56.8343249, 60.5310925), (56.8342645, 60.5329527), (56.8343358, 60.5330153), (56.8348323, 60.5330479)]",11356.821320535615,95
way/329485891,56.834904210000005,60.53426349,"[(56.8353868, 60.533327), (56.8343768, 60.5331953), (56.8342892, 60.5333406), (56.834222, 60.533968), (56.8341678, 60.5354517), (56.8352766, 60.5355442), (56.8352857, 60.5353154), (56.8353013, 60.5350195), (56.8353491, 60.5341462), (56.8353868, 60.533327)]",17028.775040581822,48
way/355529038,56.8246071,60.60650396,"[(56.82503, 60.6060436), (56.8238965, 60.6064944), (56.8239664, 60.6071727), (56.8251126, 60.6067655), (56.82503, 60.6060436)]",5648.243601441383,552
way/356985943,56.7499286875,60.5870001875,"[(56.7497465, 60.5864192), (56.7495604, 60.5871463), (56.7497359, 60.5873401), (56.750201, 60.5875874), (56.7503338, 60.5873159), (56.7501348, 60.587012), (56.7499706, 60.5867614), (56.7497465, 60.5864192)]",2974.2087288349867,65
way/357346385,56.78748222,60.534024869999996,"[(56.7881541, 60.5341532), (56.787796, 60.5334937), (56.787403, 60.5327743), (56.7868618, 60.5337316), (56.7870035, 60.5339844), (56.7870933, 60.5341503), (56.7871241, 60.5341114), (56.7874709, 60.5347846), (56.7877614, 60.534912), (56.7881541, 60.5341532)]",9587.910243529826,422
way/360336821,56.81776715833333,60.35672110833334,"[(56.8180284, 60.3542197), (56.8166386, 60.3578191), (56.8170484, 60.3585642), (56.8172497, 60.3579834), (56.81742, 60.3578131), (56.8177102, 60.3571682), (56.8180032, 60.3576121), (56.8183, 60.3572349), (56.8178944, 60.356576), (56.8181164, 60.3561718), (56.8187682, 60.3552711), (56.8180284, 60.3542197)]",22964.09315188229,30
way/360593589,56.78178233571429,60.530386885714286,"[(56.7817327, 60.5288787), (56.7815626, 60.5293168), (56.7814796, 60.5296114), (56.7813967, 60.530165), (56.7814033, 60.5310331), (56.7815255, 60.531738), (56.7817436, 60.5322981), (56.782167, 60.5315594), (56.7820416, 60.5311699), (56.7819775, 60.5307828), (56.7819898, 60.5303596), (56.7820441, 60.530013), (56.782156, 60.5296119), (56.7817327, 60.5288787)]",11702.216921657324,28
way/361256379,56.72228451428572,60.631339507142854,"[(56.720671, 60.628834), (56.7210724, 60.6310592), (56.721109, 60.6318112), (56.7217164, 60.6316004), (56.7216605, 60.6309749), (56.7228743, 60.6307324), (56.7229997, 60.6331973), (56.7232397, 60.6336048), (56.7235341, 60.6337638), (56.7237359, 60.6329588), (56.7234033, 60.6323823), (56.7231524, 60.6299572), (56.7221435, 60.6290428), (56.720671, 60.628834)]",39153.17981609702,20
way/363257596,56.72215415714286,60.313548714285716,"[(56.7213986, 60.3117388), (56.7224683, 60.3155997), (56.7227068, 60.3156317), (56.7227594, 60.3148199), (56.722556, 60.3137907), (56.7217914, 60.3115214), (56.7213986, 60.3117388)]",13583.160705327988,15
way/363258556,56.71590796,60.2909186,"[(56.7166489, 60.2904376), (56.7148113, 60.2905108), (56.7147943, 60.291587), (56.7166364, 60.29162), (56.7166489, 60.2904376)]",14165.650680642575,12
way/363258559,56.71587029999999,60.29386956,"[(56.7165888, 60.2933078), (56.7147943, 60.293288), (56.7147979, 60.2947188), (56.7165817, 60.2947254), (56.7165888, 60.2933078)]",17375.17854092177,2
way/363718383,56.78520210526316,60.54693933157894,"[(56.7842399, 60.5492139), (56.7848127, 60.5503222), (56.786922, 60.5467501), (56.7862481, 60.5454741), (56.7853552, 60.5438481), (56.7842444, 60.5458874), (56.784766, 60.5468784), (56.7847685, 60.5467182), (56.7853786, 60.5456487), (56.7856267, 60.5456231), (56.7857189, 60.5457897), (56.7860572, 60.5464009), (56.7857033, 60.5470367), (56.7855913, 60.5468082), (56.7851933, 60.5475339), (56.7848225, 60.5468342), (56.7844171, 60.5475908), (56.7847344, 60.5482748), (56.7842399, 60.5492139)]",51835.73821155541,2090
way/364906293,56.80438138571429,60.6100564,"[(56.8053959, 60.6099185), (56.8045484, 60.6101915), (56.8044062, 60.6087169), (56.8026016, 60.6093322), (56.8028473, 60.6116322), (56.8054744, 60.610685), (56.8053959, 60.6099185)]",33537.52906239033,2538
way/365869587,56.804467116666665,60.79856801666667,"[(56.804535, 60.7983512), (56.8043657, 60.7982164), (56.8042678, 60.7987333), (56.8044855, 60.79891), (56.8046137, 60.798846), (56.804535, 60.7983512)]",1018.9803625494242,65
way/368620242,56.814707633333335,60.55345632499999,"[(56.8142478, 60.5536487), (56.8148031, 60.5542855), (56.8149869, 60.5537649), (56.8150738, 60.5537549), (56.8151862, 60.5534146), (56.8150678, 60.5532765), (56.8150381, 60.553242), (56.8146166, 60.5527526), (56.8145005, 60.5531314), (56.8143983, 60.5531577), (56.8143247, 60.5533984), (56.8142478, 60.5536487)]",5039.413765276782,685
way/369619894,56.74561808,60.569792129999996,"[(56.7464754, 60.5695737), (56.7456444, 60.568434), (56.7453616, 60.5691465), (56.745296, 60.56907), (56.7450183, 60.5697534), (56.7453033, 60.5701402), (56.7452621, 60.5702475), (56.7454838, 60.5707544), (56.7458605, 60.5712279), (56.7464754, 60.5695737)]",14304.887989290059,585
way/369620725,56.744591660000005,60.56673376,"[(56.7446565, 60.5657036), (56.7438953, 60.5666599), (56.7444865, 60.56827), (56.7452635, 60.5673317), (56.7446565, 60.5657036)]",12351.538820624352,5
way/369680996,56.7893749125,60.4640455125,"[(56.7884706, 60.4652256), (56.7895225, 60.4664862), (56.7900293, 60.4632568), (56.7899942, 60.4631566), (56.7896831, 60.463012), (56.7894931, 60.4630476), (56.7893359, 60.4629537), (56.7884706, 60.4652256)]",20215.751655157655,630
way/372669015,56.80419754,60.567907979999994,"[(56.8035032, 60.5686803), (56.8041945, 60.5695762), (56.8052673, 60.5667449), (56.8045195, 60.5658582), (56.8035032, 60.5686803)]",20170.1526350379,2
way/372973862,56.78968081111111,60.53470774444444,"[(56.7896362, 60.5331911), (56.7888182, 60.5346366), (56.7891297, 60.5352275), (56.7894218, 60.5346978), (56.7896588, 60.5351843), (56.7898874, 60.5351937), (56.790262, 60.535887), (56.790677, 60.5351606), (56.7896362, 60.5331911)]",14721.61661723908,1790
way/388379171,56.8358261,60.53835977999999,"[(56.8353601, 60.5399141), (56.8363758, 60.5399952), (56.8364827, 60.5360148), (56.8355518, 60.5359607), (56.8353601, 60.5399141)]",26312.308992166072,28
way/390274315,56.81011973333333,60.48292408333333,"[(56.8107065, 60.4848088), (56.8109296, 60.482328), (56.8101117, 60.4808357), (56.8093015, 60.4813671), (56.8089626, 60.4833961), (56.8107065, 60.4848088)]",33717.23134589195,38
way/390795883,56.79477344000001,60.49534533999999,"[(56.7938624, 60.4952486), (56.7950526, 60.4974568), (56.7961177, 60.495488), (56.7949721, 60.4932847), (56.7938624, 60.4952486)]",31947.46173143387,1660
way/390797544,56.796717977777774,60.49302933333334,"[(56.7965215, 60.494788), (56.7974247, 60.4931885), (56.7974581, 60.4929312), (56.7972109, 60.492399), (56.7971039, 60.4922524), (56.7965369, 60.4914752), (56.7960525, 60.492334), (56.7956318, 60.4931077), (56.7965215, 60.494788)]",21672.200761809945,98
way/390864381,56.88375188888889,60.61850771111111,"[(56.8834017, 60.619153), (56.8845442, 60.619122), (56.8844989, 60.6182662), (56.8839666, 60.6184655), (56.8838591, 60.6179021), (56.883725, 60.6179826), (56.8832198, 60.6182416), (56.88315, 60.6182834), (56.8834017, 60.619153)]",7923.54237563163,1170
way/391234831,56.894234578571435,60.607279899999995,"[(56.8942733, 60.6053097), (56.8938345, 60.6065434), (56.893772, 60.6070471), (56.8937148, 60.6076352), (56.8937388, 60.6084835), (56.8939197, 60.6087479), (56.8940739, 60.6083726), (56.8942768, 60.6086435), (56.8945792, 60.6078287), (56.8945116, 60.6077513), (56.8947639, 60.6071293), (56.8946295, 60.6069573), (56.8949228, 60.6061594), (56.8942733, 60.6053097)]",16604.40732308477,685
way/391247010,56.824169785,60.552853895,"[(56.8236377, 60.5533004), (56.8238962, 60.5536415), (56.8239555, 60.5537099), (56.8241532, 60.5537859), (56.8242935, 60.5539349), (56.8244824, 60.5539737), (56.824641, 60.5538852), (56.824777, 60.5536828), (56.8248675, 60.5534398), (56.8248603, 60.5530045), (56.824851, 60.5528579), (56.8245243, 60.5515617), (56.8244654, 60.5516034), (56.8241931, 60.5513473), (56.8241663, 60.5511722), (56.8234528, 60.5516395), (56.823527, 60.5520647), (56.8235251, 60.5521012), (56.8234887, 60.553071), (56.8236377, 60.5533004)]",19137.92642860487,35
way/394549318,56.90611358888889,60.71764861111111,"[(56.9066461, 60.7162528), (56.9053762, 60.7162278), (56.9052803, 60.7187869), (56.905321, 60.7190259), (56.9063566, 60.7187255), (56.906345, 60.7183135), (56.9064165, 60.717896), (56.9066345, 60.7173563), (56.9066461, 60.7162528)]",21247.45737441443,45
way/395720483,56.80087007142857,60.49539555714286,"[(56.8003117, 60.4963003), (56.8017709, 60.4966543), (56.8019134, 60.4946267), (56.8009261, 60.4943835), (56.800436, 60.4946506), (56.8004207, 60.4948532), (56.8003117, 60.4963003)]",19819.643604785204,588
way/396658449,56.80745950833333,60.48145310833333,"[(56.8065941, 60.4819191), (56.8067972, 60.4819942), (56.8068447, 60.4821876), (56.8078864, 60.4825902), (56.8087647, 60.4832028), (56.8088856, 60.4823171), (56.8084176, 60.4816836), (56.8074434, 60.4797993), (56.8073375, 60.4799612), (56.8071732, 60.4799809), (56.8067756, 60.4798822), (56.8065941, 60.4819191)]",27791.35853222944,28
way/396658450,56.802791081818185,60.48363592727273,"[(56.8031167, 60.4853919), (56.8033989, 60.4843508), (56.8026225, 60.4837199), (56.8025583, 60.4835413), (56.8039063, 60.4811798), (56.8036801, 60.4807667), (56.8022216, 60.4832398), (56.8020336, 60.4838902), (56.8020901, 60.4839516), (56.8019571, 60.4845713), (56.8031167, 60.4853919)]",19116.01041147113,32
way/396658451,56.80865881818182,60.48733038181819,"[(56.8086499, 60.4850503), (56.808458, 60.4871901), (56.808309, 60.4872561), (56.808272, 60.4873887), (56.8085894, 60.4877786), (56.8086684, 60.4881547), (56.8087373, 60.4889728), (56.808715, 60.4892598), (56.808923, 60.4893135), (56.8092751, 60.4852193), (56.8086499, 60.4850503)]",14838.056413792074,28
way/396658452,56.806342825,60.47984079166667,"[(56.806486, 60.4811533), (56.8066157, 60.4797875), (56.8065768, 60.4797599), (56.8066265, 60.4791796), (56.8067691, 60.4786625), (56.8063888, 60.4779124), (56.8061186, 60.4783388), (56.8059608, 60.480198), (56.806017, 60.4802178), (56.8059327, 60.4806481), (56.8061359, 60.4810783), (56.806486, 60.4811533)]",11591.591752158478,22
way/396658455,56.80472928125,60.48342255625,"[(56.8063292, 60.4825263), (56.8063974, 60.4815047), (56.8057642, 60.4814218), (56.8057685, 60.4813586), (56.8053989, 60.4813033), (56.8039963, 60.4829455), (56.8037685, 60.4833302), (56.8033367, 60.4849076), (56.8032398, 60.4854675), (56.8033411, 60.4855286), (56.8034426, 60.4855558), (56.803899, 60.4860167), (56.8043719, 60.4841108), (56.8045284, 60.4838056), (56.8057568, 60.4824516), (56.8063292, 60.4825263)]",32595.993371304125,58
way/396658456,56.80476549,60.49310949666666,"[(56.8053706, 60.4919356), (56.8050845, 60.4918276), (56.805037, 60.4924398), (56.8049976, 60.4929481), (56.8049589, 60.4934477), (56.804831, 60.4934198), (56.8048728, 60.4929136), (56.8049157, 60.4923984), (56.8049644, 60.4917924), (56.8046874, 60.4917177), (56.8042897, 60.4918442), (56.804253, 60.4922633), (56.8042126, 60.4927238), (56.8041732, 60.4931742), (56.8040926, 60.4940937), (56.8042334, 60.4941278), (56.8042489, 60.4941323), (56.8043088, 60.4941499), (56.8043294, 60.4941533), (56.8043552, 60.4941612), (56.8044821, 60.4941919), (56.8048244, 60.4942739), (56.8048542, 60.4938757), (56.8048563, 60.4938465), (56.8052003, 60.4939486), (56.8052354, 60.4935341), (56.8052771, 60.4930368), (56.8053144, 60.4925926), (56.8053332, 60.4923848), (56.8053706, 60.4919356)]",15603.702254842734,168
way/396658458,56.80730518,60.486056435,"[(56.8061727, 60.4871203), (56.8077427, 60.4872192), (56.8080631, 60.4871583), (56.8081553, 60.4868923), (56.8083468, 60.4868807), (56.808516, 60.4849915), (56.8072296, 60.4846183), (56.8071977, 60.4848457), (56.8072423, 60.4850673), (56.8071945, 60.4851139), (56.8073668, 60.486146), (56.8071881, 60.4862801), (56.8072296, 60.4865425), (56.8074179, 60.4866124), (56.8073158, 60.4867465), (56.8070859, 60.4866008), (56.8069614, 60.4862334), (56.8071051, 60.4845658), (56.8063996, 60.4843734), (56.8061727, 60.4871203)]",32952.2646429101,50
way/396658459,56.81028834,60.48772673999999,"[(56.8102593, 60.4895922), (56.81068, 60.4851092), (56.8103444, 60.4848439), (56.8098987, 60.4894962), (56.8102593, 60.4895922)]",11347.051071353257,15
way/396658460,56.8082183,60.484064860000004,"[(56.8079118, 60.4845802), (56.8085528, 60.4847658), (56.8086769, 60.4834093), (56.8080382, 60.4829888), (56.8079118, 60.4845802)]",6673.324696227908,10
way/396658461,56.81125388,60.487067960000005,"[(56.81072, 60.4876065), (56.81193, 60.4879236), (56.8120376, 60.486575), (56.8108618, 60.4856282), (56.81072, 60.4876065)]",14032.57926940918,25
way/396658462,56.80671728,60.48353794,"[(56.8063814, 60.4841721), (56.8070676, 60.4843081), (56.8072143, 60.482663), (56.8065417, 60.4823744), (56.8063814, 60.4841721)]",8177.212980285287,200
way/396658463,56.80346302,60.492237620000004,"[(56.8041532, 60.4918387), (56.8025544, 60.4914231), (56.8024346, 60.492836), (56.8040197, 60.4932516), (56.8041532, 60.4918387)]",15659.916907519102,38
way/396658464,56.8089681,60.48443182,"[(56.8086702, 60.4847905), (56.8093179, 60.4849596), (56.8094037, 60.4840484), (56.8087785, 60.4835701), (56.8086702, 60.4847905)]",4827.674955427647,5
way/396658465,56.81109252,60.48895784,"[(56.8105562, 60.4894419), (56.8117711, 60.4897545), (56.8119007, 60.4882362), (56.8106784, 60.4879147), (56.8105562, 60.4894419)]",12892.71346500516,12
way/396658466,56.80096836,60.48762548,"[(56.8008635, 60.4886322), (56.8014479, 60.4863596), (56.8010968, 60.4860512), (56.8005701, 60.4884522), (56.8008635, 60.4886322)]",6046.21032692492,12
way/396658467,56.803854279999996,60.489887020000005,"[(56.803441, 60.4913025), (56.804172, 60.4915136), (56.8044742, 60.4877719), (56.8037432, 60.4875446), (56.803441, 60.4913025)]",19098.130080461502,45
way/396658468,56.802147739999995,60.48741928,"[(56.8026722, 60.4872565), (56.8015501, 60.4865219), (56.8012879, 60.4875649), (56.8025563, 60.4884966), (56.8026722, 60.4872565)]",10354.170964419842,28
way/396658469,56.809566471428575,60.48827094285714,"[(56.8089602, 60.4899463), (56.8097527, 60.4901361), (56.8097967, 60.4895228), (56.8097733, 60.4895172), (56.8102092, 60.4846701), (56.809513, 60.4841578), (56.8089602, 60.4899463)]",29167.08080928307,38
way/396658470,56.803051700000005,60.48889921999999,"[(56.8028766, 60.4873295), (56.8025789, 60.491059), (56.8033121, 60.4912538), (56.8036143, 60.4875243), (56.8028766, 60.4873295)]",19057.37616556883,42
way/396658471,56.80458839999999,60.4797409076923,"[(56.8041187, 60.4808351), (56.8042076, 60.4807073), (56.8042428, 60.4807422), (56.8044502, 60.4803885), (56.8046423, 60.4800609), (56.8047624, 60.4798431), (56.8058445, 60.4778827), (56.8055884, 60.4774446), (56.8047439, 60.4789076), (56.8046682, 60.4790378), (56.8043735, 60.4795486), (56.803888, 60.4803983), (56.8041187, 60.4808351)]",10871.625295706093,15
way/396658472,56.805459840000005,60.4895497,"[(56.8057095, 60.4881615), (56.8054031, 60.4880683), (56.8050876, 60.4916326), (56.8053895, 60.4917246), (56.8057095, 60.4881615)]",7573.551806204021,18
way/396658473,56.80231366666666,60.48576136666667,"[(56.8030499, 60.4856372), (56.8013703, 60.484236), (56.8010186, 60.4857213), (56.8026011, 60.4869485), (56.8027922, 60.486388), (56.8030499, 60.4856372)]",19091.50323486328,42
way/396658474,56.8031862,60.49355995,"[(56.8040076, 60.4934677), (56.8024149, 60.4930466), (56.8023708, 60.4936056), (56.8023633, 60.4937004), (56.803953, 60.4940717), (56.8040076, 60.4934677)]",6950.943651735783,18
way/396658475,56.804220214285714,60.4815238,"[(56.8034772, 60.4822269), (56.8037798, 60.4828427), (56.8050182, 60.4814966), (56.8047063, 60.4806433), (56.8046308, 60.4805855), (56.804452, 60.4806447), (56.8034772, 60.4822269)]",10641.199076503515,15
way/396658476,56.80752291428571,60.4835695,"[(56.8071624, 60.4843576), (56.8078215, 60.4845266), (56.8079434, 60.4832114), (56.8076184, 60.4830712), (56.8076432, 60.4827826), (56.8073091, 60.4826795), (56.8071624, 60.4843576)]",6955.0939275324345,10
way/396658477,56.803912225000005,60.48675215,"[(56.8036388, 60.4860796), (56.8033032, 60.486944), (56.8032855, 60.4871956), (56.8045378, 60.4875003), (56.8046099, 60.4869972), (56.8041629, 60.4865691), (56.8041209, 60.4866518), (56.8036388, 60.4860796)]",7043.501603767276,20
way/396658478,56.80201544285715,60.488805,"[(56.8025478, 60.4886566), (56.8022611, 60.4885267), (56.8012634, 60.4878165), (56.8010168, 60.4887621), (56.8020056, 60.4895413), (56.8024656, 60.4896752), (56.8025478, 60.4886566)]",10628.520650818944,28
way/396658479,56.812602285714284,60.488200171428566,"[(56.8122248, 60.4865851), (56.8119447, 60.4897902), (56.8128638, 60.4900537), (56.8129444, 60.4888614), (56.813228, 60.4886158), (56.8127855, 60.4869099), (56.8122248, 60.4865851)]",19370.624033391476,48
way/396658480,56.80488474444444,60.48935323333333,"[(56.8052785, 60.4881533), (56.8049808, 60.4878936), (56.805003, 60.4876461), (56.8046542, 60.4872159), (56.804352, 60.4910672), (56.804723, 60.4911646), (56.804703, 60.491404), (56.8049897, 60.4914811), (56.8052785, 60.4881533)]",16622.449793308973,40
way/396658481,56.80321591111111,60.486669633333335,"[(56.8032855, 60.4871956), (56.8033032, 60.486944), (56.8036388, 60.4860796), (56.8036454, 60.4860147), (56.8032321, 60.485617), (56.80285, 60.4868912), (56.8028283, 60.4869867), (56.8028744, 60.4871023), (56.8032855, 60.4871956)]",4558.943804942071,8
way/396658482,56.805345450000004,60.48421613000001,"[(56.80631, 60.4827599), (56.8057589, 60.4826612), (56.8045875, 60.4840231), (56.8044514, 60.4842639), (56.8040256, 60.4861074), (56.8047885, 60.4863403), (56.8050954, 60.4850297), (56.8059404, 60.484106), (56.8061868, 60.4841099), (56.80631, 60.4827599)]",24539.68776065577,45
way/397060087,56.77308837142857,60.54455968571428,"[(56.7732024, 60.5458231), (56.7738414, 60.544661), (56.7734164, 60.543825), (56.7731657, 60.5437759), (56.772508, 60.5438022), (56.7722823, 60.5442075), (56.7732024, 60.5458231)]",12338.593068188056,1632
way/397060156,56.77219576666666,60.542693826666664,"[(56.772928, 60.5428279), (56.7727272, 60.5422442), (56.772117, 60.5420828), (56.7720686, 60.5419849), (56.7718379, 60.541898), (56.77166, 60.5421406), (56.7716073, 60.5422465), (56.7716062, 60.542558), (56.7717762, 60.5425718), (56.7719949, 60.5430066), (56.7719906, 60.5436765), (56.7720545, 60.5437456), (56.772819, 60.543714), (56.7728211, 60.5428821), (56.772928, 60.5428279)]",10751.770673008636,652
way/398702973,56.795639783333336,60.483176033333336,"[(56.7960021, 60.4833304), (56.7960123, 60.4830951), (56.7950839, 60.4822549), (56.7948753, 60.4831698), (56.795863, 60.4838756), (56.7960021, 60.4833304)]",6559.836864858866,8
way/398702976,56.795135589999994,60.485536339999996,"[(56.7953968, 60.4869677), (56.7953681, 60.4867661), (56.7952393, 60.4842715), (56.7953047, 60.4837151), (56.7950879, 60.4835844), (56.7949366, 60.484096), (56.7947996, 60.4851379), (56.7948793, 60.486837), (56.7949468, 60.48702), (56.7953968, 60.4869677)]",9802.323625400662,22
way/398702977,56.795646520000005,60.48481272,"[(56.795816, 60.4857232), (56.7957804, 60.4849707), (56.7958073, 60.4849281), (56.7958078, 60.4847673), (56.7958058, 60.4840287), (56.7954826, 60.4838607), (56.7954049, 60.4839503), (56.7953395, 60.4843985), (56.7954049, 60.4857765), (56.795816, 60.4857232)]",5317.721764080226,10
way/399260062,56.84806196875,60.381857425,"[(56.8458399, 60.3831), (56.8473302, 60.3831215), (56.8484567, 60.3834863), (56.8490931, 60.3839628), (56.8492858, 60.3830963), (56.8495146, 60.3829729), (56.8498247, 60.3814795), (56.8497887, 60.381367), (56.8493211, 60.3811606), (56.849149, 60.3806968), (56.8487148, 60.3802247), (56.8482924, 60.3804393), (56.8464618, 60.3793879), (56.8462741, 60.3806539), (56.8458047, 60.3814693), (56.8458399, 60.3831)]",77374.6900882665,68
way/400634817,56.765057590909095,60.72328750909091,"[(56.7649102, 60.7232889), (56.7649664, 60.7233515), (56.7650807, 60.7237207), (56.7651884, 60.7236412), (56.7653041, 60.7235571), (56.7652395, 60.7232728), (56.7651601, 60.722975), (56.7650616, 60.7231065), (56.7650002, 60.7229545), (56.7648121, 60.7230055), (56.7649102, 60.7232889)]",1345.6636276096106,2
way/400634822,56.775151635,60.683542035,"[(56.7755916, 60.6829456), (56.7753212, 60.6828115), (56.7752285, 60.6827795), (56.7752079, 60.6828922), (56.7751807, 60.68297), (56.7751358, 60.6830585), (56.7751313, 60.6830762), (56.7750778, 60.6831846), (56.7750301, 60.6834126), (56.7750176, 60.6836314), (56.7750108, 60.6836658), (56.7749999, 60.683782), (56.7749984, 60.6838996), (56.7749892, 60.683935), (56.7749669, 60.6840777), (56.7749331, 60.6842293), (56.775104, 60.6846365), (56.7751654, 60.6843779), (56.7753509, 60.6845292), (56.7755916, 60.6829456)]",4966.40829195641,8
way/400698790,56.7793577125,60.673029299999996,"[(56.779533, 60.6730161), (56.7795072, 60.6729655), (56.7792567, 60.6724743), (56.7789892, 60.6728632), (56.7792091, 60.6733248), (56.7793743, 60.6733862), (56.7794592, 60.6731882), (56.779533, 60.6730161)]",1840.2522083297372,5
way/403994126,56.78651964000001,60.51196512,"[(56.7860594, 60.5122588), (56.7864306, 60.5129552), (56.7872066, 60.5115158), (56.7868422, 60.510837), (56.7860594, 60.5122588)]",7228.619290053844,5
way/403994127,56.78658570833333,60.516745191666665,"[(56.78566, 60.5162534), (56.7860832, 60.5169426), (56.786294, 60.517121), (56.7864681, 60.5173811), (56.7866062, 60.5177003), (56.7867113, 60.5180933), (56.7869885, 60.5186196), (56.7879141, 60.5169767), (56.7870646, 60.5153963), (56.7870103, 60.5155036), (56.7865682, 60.514701), (56.78566, 60.5162534)]",28321.192148521543,852
way/404719229,56.747485850000004,60.6860193125,"[(56.747691, 60.6846402), (56.7472294, 60.6860378), (56.7468577, 60.6871656), (56.747182, 60.6875327), (56.7472306, 60.687607), (56.747936, 60.6854458), (56.7480691, 60.6850852), (56.747691, 60.6846402)]",8849.308370605111,25
way/404852063,56.748271009999996,60.67968162,"[(56.7484416, 60.6786064), (56.7483815, 60.6786437), (56.7477948, 60.6793287), (56.7475697, 60.6800599), (56.7479504, 60.6805184), (56.7481061, 60.680071), (56.7483902, 60.6800304), (56.7486759, 60.6806245), (56.7489583, 60.6803268), (56.7484416, 60.6786064)]",9675.042184405029,22
way/404852073,56.747434727272726,60.682424399999995,"[(56.7474138, 60.6841328), (56.7477727, 60.6831115), (56.7483678, 60.681393), (56.7479391, 60.6807592), (56.7477866, 60.6812679), (56.7473741, 60.6807661), (56.7471902, 60.6812347), (56.7467078, 60.6828226), (56.7465932, 60.6831384), (56.7472229, 60.6839094), (56.7474138, 60.6841328)]",21034.50394283235,40
way/404852081,56.75048886046512,60.67185161627908,"[(56.7472343, 60.6727965), (56.7472932, 60.6737245), (56.7473814, 60.6743736), (56.7478315, 60.6757845), (56.7481855, 60.67702), (56.7486228, 60.6765559), (56.7488789, 60.6776119), (56.7492992, 60.6771739), (56.7500757, 60.6764604), (56.7510404, 60.6755109), (56.7516375, 60.6749262), (56.7527506, 60.6738015), (56.7519625, 60.6713861), (56.7521629, 60.6714666), (56.7528639, 60.673687), (56.7538227, 60.6727053), (56.7541786, 60.6723137), (56.754797, 60.6717865), (56.7542006, 60.6693846), (56.7539138, 60.6685018), (56.7528355, 60.6687216), (56.7522505, 60.668584), (56.7512976, 60.6679082), (56.7510237, 60.66813), (56.7511198, 60.6684277), (56.750664, 60.6689536), (56.7508202, 60.669121), (56.7512886, 60.6704326), (56.7512237, 60.6705047), (56.751607, 60.6713345), (56.7512102, 60.6715811), (56.7506318, 60.6723683), (56.7503163, 60.6710495), (56.7502551, 60.6709136), (56.749951, 60.6699715), (56.7497821, 60.6698183), (56.7491231, 60.6681415), (56.7482341, 60.6687846), (56.7486041, 60.6700887), (56.7479575, 60.6707604), (56.7482304, 60.6716385), (56.7472274, 60.6726177), (56.7472343, 60.6727965)]",269693.41450639814,715
way/405260893,56.7842499375,60.5398741375,"[(56.7836718, 60.5393286), (56.7840795, 60.5400888), (56.7841411, 60.5401965), (56.7846315, 60.5410885), (56.7849123, 60.54051), (56.7848123, 60.5398928), (56.7840792, 60.5385593), (56.7836718, 60.5393286)]",9576.773441061378,845
way/405516092,56.746505809090905,60.685127927272724,"[(56.7464471, 60.6834787), (56.7462647, 60.6842936), (56.7456444, 60.6864374), (56.7460442, 60.6869038), (56.7461333, 60.6867096), (56.7465025, 60.6870543), (56.746836, 60.6858809), (56.7473609, 60.6842832), (56.7469992, 60.6838845), (56.7468845, 60.6840025), (56.7464471, 60.6834787)]",20685.501490309834,52
way/405903403,56.75062048421053,60.6777789,"[(56.7522212, 60.6773885), (56.7520359, 60.676777), (56.7518903, 60.6762701), (56.7515757, 60.6752695), (56.7510022, 60.675881), (56.7501551, 60.6767125), (56.7496139, 60.6771739), (56.7490879, 60.67804), (56.7491835, 60.6784231), (56.7493642, 60.6782504), (56.7495536, 60.678748), (56.7497584, 60.6785696), (56.7499493, 60.6791704), (56.7498238, 60.6793716), (56.7499544, 60.6797711), (56.7507049, 60.6789656), (56.751463, 60.6781985), (56.7522307, 60.6774298), (56.7522212, 60.6773885)]",44649.380197785795,80
way/405903413,56.753494,60.67444564375,"[(56.754859, 60.6720609), (56.7547932, 60.6719918), (56.7541638, 60.6725336), (56.7536374, 60.6730808), (56.752811, 60.6739552), (56.7516474, 60.6751366), (56.7519462, 60.6761225), (56.7522771, 60.677292), (56.7523023, 60.6773545), (56.753486, 60.6760809), (56.7528915, 60.674085), (56.7529381, 60.6740286), (56.7535861, 60.6760001), (56.754319, 60.675185), (56.7553869, 60.6741619), (56.754859, 60.6720609)]",59055.47483096644,242
way/406454767,56.74769752857143,60.68067082857143,"[(56.7479391, 60.6807592), (56.7477858, 60.6805201), (56.7475463, 60.6802582), (56.7475117, 60.6803651), (56.7473741, 60.6807661), (56.7477866, 60.6812679), (56.7479391, 60.6807592)]",2004.4599184393883,8
way/406454772,56.747712060000005,60.68314855999999,"[(56.7477473, 60.6831079), (56.7477047, 60.6830637), (56.7476592, 60.6832095), (56.7477018, 60.6832538), (56.7477473, 60.6831079)]",56.04801428690553,2
way/407631695,56.74399062142857,60.69846339285714,"[(56.7453455, 60.6957418), (56.7452997, 60.6956946), (56.7448514, 60.6952351), (56.7443473, 60.6947021), (56.7423725, 60.7002584), (56.7428873, 60.7009597), (56.7429072, 60.700897), (56.7429963, 60.7009951), (56.7430372, 60.7009002), (56.7434498, 60.7013229), (56.7437684, 60.7004195), (56.7442423, 60.6989524), (56.7450183, 60.6966669), (56.7453455, 60.6957418)]",53434.16018990427,95
way/407631696,56.745595075,60.6945126375,"[(56.746035, 60.6937344), (56.7455708, 60.6931457), (56.7448968, 60.6951032), (56.7453299, 60.6956168), (56.7453804, 60.6956429), (56.7455402, 60.6951911), (56.7459725, 60.6939326), (56.746035, 60.6937344)]",8900.290390819311,15
way/407631697,56.742245771014495,60.705143043478266,"[(56.7422937, 60.7003836), (56.7408632, 60.7016444), (56.7397016, 60.7026238), (56.7399823, 60.7038659), (56.740134, 60.7044775), (56.7400099, 60.704628), (56.7401185, 60.7050829), (56.7397908, 60.7053964), (56.7401802, 60.7068204), (56.7402009, 60.7072148), (56.7392681, 60.7080594), (56.7393195, 60.7082605), (56.7388601, 60.7086107), (56.7392247, 60.7101791), (56.7385942, 60.7114615), (56.7386701, 60.7117832), (56.7385022, 60.7119494), (56.7385578, 60.7124053), (56.7387896, 60.712569), (56.7410284, 60.710358), (56.7424976, 60.7091463), (56.7451651, 60.7063298), (56.7461502, 60.7050509), (56.7464643, 60.7044284), (56.7461298, 60.7038619), (56.745624, 60.7029465), (56.7461285, 60.7019727), (56.7460379, 60.7018543), (56.7454922, 60.7016314), (56.7448884, 60.7033505), (56.7441643, 60.7041043), (56.7437973, 60.7030902), (56.7436596, 60.703488), (56.7432861, 60.704191), (56.7436283, 60.7051755), (56.7438147, 60.7054255), (56.7436643, 60.7055869), (56.7434468, 60.7050239), (56.7433839, 60.7047199), (56.7433038, 60.7047787), (56.7431771, 60.7045815), (56.7431192, 60.7046558), (56.74296, 60.7048913), (56.7428692, 60.7047229), (56.7426623, 60.7049243), (56.7425221, 60.7053154), (56.7423988, 60.7054908), (56.7421804, 60.7060374), (56.7419545, 60.7055098), (56.7421501, 60.705195), (56.7421262, 60.7051331), (56.7422836, 60.7048354), (56.7421294, 60.7044302), (56.741885, 60.7047012), (56.741689, 60.705011), (56.7412839, 60.7057373), (56.7412188, 60.7054369), (56.7416462, 60.704739), (56.741891, 60.7044668), (56.7422687, 60.7038729), (56.7424768, 60.7035454), (56.742756, 60.7030755), (56.7429397, 60.7027981), (56.7429805, 60.702852), (56.743023, 60.7027386), (56.7429847, 60.7025554), (56.7432976, 60.7019331), (56.7429738, 60.7013699), (56.7422937, 60.7003836)]",274706.77623539045,1325
way/407631698,56.74676045454546,60.702458354545456,"[(56.7465196, 60.7043444), (56.747205, 60.7031213), (56.7473962, 60.7027244), (56.7474159, 60.7024108), (56.7473991, 60.7010292), (56.746952, 60.7010882), (56.7464843, 60.7011258), (56.746449, 60.7015442), (56.7462254, 60.7022201), (56.7457989, 60.7030891), (56.7465196, 60.7043444)]",21982.43886161968,528
way/408307640,56.744179540000005,60.692605330000006,"[(56.7449227, 60.6923156), (56.744746, 60.6920813), (56.7443637, 60.6916664), (56.7441931, 60.6915162), (56.7440526, 60.69169), (56.7434936, 60.6932571), (56.7434312, 60.6934266), (56.7434574, 60.693476), (56.7442124, 60.6943085), (56.7449227, 60.6923156)]",14913.956730514765,35
way/408307642,56.7429385,60.6936471125,"[(56.7433452, 60.6930257), (56.7431673, 60.6927482), (56.7425059, 60.6938462), (56.7426146, 60.6940556), (56.7424881, 60.6944981), (56.7427491, 60.6947965), (56.7432926, 60.6931809), (56.7433452, 60.6930257)]",5029.504855468869,12
way/408307647,56.74163647692308,60.697377634615385,"[(56.7430132, 60.6946132), (56.7428708, 60.6949836), (56.7424298, 60.6959309), (56.7420133, 60.6953054), (56.7420397, 60.6952049), (56.7415421, 60.6946084), (56.7414423, 60.6950397), (56.7411889, 60.6952301), (56.741109, 60.6954877), (56.7410307, 60.6959218), (56.7405351, 60.6975733), (56.7406637, 60.6978815), (56.7405209, 60.6983965), (56.7408783, 60.699885), (56.7408261, 60.7000038), (56.7408891, 60.7002176), (56.740823, 60.7002926), (56.7407691, 60.7003735), (56.7408084, 60.7008206), (56.7409968, 60.7007292), (56.741114, 60.7008812), (56.7421187, 60.7001031), (56.7423497, 60.6997369), (56.7441639, 60.6944445), (56.7433986, 60.6935403), (56.7430132, 60.6946132)]",88790.78869698197,110
way/408308130,56.74574904,60.69126456,"[(56.7455372, 60.6912873), (56.7459111, 60.6917154), (56.7460549, 60.6911961), (56.7457048, 60.6908367), (56.7455372, 60.6912873)]",1613.8079846203327,2
way/408543213,56.66696699285715,60.528388657142855,"[(56.6696738, 60.5315806), (56.6686279, 60.5310071), (56.6682542, 60.5299831), (56.6678249, 60.5270551), (56.6679045, 60.5166513), (56.6675792, 60.5143873), (56.6668665, 60.5205402), (56.6655627, 60.5233873), (56.6640764, 60.5296035), (56.6621292, 60.5353609), (56.6629637, 60.5373855), (56.6661624, 60.5348864), (56.6702387, 60.5340323), (56.6696738, 60.5315806)]",440287.0636050701,22
way/409910553,56.7731136,60.59080054,"[(56.7721461, 60.5894035), (56.7723046, 60.5902561), (56.7728416, 60.5899885), (56.7731812, 60.5909246), (56.7728476, 60.5913538), (56.7747523, 60.5944573), (56.7753788, 60.5935602), (56.7732075, 60.5893775), (56.7723302, 60.5892804), (56.7721461, 60.5894035)]",36628.845830105245,3838
way/416069115,56.81160414285714,60.484488042857144,"[(56.8113336, 60.4832098), (56.8109518, 60.4837784), (56.8108432, 60.4849157), (56.8121822, 60.4858383), (56.8123907, 60.4856184), (56.8121939, 60.4848459), (56.8113336, 60.4832098)]",14236.861372888088,32
way/418007240,56.76281987,60.91289723,"[(56.7627738, 60.9124195), (56.7622622, 60.9129452), (56.7624278, 60.913494), (56.7627797, 60.913031), (56.7629209, 60.9131705), (56.7630914, 60.9134602), (56.7633266, 60.9131168), (56.7630099, 60.912582), (56.7628326, 60.9123336), (56.7627738, 60.9124195)]",4137.838908076286,5
way/418007244,56.76366701538461,60.91692747692308,"[(56.7632913, 60.9173655), (56.7633745, 60.9182254), (56.7635804, 60.9196523), (56.7644821, 60.9187736), (56.7642675, 60.9178375), (56.7640675, 60.9165286), (56.7638038, 60.9156183), (56.7635333, 60.9145561), (56.7633334, 60.915114), (56.7635148, 60.9158956), (56.7634216, 60.9160367), (56.7637097, 60.9170881), (56.7632913, 60.9173655)]",20040.247563108802,2
way/418109498,56.8434628375,60.58976725,"[(56.842608, 60.590085), (56.8436253, 60.5914252), (56.8439526, 60.5906106), (56.8444486, 60.5891542), (56.8444069, 60.5890673), (56.8434757, 60.5877633), (56.8425776, 60.5899474), (56.842608, 60.590085)]",24357.724700018764,1758
way/419290561,56.77839487083333,60.65595425833333,"[(56.7785774, 60.6541358), (56.7785747, 60.6540744), (56.7785201, 60.6540653), (56.778463, 60.6540905), (56.7784189, 60.6540368), (56.778219, 60.6539993), (56.7780799, 60.6540237), (56.7779957, 60.6542729), (56.7780181, 60.6548766), (56.7779927, 60.6556944), (56.7779222, 60.6565903), (56.7781485, 60.6565259), (56.7783777, 60.6567566), (56.7784619, 60.6571619), (56.7784678, 60.6575159), (56.7783866, 60.6579582), (56.7781073, 60.6588916), (56.7784953, 60.6592886), (56.7787304, 60.658559), (56.7788186, 60.6581192), (56.7788039, 60.6574701), (56.7787069, 60.6562041), (56.7786129, 60.6544553), (56.7785774, 60.6541358)]",18807.453584357165,58
way/419522593,56.74870562727272,60.68267150909091,"[(56.7493463, 60.6821884), (56.7493269, 60.6821528), (56.7490833, 60.6814112), (56.7488881, 60.6815953), (56.7486228, 60.6817978), (56.7482292, 60.6827519), (56.7481009, 60.6831076), (56.7477254, 60.6845117), (56.7481141, 60.6849661), (56.7489786, 60.6827154), (56.7493463, 60.6821884)]",14595.863483253866,40
way/419522594,56.751338135714285,60.67990112142858,"[(56.7540015, 60.6778053), (56.7536907, 60.6766487), (56.7513951, 60.6789177), (56.7495091, 60.6809734), (56.7493589, 60.6811278), (56.7494939, 60.6816625), (56.7494628, 60.6816939), (56.7495542, 60.6819924), (56.749585, 60.6819849), (56.7507257, 60.6807896), (56.7513326, 60.6801998), (56.7527061, 60.6790572), (56.7539168, 60.6779572), (56.7540015, 60.6778053)]",38469.3800637871,92
way/420155047,56.77915984615385,60.6558085,"[(56.77866, 60.6540799), (56.7788121, 60.656002), (56.7789442, 60.6576757), (56.7792468, 60.6576079), (56.7794836, 60.6574883), (56.7796456, 60.6572626), (56.779604, 60.6565448), (56.7794618, 60.6560043), (56.7793301, 60.6555336), (56.7791803, 60.6549328), (56.7790894, 60.6543559), (56.7789601, 60.6539428), (56.77866, 60.6540799)]",14153.420979738235,28
way/423529332,56.743476612500004,60.6816510875,"[(56.7436409, 60.6800446), (56.7426809, 60.6835879), (56.7428966, 60.6840357), (56.743132, 60.6843898), (56.744241, 60.6806937), (56.7438094, 60.6802268), (56.7437712, 60.6801856), (56.7436409, 60.6800446)]",18176.36037359014,68
way/423529530,56.74603287307692,60.67906494230769,"[(56.7483443, 60.6781925), (56.7483344, 60.6781073), (56.7480272, 60.6771186), (56.7475683, 60.6754932), (56.7472255, 60.6743897), (56.7471624, 60.6739429), (56.7471095, 60.6729504), (56.7469577, 60.6729813), (56.7456695, 60.6741659), (56.7452341, 60.674663), (56.7446882, 60.6764344), (56.7437175, 60.6798281), (56.7443766, 60.68054), (56.7432186, 60.6845623), (56.7433207, 60.6846769), (56.7433735, 60.6847363), (56.7435322, 60.6849145), (56.7437374, 60.6851449), (56.7449385, 60.6812088), (56.7457747, 60.6821171), (56.7463976, 60.6826493), (56.7469078, 60.6812025), (56.7475255, 60.6794269), (56.7476314, 60.6791158), (56.7477373, 60.6789334), (56.7483443, 60.6781925)]",186808.59558764473,510
way/425898627,56.74831221666667,60.68567245,"[(56.7485169, 60.6860664), (56.7485965, 60.6857118), (56.7481561, 60.685181), (56.7480536, 60.6854754), (56.7480333, 60.6855337), (56.7485169, 60.6860664)]",1479.7607520148158,5
way/425898629,56.75181363870967,60.68117357741935,"[(56.7481561, 60.685181), (56.7485965, 60.6857118), (56.7487483, 60.685714), (56.7488141, 60.6847549), (56.7489741, 60.6838165), (56.7492828, 60.683191), (56.7498802, 60.6831597), (56.7509749, 60.6825341), (56.7516837, 60.6822057), (56.752061, 60.6817783), (56.7528612, 60.6810432), (56.7535272, 60.6802874), (56.754436, 60.6791301), (56.7549418, 60.6789945), (56.755862, 60.6786713), (56.7562878, 60.6776705), (56.7563679, 60.6771283), (56.7560488, 60.6763559), (56.7555857, 60.6768276), (56.7553778, 60.6770306), (56.7540214, 60.6780931), (56.7532943, 60.6787192), (56.7526845, 60.6792822), (56.7516914, 60.6800979), (56.7513179, 60.6803768), (56.7505562, 60.6811117), (56.749662, 60.6820451), (56.7490443, 60.6827586), (56.7489149, 60.6830966), (56.7484119, 60.6844323), (56.7481561, 60.685181)]",89793.8383655597,475
way/425898635,56.74867718,60.68036402,"[(56.7486665, 60.6802203), (56.7486027, 60.6802857), (56.7486932, 60.6805796), (56.748757, 60.6805142), (56.7486665, 60.6802203)]",168.07000819593668,2
way/425898639,56.74797156666667,60.68687063333333,"[(56.7480333, 60.6855337), (56.7477932, 60.6862825), (56.7473001, 60.6876815), (56.7478717, 60.6882947), (56.7479137, 60.6882105), (56.7480309, 60.6874291), (56.748251, 60.6868036), (56.7485169, 60.6860664), (56.7480333, 60.6855337)]",9812.059181541204,18
way/429990015,56.77254282,60.83850729999999,"[(56.7724964, 60.8381919), (56.7723288, 60.8385888), (56.7726081, 60.8389804), (56.7727844, 60.8385835), (56.7724964, 60.8381919)]",1224.9720086455345,2
way/429990016,56.7709249,60.8490133,"[(56.771086, 60.8492987), (56.7710801, 60.8485691), (56.7706862, 60.8485584), (56.7706862, 60.8493416), (56.771086, 60.8492987)]",2044.1906061079353,2
way/429990020,56.77208634,60.85047022,"[(56.7721957, 60.8501891), (56.7719194, 60.8501999), (56.7719135, 60.850908), (56.7722074, 60.850865), (56.7721957, 60.8501891)]",1343.8050754200667,2
way/433233176,56.70785017272727,60.511066581818184,"[(56.7101038, 60.5150009), (56.7100782, 60.5132666), (56.7100874, 60.5118358), (56.7100488, 60.509061), (56.7084467, 60.5078018), (56.7080321, 60.5068684), (56.7051723, 60.5069713), (56.7028753, 60.508231), (56.7025266, 60.5128616), (56.7088769, 60.5148331), (56.7101038, 60.5150009)]",328135.44548138976,75
way/436200201,56.69748406,60.561518879999994,"[(56.6980551, 60.5645122), (56.6994084, 60.5622371), (56.6965642, 60.5571625), (56.6953375, 60.5591704), (56.6980551, 60.5645122)]",86462.30061745644,340
way/437973092,56.783211400000006,60.518272579999994,"[(56.7837198, 60.517941), (56.7833192, 60.517208), (56.782443, 60.5187619), (56.7828552, 60.519511), (56.7837198, 60.517941)]",8711.084415495396,2
way/438357378,56.784407339999994,60.516098320000005,"[(56.7849198, 60.5157286), (56.7845181, 60.5150109), (56.7836407, 60.5166374), (56.7840383, 60.5173861), (56.7849198, 60.5157286)]",8855.459672570229,2
way/440640446,56.7577602375,60.73625645,"[(56.7575959, 60.736193), (56.7576724, 60.7365953), (56.7580429, 60.736488), (56.7580401, 60.736234), (56.7579517, 60.7361393), (56.7576018, 60.736075), (56.7575812, 60.736134), (56.7575959, 60.736193)]",1199.3340077623725,2
way/440640461,56.75781857,60.73581317000001,"[(56.7574371, 60.7356619), (56.757493, 60.7359248), (56.7577137, 60.735998), (56.7580723, 60.7360589), (56.7581194, 60.7364451), (56.7582018, 60.7364111), (56.7582224, 60.7351772), (56.7578871, 60.7352757), (56.7576018, 60.7355171), (56.7574371, 60.7356619)]",3625.0854429528117,2
way/440640771,56.75787147692308,60.740323576923075,"[(56.7579341, 60.7396209), (56.7578488, 60.7396048), (56.7577813, 60.7399945), (56.7578049, 60.7403807), (56.7577577, 60.7405489), (56.7577077, 60.7406401), (56.7576577, 60.7409029), (56.7576665, 60.7409888), (56.7581752, 60.7407152), (56.7581458, 60.7403665), (56.7579754, 60.7404773), (56.75794, 60.740345), (56.7579341, 60.7396209)]",2044.898915745318,5
way/441561357,56.747237039999995,60.56562404,"[(56.7466022, 60.5658278), (56.7475366, 60.566979), (56.7481915, 60.5653299), (56.7472527, 60.5641557), (56.7466022, 60.5658278)]",15766.94091308117,5
way/442147361,56.863117935714286,60.57843025714286,"[(56.8626486, 60.5800669), (56.8641573, 60.5774933), (56.8640422, 60.5772559), (56.8639066, 60.5774651), (56.8636456, 60.5778997), (56.863282, 60.5770306), (56.8628333, 60.5776663), (56.8631002, 60.5782591), (56.8629653, 60.5784522), (56.8630709, 60.5787365), (56.862675, 60.579509), (56.8624228, 60.5789511), (56.8622527, 60.579171), (56.8626486, 60.5800669)]",10976.004769548774,2
way/447149800,56.78592764,60.51848510999999,"[(56.7866855, 60.5191708), (56.786391, 60.5186002), (56.7861838, 60.518395), (56.7860031, 60.5181268), (56.7858621, 60.5178022), (56.7857512, 60.5174254), (56.7853558, 60.5169394), (56.7845536, 60.518389), (56.7858048, 60.5208315), (56.7866855, 60.5191708)]",27269.78518807888,855
way/460230634,56.821456833333336,60.49481793333333,"[(56.8205905, 60.4919247), (56.8204378, 60.4926114), (56.8210837, 60.4973535), (56.8211424, 60.4976325), (56.8213655, 60.4974125), (56.8219644, 60.4981636), (56.8233089, 60.4944728), (56.8226278, 60.4918657), (56.8205905, 60.4919247)]",82475.9763083905,255
way/463639762,56.82649732857143,60.59033575714285,"[(56.8258614, 60.5891603), (56.8261245, 60.5917388), (56.826729, 60.5915328), (56.8266833, 60.5910846), (56.8272195, 60.5909019), (56.8270022, 60.5887716), (56.8258614, 60.5891603)]",19002.80252301693,780
way/464127139,56.8812377,60.505052660000004,"[(56.8817121, 60.5043189), (56.8814268, 60.5039315), (56.8805261, 60.5061533), (56.8808114, 60.5065407), (56.8817121, 60.5043189)]",6672.319282770157,1690
way/464131966,56.85175696153846,60.57387394615385,"[(56.8507013, 60.5742501), (56.8515707, 60.5772077), (56.852275, 60.5764947), (56.8525604, 60.5751575), (56.8527071, 60.5740371), (56.8525448, 60.5738282), (56.8523597, 60.5736409), (56.8520307, 60.5734285), (56.8522582, 60.5727123), (56.8517001, 60.5718648), (56.8512682, 60.5712383), (56.850163, 60.5722511), (56.8507013, 60.5742501)]",55872.88590332866,1665
way/464162368,56.687567593333334,60.26053751333333,"[(56.6897546, 60.256833), (56.689068, 60.2561233), (56.6884829, 60.2555185), (56.68828, 60.2556391), (56.6856244, 60.2544081), (56.6857891, 60.2576131), (56.6860034, 60.2578556), (56.686212, 60.2580916), (56.68618, 60.2582515), (56.686417, 60.2586326), (56.686129, 60.2595319), (56.6861236, 60.2595489), (56.6866231, 60.2599858), (56.6866412, 60.2600016), (56.6864223, 60.2607818), (56.6862275, 60.2616733), (56.6861083, 60.2623561), (56.6856296, 60.2625661), (56.6855593, 60.2638851), (56.686785, 60.2637349), (56.6880553, 60.2653918), (56.6884435, 60.2654602), (56.6889995, 60.2655366), (56.689858, 60.2670978), (56.6902351, 60.2657398), (56.6901171, 60.2641863), (56.6888666, 60.2626019), (56.6889303, 60.2609529), (56.6897075, 60.2592932), (56.6897546, 60.256833)]",232295.7983166054,208
way/465118018,56.74641202,60.567718379999995,"[(56.7458249, 60.5679211), (56.7466695, 60.5690138), (56.7472956, 60.567413), (56.7464452, 60.5663229), (56.7458249, 60.5679211)]",13869.96816778183,948
way/466069643,56.84866128,60.659012,"[(56.8492961, 60.6568319), (56.8471839, 60.6576312), (56.8477032, 60.6622875), (56.8498271, 60.6614775), (56.8492961, 60.6568319)]",69807.38058322668,2438
way/466069646,56.844411442857144,60.66118774285714,"[(56.8435284, 60.6589535), (56.8439685, 60.6628275), (56.8441571, 60.6627558), (56.8442532, 60.6636071), (56.8459958, 60.6629795), (56.8454487, 60.6582373), (56.8435284, 60.6589535)]",63385.5337677449,2252
way/466130304,56.831518844444446,60.68944568333333,"[(56.8348466, 60.6847841), (56.8284882, 60.6820295), (56.8264116, 60.68833), (56.8263045, 60.6901485), (56.8263041, 60.6913053), (56.8271901, 60.6914324), (56.827123, 60.693097), (56.8276467, 60.6931606), (56.8336621, 60.6940143), (56.8337472, 60.6926947), (56.8345587, 60.6926751), (56.8346847, 60.6901924), (56.83392, 60.6901127), (56.834008, 60.6880152), (56.8344042, 60.6879348), (56.8344277, 60.6876773), (56.8347652, 60.6876343), (56.8348466, 60.6847841)]",521992.2123877816,20235
way/466130306,56.83931496486487,60.68502832972973,"[(56.8407128, 60.679984), (56.8396022, 60.6799082), (56.8395806, 60.6803924), (56.8387917, 60.6803246), (56.8387869, 60.680792), (56.8380111, 60.6807323), (56.8379902, 60.6811917), (56.8371781, 60.6810898), (56.8371542, 60.6815746), (56.8365167, 60.6815423), (56.8359262, 60.6820494), (56.8356275, 60.6827856), (56.8354361, 60.6832938), (56.8353187, 60.6839751), (56.8352747, 60.6847181), (56.8352101, 60.6887012), (56.8373685, 60.6888192), (56.8374019, 60.6856066), (56.8380137, 60.6856602), (56.8381252, 60.6858882), (56.839654, 60.6860143), (56.8395799, 60.6891149), (56.8409395, 60.6892484), (56.8412535, 60.6893825), (56.8414794, 60.6899216), (56.8414794, 60.6909328), (56.8416569, 60.6912976), (56.8427784, 60.6906304), (56.8428952, 60.6904114), (56.8430286, 60.688844), (56.8429904, 60.6885832), (56.8427506, 60.6885523), (56.8419511, 60.6833824), (56.8414816, 60.6833448), (56.8413851, 60.6836915), (56.8406102, 60.6836828), (56.8407128, 60.679984)]",327557.3854940105,12565
way/466130316,56.835673005454545,60.67625052363636,"[(56.8405005, 60.6700471), (56.8402973, 60.6696984), (56.8399877, 60.6694409), (56.8398542, 60.669406), (56.8389197, 60.6693309), (56.8384883, 60.6693229), (56.8381905, 60.6694141), (56.8359529, 60.6701195), (56.8346779, 60.6704923), (56.8342377, 60.6707176), (56.8331504, 60.6716296), (56.8327057, 60.6720185), (56.8324563, 60.6723699), (56.8321745, 60.6728849), (56.8321026, 60.6732496), (56.8320219, 60.6738558), (56.8320278, 60.6757763), (56.832019, 60.6760391), (56.8319764, 60.676412), (56.8319001, 60.6766721), (56.8317284, 60.6770235), (56.829762, 60.6788581), (56.8295096, 60.6792658), (56.8293188, 60.679695), (56.8285616, 60.6818354), (56.8305875, 60.6827742), (56.8325781, 60.6836324), (56.8332785, 60.683936), (56.833384, 60.6839862), (56.8340855, 60.6842696), (56.8340881, 60.683221), (56.8339775, 60.6832055), (56.8340059, 60.6825254), (56.834011, 60.6824145), (56.8340193, 60.6821463), (56.834039, 60.6821483), (56.8340598, 60.6811872), (56.8340715, 60.6806519), (56.8340764, 60.6804509), (56.8349457, 60.6804567), (56.8356742, 60.680218), (56.8373446, 60.6795502), (56.8400706, 60.678437), (56.8406046, 60.6776699), (56.8408951, 60.6771013), (56.8410008, 60.6766239), (56.8410096, 60.6748751), (56.8413088, 60.6748268), (56.8413426, 60.6736171), (56.8412443, 60.6731665), (56.8410697, 60.6724691), (56.8408658, 60.6714177), (56.8407293, 60.6708222), (56.8406252, 60.6703555), (56.8405005, 60.6700471)]",710161.0062884374,18842
way/467718335,56.8337749,60.6590477117647,"[(56.8343278, 60.6575174), (56.8332539, 60.657868), (56.8331888, 60.6578914), (56.8331386, 60.6579077), (56.8330876, 60.6579271), (56.8321438, 60.6582571), (56.8324039, 60.6605285), (56.8320153, 60.6606526), (56.8322129, 60.6625454), (56.8356066, 60.6612265), (56.8353158, 60.6586005), (56.8350347, 60.6587012), (56.8351085, 60.6595014), (56.8343397, 60.6598252), (56.8342164, 60.6587148), (56.8344512, 60.6586289), (56.8343278, 60.6575174)]",78647.870214561,4915
way/473615699,56.90361578181818,60.605831200000004,"[(56.9048233, 60.605882), (56.9028234, 60.6034143), (56.9023353, 60.6046527), (56.9027587, 60.6052142), (56.9031456, 60.6057224), (56.9030944, 60.6059209), (56.9037665, 60.6068845), (56.9037611, 60.6069381), (56.9038955, 60.6069924), (56.9045465, 60.6066397), (56.9048233, 60.605882)]",27236.356146022677,2080
way/473709124,56.72330803333333,60.63641116666666,"[(56.7230946, 60.6355668), (56.7225715, 60.6364146), (56.7228854, 60.6371619), (56.7232201, 60.6373794), (56.7234095, 60.6364179), (56.7237852, 60.6366483), (56.7238193, 60.6364577), (56.7238921, 60.6360871), (56.7230946, 60.6355668)]",8349.793182581663,2
way/474139649,56.86847676,60.6599917,"[(56.8684504, 60.6596912), (56.8682843, 60.6599861), (56.8685098, 60.6604295), (56.8686889, 60.6601605), (56.8684504, 60.6596912)]",979.1581471264362,5
way/475883318,56.81192162,60.85159324,"[(56.8117358, 60.8517857), (56.8119619, 60.8520486), (56.8122224, 60.8513099), (56.8119522, 60.8510363), (56.8117358, 60.8517857)]",1690.8477731645107,2
way/476075835,56.782125040000004,60.5202273,"[(56.7826012, 60.5199731), (56.7822022, 60.5192152), (56.7814095, 60.520612), (56.7818111, 60.5213631), (56.7826012, 60.5199731)]",7861.174836218357,2
way/481160876,56.8840458875,60.3034238875,"[(56.884102, 60.3031023), (56.883894, 60.3030969), (56.8838178, 60.3037782), (56.8839731, 60.303805), (56.8839888, 60.303694), (56.8842174, 60.3037101), (56.884272, 60.3031023), (56.884102, 60.3031023)]",1669.4296555803157,5
way/482422350,56.78255594444445,60.53580735555556,"[(56.7832563, 60.5363798), (56.7832431, 60.5354089), (56.7824536, 60.5354993), (56.7813473, 60.5334746), (56.7808311, 60.5344046), (56.7825484, 60.537598), (56.7830315, 60.5367259), (56.7830359, 60.5363953), (56.7832563, 60.5363798)]",26010.701475447044,330
way/485717738,56.92868912,60.61284264000001,"[(56.9293579, 60.6122713), (56.9276591, 60.6123154), (56.9276045, 60.6136107), (56.9294662, 60.6137445), (56.9293579, 60.6122713)]",16701.01158651337,155
way/485717739,56.93484106,60.612011575,"[(56.9346786, 60.6116554), (56.9343509, 60.6123731), (56.9339136, 60.6123726), (56.9338874, 60.6131842), (56.9336196, 60.6131092), (56.9336624, 60.6127636), (56.9332995, 60.6126276), (56.933314, 60.6123508), (56.9331436, 60.6123138), (56.9331118, 60.6125303), (56.9327252, 60.6124922), (56.9325847, 60.6125867), (56.9300042, 60.6116254), (56.9300291, 60.6125895), (56.9299762, 60.6137595), (56.9307604, 60.6142085), (56.934989, 60.6165861), (56.9349913, 60.6165531), (56.935076, 60.6158911), (56.9351229, 60.6158997), (56.9352306, 60.6156336), (56.9353289, 60.6158396), (56.9355162, 60.6158396), (56.935652, 60.6153332), (56.9360594, 60.6147925), (56.9366822, 60.6128699), (56.9370428, 60.6116425), (56.9372675, 60.6110417), (56.9378763, 60.6089989), (56.9381853, 60.6077544), (56.9380823, 60.607351), (56.9376046, 60.6072158), (56.9374176, 60.6070511), (56.9370428, 60.6066643), (56.9367712, 60.6069991), (56.9363919, 60.6080205), (56.9363357, 60.6083981), (56.935714, 60.6100665), (56.9355221, 60.6098229), (56.9346786, 60.6116554)]",197479.91751485184,1730
way/486731540,56.86549797142857,60.66108535714285,"[(56.8659591, 60.6612969), (56.8655626, 60.6603406), (56.8654269, 60.6606075), (56.8653487, 60.6604841), (56.8649155, 60.6612719), (56.8653139, 60.6622996), (56.8659591, 60.6612969)]",7197.187894910574,8
way/486731551,56.865915,60.6627312875,"[(56.865825, 60.6635814), (56.8664691, 60.6625578), (56.8664631, 60.6624273), (56.8659762, 60.6614425), (56.8654606, 60.6622902), (56.8657187, 60.6628749), (56.8655823, 60.6630948), (56.865825, 60.6635814)]",7656.767790481448,22
way/488796812,56.720140575,60.5164627,"[(56.7205621, 60.5203758), (56.7206062, 60.5202105), (56.7205102, 60.5187239), (56.7218166, 60.5108719), (56.7207528, 60.5096735), (56.7202685, 60.5127086), (56.7196009, 60.5123262), (56.7195537, 60.5126417), (56.7197185, 60.5137628), (56.7194418, 60.5151898), (56.719014, 60.5181454), (56.7198308, 60.5185337), (56.7196952, 60.51981), (56.7199169, 60.519911), (56.7203989, 60.5201426), (56.7205621, 60.5203758)]",94406.00344850868,18
way/494341806,56.810278059999995,60.81171564,"[(56.8105083, 60.8120836), (56.8105905, 60.8114185), (56.8099268, 60.8111395), (56.8098564, 60.811853), (56.8105083, 60.8120836)]",3216.3123598992825,2
way/495512970,56.800808318181815,60.497691309090904,"[(56.8003638, 60.4966496), (56.8002479, 60.498092), (56.8007136, 60.4984808), (56.8011497, 60.4988281), (56.8011933, 60.4986184), (56.8013288, 60.4979656), (56.8010448, 60.4978884), (56.800778, 60.4978158), (56.8008503, 60.4968561), (56.8008575, 60.49676), (56.8003638, 60.4966496)]",8203.954134717584,32
way/495751096,56.87078991999999,60.675180620000006,"[(56.8709004, 60.6750168), (56.8706402, 60.6749631), (56.8706216, 60.6754264), (56.870887, 60.67548), (56.8709004, 60.6750168)]",832.5657114386559,2
way/504769395,56.7778915,60.527270671428575,"[(56.7774456, 60.5274399), (56.7779122, 60.5283227), (56.7785675, 60.5271954), (56.7782066, 60.5265306), (56.7780705, 60.5267702), (56.7775925, 60.527196), (56.7774456, 60.5274399)]",6583.049421340227,358
way/505524281,56.7706815,60.534866179999995,"[(56.7707685, 60.5334436), (56.769686, 60.5354055), (56.7705517, 60.5369854), (56.7716328, 60.5350528), (56.7707685, 60.5334436)]",23213.980642557144,98
way/510667355,56.783691475,60.550280375,"[(56.7833434, 60.5494662), (56.7828911, 60.5502824), (56.7832819, 60.5509885), (56.7838694, 60.5519919), (56.7847638, 60.5503374), (56.7842834, 60.5493853), (56.7837554, 60.5503251), (56.7833434, 60.5494662)]",16392.877185583115,460
way/510686550,56.77796114499999,60.534502375,"[(56.7785674, 60.5365267), (56.7788562, 60.5359698), (56.7791155, 60.5354699), (56.778881, 60.535045), (56.7786502, 60.5346268), (56.7784238, 60.5342165), (56.7782188, 60.5338451), (56.7779681, 60.5333907), (56.7775094, 60.5325596), (56.7772882, 60.5321587), (56.7770195, 60.532634), (56.7767149, 60.5331814), (56.7769378, 60.533584), (56.7771698, 60.5340029), (56.7773929, 60.5344058), (56.777647, 60.5348647), (56.7778612, 60.5352515), (56.7780887, 60.5356624), (56.7783451, 60.5361253), (56.7785674, 60.5365267)]",25735.36626279354,38
way/510686555,56.78050121904762,60.53634337619048,"[(56.7798658, 60.5342614), (56.7796056, 60.5347579), (56.7793462, 60.5352527), (56.7796083, 60.5357318), (56.7798109, 60.5361022), (56.7800356, 60.5365129), (56.7802639, 60.5369303), (56.7804937, 60.5373504), (56.7807279, 60.5377786), (56.7809592, 60.5382013), (56.7811797, 60.5386045), (56.7814602, 60.5381003), (56.7817175, 60.5376379), (56.781483, 60.5372103), (56.7812515, 60.5367881), (56.781028, 60.5363806), (56.7807942, 60.5359543), (56.7805656, 60.5355375), (56.780337, 60.5351206), (56.780126, 60.5347359), (56.7798658, 60.5342614)]",24385.48651254177,40
way/511233726,56.90599641818182,60.61072004545454,"[(56.9058778, 60.6127427), (56.906307, 60.6126814), (56.9062259, 60.6099657), (56.9061532, 60.6099452), (56.9060653, 60.6099184), (56.9060067, 60.609913), (56.9059276, 60.6099076), (56.9058661, 60.6099291), (56.9058427, 60.6099935), (56.9058105, 60.6101812), (56.9058778, 60.6127427)]",8001.984288590029,650
way/512536289,56.84888672666667,60.570043326666664,"[(56.8479808, 60.5661892), (56.8477017, 60.5669779), (56.8483061, 60.5688608), (56.8489075, 60.5682385), (56.8493123, 60.569762), (56.8487549, 60.5703843), (56.8488898, 60.5708456), (56.8489544, 60.5708027), (56.8491384, 60.5714034), (56.8483501, 60.5721223), (56.8486115, 60.5730059), (56.8487006, 60.5732784), (56.8499474, 60.5721277), (56.8517646, 60.570462), (56.8479808, 60.5661892)]",70237.55028141662,4522
way/512536290,56.85168194117647,60.560507947058824,"[(56.8483882, 60.5656341), (56.850578, 60.5635634), (56.8511325, 60.5631181), (56.851131, 60.56149), (56.8506734, 60.5598378), (56.8534248, 60.5571878), (56.8539176, 60.5589473), (56.852979, 60.5598807), (56.8532987, 60.561254), (56.854208, 60.5604547), (56.8542197, 60.5584753), (56.8541728, 60.5578959), (56.8539627, 60.5571218), (56.8533867, 60.5549991), (56.8472705, 60.5608302), (56.8474612, 60.5623108), (56.8483882, 60.5656341)]",188116.51430240273,5062
way/512536291,56.85412648076923,60.56501279230769,"[(56.8492697, 60.5652009), (56.8499856, 60.5676297), (56.8534223, 60.5717438), (56.8534483, 60.5717736), (56.8535509, 60.5717361), (56.8541082, 60.5725059), (56.8545388, 60.5720997), (56.8548503, 60.5718058), (56.855365, 60.57367), (56.8565954, 60.5725086), (56.8570383, 60.5703628), (56.8574137, 60.566479), (56.8573345, 60.5580354), (56.8571805, 60.5560264), (56.8565228, 60.5528574), (56.8537453, 60.5553236), (56.8543341, 60.5574802), (56.8544939, 60.5584136), (56.8543233, 60.5612266), (56.8543156, 60.561479), (56.8542475, 60.562579), (56.8540334, 60.563153), (56.8536228, 60.5636331), (56.8532092, 60.5637807), (56.8510694, 60.5636278), (56.8492697, 60.5652009)]",573603.7053833194,16510
way/520490672,56.78251159999999,60.528292211111115,"[(56.7821029, 60.5280724), (56.7821058, 60.5281261), (56.7826576, 60.529156), (56.7826994, 60.5291507), (56.7830271, 60.5285646), (56.7830278, 60.5285217), (56.7824533, 60.5274864), (56.7824276, 60.5274796), (56.7821029, 60.5280724)]",5223.201076360419,390
way/520490673,56.78225165,60.5288748875,"[(56.7826032, 60.5292217), (56.7820536, 60.5282307), (56.7820228, 60.5282266), (56.7818509, 60.5285445), (56.7818516, 60.5286089), (56.7824203, 60.5296415), (56.7826076, 60.5293035), (56.7826032, 60.5292217)]",2982.1414059060626,195
way/528020848,56.908557914285716,60.601755942857146,"[(56.9079472, 60.6021919), (56.9084509, 60.6028481), (56.9087615, 60.6020482), (56.9088156, 60.6019804), (56.9092526, 60.6008558), (56.9087304, 60.6001753), (56.9079472, 60.6021919)]",10597.922634162009,1105
way/528096818,56.62513303636364,60.599610354545455,"[(56.6255322, 60.5990303), (56.6252002, 60.5989283), (56.624855, 60.5989873), (56.6247886, 60.5993253), (56.6247768, 60.5997384), (56.624852, 60.6000844), (56.6250601, 60.6005028), (56.625187, 60.6002641), (56.6252725, 60.6002748), (56.6254068, 60.5995479), (56.6255322, 60.5990303)]",5367.354387990199,2
way/528096820,56.62596487142857,60.5979815,"[(56.626118, 60.5966511), (56.6259734, 60.5965975), (56.625848, 60.5966404), (56.6257049, 60.5970722), (56.6256326, 60.5990651), (56.6258317, 60.5991375), (56.6258288, 60.5994916), (56.6259395, 60.5995077), (56.6258967, 60.598577), (56.6260634, 60.5985501), (56.6260826, 60.5980593), (56.6262124, 60.5980861), (56.6262582, 60.5976543), (56.626118, 60.5966511)]",7448.283652143553,5
way/528280307,56.806675500000004,60.44139521666667,"[(56.8067275, 60.4416302), (56.8067856, 60.4416419), (56.8068038, 60.4410294), (56.8065087, 60.4409033), (56.8064999, 60.4415363), (56.8067275, 60.4416302)]",1250.3335776031017,2
way/528280308,56.8068999,60.441423,"[(56.8067856, 60.4416419), (56.8070461, 60.4416946), (56.8070784, 60.4411072), (56.8068038, 60.4410294), (56.8067856, 60.4416419)]",1103.1022127754986,2
way/528280309,56.807065877777774,60.441865699999994,"[(56.807292, 60.4417651), (56.8070461, 60.4416946), (56.8067856, 60.4416419), (56.8067275, 60.4416302), (56.8067128, 60.4418984), (56.8071046, 60.442522), (56.8073516, 60.4420079), (56.8072807, 60.4418661), (56.807292, 60.4417651)]",2228.743694651872,2
way/528280311,56.80477498333334,60.44213116666666,"[(56.8047602, 60.4417009), (56.8045028, 60.4420352), (56.8047979, 60.442577), (56.8048293, 60.4425284), (56.8049995, 60.4422446), (56.8047602, 60.4417009)]",1455.4654192477465,5
way/528280312,56.80166971666667,60.45417735,"[(56.8017966, 60.453926), (56.8017316, 60.453971), (56.8012744, 60.453907), (56.8015627, 60.4548535), (56.8018564, 60.4544806), (56.8017966, 60.453926)]",2208.4824883639812,2
way/528280313,56.80249978333333,60.452204599999995,"[(56.8026421, 60.4519835), (56.8023484, 60.4519138), (56.8022867, 60.4522812), (56.8022808, 60.4525589), (56.8027986, 60.4525067), (56.8026421, 60.4519835)]",1660.7456979490817,2
way/528280314,56.80290017142857,60.45197167142857,"[(56.8031267, 60.4514444), (56.8027332, 60.4513022), (56.8026421, 60.4519835), (56.8027986, 60.4525067), (56.8028463, 60.4526765), (56.8030276, 60.452444), (56.8031267, 60.4514444)]",3005.3697873800993,2
way/528280315,56.80321086666667,60.45181826666666,"[(56.8031267, 60.4514444), (56.8030276, 60.452444), (56.8031253, 60.4523188), (56.8035017, 60.4517318), (56.8033572, 60.4515262), (56.8031267, 60.4514444)]",1527.7134158015251,2
way/528280316,56.80337084,60.452234780000005,"[(56.8031253, 60.4523188), (56.8033851, 60.4527216), (56.8037168, 60.4520829), (56.8035017, 60.4517318), (56.8031253, 60.4523188)]",1897.9055334031582,5
way/528280317,56.80374654,60.450205800000006,"[(56.8039109, 60.450232), (56.8036422, 60.4497814), (56.8035164, 60.4502324), (56.8037523, 60.4505512), (56.8039109, 60.450232)]",1033.132355749607,2
way/528280318,56.8039305,60.4498051,"[(56.8039109, 60.450232), (56.8040519, 60.449937), (56.8042076, 60.4496124), (56.8038595, 60.4490358), (56.8036422, 60.4497814), (56.8039109, 60.450232)]",2329.507572233677,2
way/528280319,56.80432161666667,60.45009701666667,"[(56.8040519, 60.449937), (56.8044528, 60.450578), (56.8045879, 60.4503044), (56.8045776, 60.4502133), (56.8042076, 60.4496124), (56.8040519, 60.449937)]",1547.6223784461617,2
way/528280320,56.80412502,60.45037416,"[(56.8039109, 60.450232), (56.8042986, 60.4508918), (56.8044528, 60.450578), (56.8040519, 60.449937), (56.8039109, 60.450232)]",1469.5837509930134,2
way/528280321,56.80397258000001,60.450685299999996,"[(56.8037523, 60.4505512), (56.8041488, 60.4512003), (56.8042986, 60.4508918), (56.8039109, 60.450232), (56.8037523, 60.4505512)]",1523.6918402314186,2
way/528280322,56.80382052,60.45099374,"[(56.8036027, 60.4508636), (56.8039961, 60.45149), (56.8041488, 60.4512003), (56.8037523, 60.4505512), (56.8036027, 60.4508636)]",1464.640921920538,2
way/528280323,56.803656839999995,60.451332320000006,"[(56.8034276, 60.4512293), (56.8038302, 60.4518494), (56.8039961, 60.45149), (56.8036027, 60.4508636), (56.8034276, 60.4512293)]",1704.5423481166363,65
way/528280324,56.8034884,60.450622,"[(56.8034233, 60.4501566), (56.8032732, 60.4511643), (56.8034276, 60.4512293), (56.8036027, 60.4508636), (56.8037523, 60.4505512), (56.8035164, 60.4502324), (56.8034233, 60.4501566)]",1797.2072789743543,2
way/528280325,56.80325245,60.45043896666667,"[(56.8031897, 60.4500501), (56.8030447, 60.45108), (56.8032732, 60.4511643), (56.8034233, 60.4501566), (56.8033941, 60.4501327), (56.8031897, 60.4500501)]",1705.5679478850216,2
way/528280326,56.80296045,60.45032353333334,"[(56.8031897, 60.4500501), (56.8030869, 60.4500085), (56.8027209, 60.4498308), (56.8025308, 60.4509217), (56.8030447, 60.45108), (56.8031897, 60.4500501)]",3749.4640190266073,10
way/528280327,56.80331303333333,60.44983248333333,"[(56.8035152, 60.4496905), (56.8031771, 60.4494226), (56.8030869, 60.4500085), (56.8031897, 60.4500501), (56.8033941, 60.4501327), (56.8035152, 60.4496905)]",1269.2887203283608,2
way/528280328,56.80556746,60.45019986,"[(56.8056608, 60.4506768), (56.8058449, 60.450165), (56.8054514, 60.4495159), (56.8052194, 60.4499648), (56.8056608, 60.4506768)]",2327.2493318617344,2
way/528280332,56.802972075,60.452769375,"[(56.8028463, 60.4526765), (56.8027537, 60.4527935), (56.8028903, 60.4532441), (56.802902, 60.45328), (56.8033851, 60.4527216), (56.8031253, 60.4523188), (56.8030276, 60.452444), (56.8028463, 60.4526765)]",2009.4670875258744,2
way/528280333,56.802631399999996,60.45275203333333,"[(56.8028463, 60.4526765), (56.8027986, 60.4525067), (56.8022808, 60.4525589), (56.8022627, 60.4533001), (56.8027537, 60.4527935), (56.8028463, 60.4526765)]",1776.397823791951,2
way/528280334,56.80264475714286,60.453266371428576,"[(56.8027537, 60.4527935), (56.8022627, 60.4533001), (56.8024203, 60.4538267), (56.8027053, 60.4534963), (56.8027273, 60.4534104), (56.8028903, 60.4532441), (56.8027537, 60.4527935)]",2143.5907880216837,5
way/532547996,56.77940336,60.52512194,"[(56.7798822, 60.5248132), (56.7795095, 60.5241069), (56.7786897, 60.5255925), (56.7790532, 60.5262839), (56.7798822, 60.5248132)]",7625.863645911217,2
way/537149093,56.810085124,60.569744928,"[(56.8116728, 60.5696981), (56.8101245, 60.567584), (56.8100269, 60.5678375), (56.8098683, 60.5676256), (56.8098465, 60.5676916), (56.8097758, 60.5678938), (56.8097831, 60.567985), (56.8099189, 60.5681499), (56.8098234, 60.5683994), (56.8098632, 60.5684404), (56.8100562, 60.5686569), (56.8099373, 60.5689922), (56.809885, 60.5690364), (56.8093798, 60.5704101), (56.8092677, 60.5707061), (56.8096011, 60.571134), (56.8094792, 60.5714531), (56.8095122, 60.5716543), (56.8095357, 60.5716827), (56.8095825, 60.5717392), (56.8095949, 60.5717542), (56.8108682, 60.5733843), (56.8116698, 60.5712292), (56.8113823, 60.5707871), (56.8116728, 60.5696981)]",54071.52126004547,2360
way/539220615,56.846953199999994,60.81085064,"[(56.8476713, 60.8125098), (56.8479089, 60.8109219), (56.8477593, 60.8103693), (56.8478766, 60.8094735), (56.8474248, 60.8090818), (56.8469848, 60.8082933), (56.8466926, 60.8086851), (56.8464508, 60.8084837), (56.8460783, 60.8093366), (56.8459345, 60.8098543), (56.8459459, 60.8102059), (56.8463341, 60.8105668), (56.8463908, 60.8105516), (56.8465139, 60.8109648), (56.8465418, 60.8119277), (56.8464549, 60.8129203), (56.8470846, 60.8136094), (56.8474465, 60.8136928), (56.8478983, 60.8130544), (56.8476713, 60.8125098)]",46401.05201066472,48
way/539649612,56.780166785714286,60.6465668,"[(56.7799934, 60.6470408), (56.7803293, 60.6465858), (56.7804621, 60.6464372), (56.7804063, 60.6462308), (56.780164, 60.6461348), (56.779819, 60.6464974), (56.7799934, 60.6470408)]",2064.362556003034,5
way/540399633,56.78948018888889,60.50547682222222,"[(56.7903273, 60.5060647), (56.7896474, 60.5047936), (56.788979, 60.5035746), (56.7884828, 60.5044473), (56.7885555, 60.504593), (56.7892994, 60.5059603), (56.7898243, 60.506925), (56.7898787, 60.5068682), (56.7903273, 60.5060647)]",16561.413146704435,2438
way/540399634,56.78785278,60.50771744,"[(56.7874521, 60.5066031), (56.7872009, 60.5070447), (56.7884554, 60.509393), (56.7887034, 60.5089433), (56.7874521, 60.5066031)]",7782.286036640406,2502
way/542009029,56.804029560000004,60.4990021,"[(56.8040827, 60.5001667), (56.8046496, 60.4977903), (56.8039388, 60.4972565), (56.803394, 60.4996303), (56.8040827, 60.5001667)]",13329.688949465752,70
way/542009041,56.80168664,60.50324868,"[(56.8020973, 60.5046782), (56.8026076, 60.5025333), (56.8015344, 60.5015921), (56.8013321, 60.5023862), (56.8014584, 60.5025217), (56.8012761, 60.5031597), (56.8014979, 60.5033704), (56.8015583, 60.503444), (56.801407, 60.504123), (56.8020973, 60.5046782)]",16404.620273306966,78
way/542009047,56.8032202,60.497552075,"[(56.80343, 60.4967485), (56.8032847, 60.497244), (56.8030827, 60.4969829), (56.8028059, 60.4976858), (56.8025702, 60.4985064), (56.8033074, 60.499354), (56.8038507, 60.4971465), (56.80343, 60.4967485)]",11912.317515999079,32
way/542009048,56.80439238333333,60.502174266666664,"[(56.8044176, 60.5034873), (56.8048259, 60.5018345), (56.8050123, 60.5010546), (56.8041356, 60.5003625), (56.8035453, 60.5028194), (56.8044176, 60.5034873)]",17320.372660934925,160
way/542009049,56.80523584,60.502392439999994,"[(56.8051122, 60.5011592), (56.8045321, 60.5035436), (56.805425, 60.5042571), (56.8059977, 60.5018431), (56.8051122, 60.5011592)]",17252.26800239086,65
way/542009050,56.803468333333335,60.501274566666666,"[(56.8034601, 60.5026799), (56.8040461, 60.5002928), (56.8037009, 60.5000192), (56.8033553, 60.4997918), (56.8027875, 60.5021838), (56.8034601, 60.5026799)]",13093.061742156744,78
way/542009051,56.802535533333334,60.501108433333336,"[(56.8026684, 60.5022464), (56.8032663, 60.4996866), (56.8024799, 60.4987886), (56.801603, 60.5014109), (56.8025272, 60.5022717), (56.8026684, 60.5022464)]",21162.324047908187,72
way/542009052,56.806408239999996,60.503322579999995,"[(56.8069874, 60.5026638), (56.8060946, 60.5019343), (56.8055454, 60.5043429), (56.8064264, 60.5050081), (56.8069874, 60.5026638)]",16970.684361219406,78
way/542009053,56.807623025,60.5031039625,"[(56.8077421, 60.5002177), (56.8065087, 60.5050885), (56.8078328, 60.5061312), (56.8080298, 60.5053325), (56.8072114, 60.5046512), (56.8077216, 60.5025834), (56.8081957, 60.5006095), (56.8077421, 60.5002177)]",24585.04081273079,82
way/542009056,56.80718866111111,60.49807370277777,"[(56.80624, 60.4971278), (56.806353, 60.4976106), (56.8065263, 60.4985172), (56.8065498, 60.4989946), (56.8069316, 60.4992708), (56.8070288, 60.4988102), (56.806973, 60.4984816), (56.8070588, 60.4985165), (56.8071526, 60.4985547), (56.8071133, 60.4987132), (56.8070389, 60.4990129), (56.8069885, 60.499358), (56.807318, 60.4995917), (56.8076785, 60.4998474), (56.8077408, 60.4995744), (56.8078045, 60.4992953), (56.8079349, 60.4987229), (56.8078115, 60.4981041), (56.8077372, 60.4977531), (56.8076088, 60.4976193), (56.8075909, 60.4976024), (56.8075787, 60.4975908), (56.8075664, 60.4975792), (56.8075594, 60.4975726), (56.8075196, 60.4975349), (56.8074796, 60.4974998), (56.8074395, 60.4974616), (56.8074266, 60.4974493), (56.807351, 60.4973771), (56.8073131, 60.4973413), (56.8072755, 60.4973053), (56.8071298, 60.4971564), (56.8068718, 60.4969519), (56.8065051, 60.4966356), (56.806356, 60.496991), (56.80624, 60.4971278)]",21037.96599149797,90
way/542409364,56.79985567777778,60.49587422222222,"[(56.799555, 60.4959088), (56.7998385, 60.4964009), (56.8001031, 60.4964345), (56.8002483, 60.4960281), (56.8000995, 60.4957053), (56.8000396, 60.4956271), (56.7996689, 60.4953066), (56.7995932, 60.4955479), (56.799555, 60.4959088)]",3260.3810287192464,5
way/545407571,56.834847325,60.57494533125,"[(56.8352303, 60.5758265), (56.835179, 60.5757057), (56.8350924, 60.5748635), (56.8349603, 60.5749145), (56.8348267, 60.5736714), (56.8347439, 60.5735801), (56.8345898, 60.5739275), (56.8345901, 60.5739763), (56.8346312, 60.5740328), (56.8347017, 60.574974), (56.834529, 60.5750191), (56.8345701, 60.5755046), (56.8347139, 60.5754858), (56.8347652, 60.5759811), (56.8352033, 60.5758359), (56.8352303, 60.5758265)]",5542.685524026863,2
way/556676217,56.797418210000004,60.49786447,"[(56.7957837, 60.4980273), (56.796984, 60.5002621), (56.7975973, 60.499118), (56.7981259, 60.4987317), (56.7990748, 60.4992628), (56.79911, 60.4964411), (56.798231, 60.4960575), (56.7968028, 60.496345), (56.7966889, 60.4963719), (56.7957837, 60.4980273)]",60282.396748479456,1540
way/568237787,56.78751638,60.503513340000005,"[(56.788204, 60.5040016), (56.7870159, 60.5018156), (56.7864873, 60.5027862), (56.7876707, 60.5049617), (56.788204, 60.5040016)]",15670.819878816605,1820
way/576595850,56.85257641875,60.580629975,"[(56.8520878, 60.5806351), (56.8523382, 60.5806496), (56.8525106, 60.5807399), (56.8525551, 60.5809173), (56.8525055, 60.5818358), (56.852602, 60.582017), (56.8526262, 60.581608), (56.8532332, 60.5811062), (56.853199, 60.5810246), (56.8531586, 60.580916), (56.852627, 60.5795507), (56.8525676, 60.5794327), (56.8525324, 60.5793737), (56.8525001, 60.5793201), (56.8520916, 60.5803178), (56.8520878, 60.5806351)]",8475.670910367742,948
way/580309604,56.77094273333333,60.608189088888885,"[(56.7711412, 60.6094533), (56.7715189, 60.6093514), (56.7713396, 60.6072271), (56.7706164, 60.6065726), (56.770587, 60.606586), (56.7704327, 60.607101), (56.7706164, 60.6090456), (56.7710912, 60.6089115), (56.7711412, 60.6094533)]",13827.782487020828,20
way/580404057,56.75238907000001,60.56033403,"[(56.7513847, 60.5629492), (56.7517876, 60.5630404), (56.7522523, 60.5636841), (56.7521347, 60.5645317), (56.7528082, 60.5647784), (56.7535522, 60.5561632), (56.7532111, 60.5560666), (56.7532611, 60.5548543), (56.7521141, 60.5543232), (56.7513847, 60.5629492)]",95854.78354822844,18
way/585445614,56.800357657142854,60.59665097142857,"[(56.7998436, 60.5979105), (56.8009334, 60.5975564), (56.8009517, 60.5972359), (56.8007153, 60.5952671), (56.8006242, 60.5951357), (56.7995918, 60.5955407), (56.7998436, 60.5979105)]",19008.548047810793,1690
way/585445625,56.801319225,60.5956499375,"[(56.801139, 60.5976542), (56.8013017, 60.5975854), (56.801708, 60.5944733), (56.8016765, 60.5944532), (56.8013755, 60.5945081), (56.8013668, 60.5943512), (56.8008473, 60.5945199), (56.801139, 60.5976542)]",11109.851608743891,85
way/585445628,56.80108846666667,60.59130514,"[(56.8006196, 60.5911226), (56.8005706, 60.5915737), (56.8011008, 60.5917656), (56.8010812, 60.5921108), (56.8011449, 60.592768), (56.8014908, 60.5928088), (56.8014817, 60.592453), (56.8014716, 60.591622), (56.801522, 60.5908752), (56.8015859, 60.5902527), (56.8012044, 60.5900538), (56.8008989, 60.5899295), (56.8008335, 60.5899668), (56.8007015, 60.591152), (56.8006196, 60.5911226)]",11810.968709785491,1398
way/588292748,56.79386383,60.49713408,"[(56.7939594, 60.4967801), (56.7938193, 60.4961944), (56.7935021, 60.4955694), (56.7933778, 60.49555), (56.7927411, 60.4967576), (56.7940999, 60.4991797), (56.7942159, 60.499157), (56.7947333, 60.4981733), (56.7942301, 60.4971992), (56.7939594, 60.4967801)]",21986.38745057769,32
way/590403121,56.782777833333334,60.74097443333333,"[(56.7828538, 60.7411442), (56.782892, 60.7407311), (56.782745, 60.7404843), (56.7825568, 60.7411611), (56.7827656, 60.7411817), (56.7828538, 60.7411442)]",944.8727692961693,2
way/601752759,56.878305768749996,60.50414173125,"[(56.8794924, 60.5051902), (56.8783473, 60.503554), (56.8784843, 60.5030408), (56.8785124, 60.5028777), (56.8784561, 60.5027747), (56.8783295, 60.5026631), (56.8782451, 60.5024829), (56.8782638, 60.5022683), (56.878034, 60.5021138), (56.877035, 60.5043111), (56.877354, 60.5057187), (56.8777658, 60.5063144), (56.8780373, 60.5056653), (56.8781112, 60.5054885), (56.8789317, 60.506614), (56.8794924, 60.5051902)]",37544.15502895415,92
way/601752761,56.88012022,60.505451359999995,"[(56.8797577, 60.5072927), (56.881275, 60.5035266), (56.8806666, 60.5027182), (56.8791441, 60.5064266), (56.8797577, 60.5072927)]",24142.315550267696,2665
way/601992744,56.878412219999994,60.39939714,"[(56.8789295, 60.4008497), (56.8792479, 60.4000754), (56.8789993, 60.3994918), (56.8783803, 60.3981786), (56.8776111, 60.397243), (56.8771749, 60.3978095), (56.8778558, 60.3990191), (56.8782245, 60.3997444), (56.8787694, 60.4007102), (56.8789295, 60.4008497)]",18352.51840029657,5
way/605354608,56.758839024,60.915232088,"[(56.7561631, 60.9187361), (56.7568695, 60.9181595), (56.7572871, 60.917505), (56.7577988, 60.9185994), (56.7579458, 60.9180951), (56.7576812, 60.9174621), (56.7577812, 60.9169471), (56.7576871, 60.916636), (56.7580282, 60.915885), (56.7580399, 60.9150696), (56.7583575, 60.9141469), (56.7589045, 60.9140503), (56.7594103, 60.9131277), (56.7599572, 60.9140396), (56.7609393, 60.9176445), (56.7614568, 60.9183955), (56.7626197, 60.9149837), (56.7615083, 60.91147), (56.7614496, 60.910179), (56.7613731, 60.9086766), (56.7610893, 60.9077686), (56.7589515, 60.9113842), (56.7576282, 60.9147638), (56.7558853, 60.9183408), (56.7561631, 60.9187361)]",167949.39193018526,155
way/608519236,56.718839133333326,60.60179821666667,"[(56.7184118, 60.6014871), (56.7182529, 60.6023559), (56.7196454, 60.6023232), (56.7196238, 60.6015319), (56.7186891, 60.6016041), (56.7184118, 60.6014871)]",6931.775944851339,200
way/608519250,56.71768641999999,60.60191134,"[(56.7179894, 60.6016466), (56.7172844, 60.6016183), (56.7172591, 60.6023403), (56.7179098, 60.6023049), (56.7179894, 60.6016466)]",3188.525642387569,5
way/609130910,56.87676926,60.399451080000006,"[(56.8767856, 60.3993935), (56.8767298, 60.3994165), (56.8767448, 60.3995375), (56.8768005, 60.3995144), (56.8767856, 60.3993935)]",48.12313907034695,2
way/609130911,56.87694348,60.39917874,"[(56.8770008, 60.3992097), (56.8769937, 60.3991023), (56.8768575, 60.3991323), (56.8768646, 60.3992397), (56.8770008, 60.3992097)]",100.76620084419847,2
way/609213327,56.809466674999996,60.5885560125,"[(56.8094689, 60.5873546), (56.8089462, 60.5887091), (56.8092457, 60.5890927), (56.8091473, 60.5893877), (56.8094631, 60.5897972), (56.8098989, 60.5886385), (56.8100944, 60.5881137), (56.8094689, 60.5873546)]",9553.884284496307,175
way/616719187,56.7892785,60.50020976,"[(56.7899594, 60.500713), (56.7887773, 60.4985154), (56.7882565, 60.4994504), (56.7894399, 60.501657), (56.7899594, 60.500713)]",15357.593739748001,2925
way/617910477,56.80184903333333,60.74727822222222,"[(56.7991805, 60.7495451), (56.799674, 60.7504785), (56.7997915, 60.7523453), (56.8035335, 60.7523346), (56.8049139, 60.7512081), (56.8050373, 60.7491159), (56.8045732, 60.7479036), (56.8029872, 60.7472384), (56.8031752, 60.7459402), (56.8029957, 60.7444498), (56.8025993, 60.7437154), (56.8024381, 60.7437002), (56.8019573, 60.7438332), (56.8014865, 60.7446503), (56.8002732, 60.7436228), (56.7999644, 60.7444527), (56.7995213, 60.7469288), (56.7991805, 60.7495451)]",249624.47962919436,205
way/622993603,56.81039054,60.56697444666667,"[(56.8094983, 60.5666667), (56.8097919, 60.5670261), (56.8099211, 60.5668518), (56.81038, 60.5674499), (56.8104218, 60.5673319), (56.8107015, 60.5677141), (56.8107896, 60.5677168), (56.8109798, 60.5679515), (56.8111545, 60.5674767), (56.8113556, 60.5677208), (56.8115612, 60.5671415), (56.81009, 60.5653122), (56.8099035, 60.5657843), (56.809811, 60.5658057), (56.8094983, 60.5666667)]",16955.968307697447,2245
way/623019168,56.86010553076923,60.61569621538461,"[(56.8600731, 60.6137192), (56.8599183, 60.613659), (56.8594637, 60.6136635), (56.8593838, 60.6166805), (56.8598904, 60.6173886), (56.8600011, 60.6174986), (56.8601045, 60.6174892), (56.8601954, 60.6174289), (56.8603128, 60.6173149), (56.8609242, 60.6167348), (56.8608669, 60.614921), (56.8601646, 60.6138334), (56.8600731, 60.6137192)]",31238.42355486378,1430
way/626023115,56.854685975,60.64163425,"[(56.8545091, 60.6412613), (56.854568, 60.6413826), (56.8545296, 60.6414526), (56.8544731, 60.6415479), (56.85473, 60.6420573), (56.8547027, 60.6421033), (56.854852, 60.6423992), (56.8549371, 60.6422556), (56.8551336, 60.6419223), (56.8546549, 60.6409608), (56.8546325, 60.6410068), (56.8545091, 60.6412613)]",2972.699647177011,358
way/639583697,56.78043484,60.52326445999999,"[(56.7809099, 60.5230034), (56.7805076, 60.5222513), (56.779721, 60.5236595), (56.7801258, 60.5244047), (56.7809099, 60.5230034)]",7861.18446046114,422
way/639633555,56.7861110625,60.6469462875,"[(56.7857149, 60.6475287), (56.785831, 60.6473626), (56.7864432, 60.646567), (56.7866386, 60.6471142), (56.7867639, 60.6469738), (56.7863652, 60.6456907), (56.7854168, 60.6468046), (56.7857149, 60.6475287)]",7037.500253900886,340
way/642855308,56.77767511875,60.663428075,"[(56.7773921, 60.6644538), (56.7775695, 60.6644037), (56.7777797, 60.6639907), (56.7780251, 60.6638324), (56.7781544, 60.6633523), (56.7780839, 60.6632343), (56.7781875, 60.6631041), (56.7782471, 60.6630014), (56.7779129, 60.6624461), (56.7783102, 60.6614024), (56.7780069, 60.6611049), (56.7771669, 60.6632075), (56.7766851, 60.6641536), (56.7767701, 60.6643447), (56.7771184, 60.6643635), (56.7773921, 60.6644538)]",15958.75885060057,1528
way/642855309,56.778729718181815,60.660118272727274,"[(56.7787359, 60.6615743), (56.7791011, 60.6599591), (56.7793003, 60.6587452), (56.7792429, 60.6585911), (56.7789965, 60.6588006), (56.778669, 60.6594107), (56.7783933, 60.6601016), (56.7782266, 60.6605475), (56.7783681, 60.6607846), (56.7782573, 60.661212), (56.7787359, 60.6615743)]",10246.3273511976,5
way/673541944,56.77378016,60.58948797000001,"[(56.7734465, 60.589198), (56.7740855, 60.5904322), (56.7741212, 60.5903597), (56.7741935, 60.5902129), (56.7743202, 60.5899553), (56.7737526, 60.588862), (56.7734857, 60.5888088), (56.7734808, 60.588848), (56.7734691, 60.5890048), (56.7734465, 60.589198)]",4169.628735754639,165
way/673548455,56.76989412692308,60.585229,"[(56.769676, 60.5849704), (56.7697127, 60.5851676), (56.7692897, 60.5854298), (56.7692634, 60.5852883), (56.768714, 60.5855519), (56.7682956, 60.5858427), (56.7681702, 60.5859954), (56.7684333, 60.5874729), (56.7711456, 60.58909), (56.7712308, 60.5891329), (56.7716762, 60.5890766), (56.771857, 60.5887493), (56.7709804, 60.5838709), (56.7709331, 60.5838996), (56.7708956, 60.5839223), (56.7703652, 60.584201), (56.7701813, 60.5831213), (56.7700418, 60.5823588), (56.7693029, 60.5827992), (56.7694262, 60.5835791), (56.7694421, 60.5836645), (56.7695173, 60.5836284), (56.7696796, 60.5845907), (56.7696376, 60.5846206), (56.7697037, 60.5849594), (56.769676, 60.5849704)]",86997.61700844672,62
way/673548456,56.772861920000004,60.58409131999999,"[(56.7729148, 60.5826528), (56.7723155, 60.5830242), (56.7724989, 60.5840574), (56.7713961, 60.5846812), (56.7721112, 60.5887199), (56.7732018, 60.5880439), (56.7738014, 60.5825937), (56.7737529, 60.5822638), (56.7737118, 60.5822235), (56.7729148, 60.5826528)]",61948.67358362302,2840
way/673548457,56.78136597727273,60.587915645454544,"[(56.7805849, 60.5862549), (56.7805411, 60.5866057), (56.780369, 60.5865526), (56.7801147, 60.5889237), (56.7807966, 60.5951799), (56.7814605, 60.5949236), (56.7814053, 60.5942738), (56.7810758, 60.5943847), (56.7805762, 60.5898785), (56.7823453, 60.590415), (56.782601, 60.5881029), (56.7828082, 60.586051), (56.7828229, 60.5858767), (56.7820294, 60.5856058), (56.782194, 60.5839696), (56.7816238, 60.5837712), (56.7815372, 60.5845866), (56.7813711, 60.5845812), (56.7812462, 60.5858284), (56.781014, 60.5857533), (56.7809494, 60.5863702), (56.7805849, 60.5862549)]",90723.09845566377,1320
way/675173841,56.78319829166667,60.661636216666665,"[(56.7839431, 60.6622079), (56.7834731, 60.6614594), (56.7828513, 60.6610879), (56.78278, 60.6609462), (56.7827255, 60.6609709), (56.7825666, 60.6613007), (56.7826677, 60.6614807), (56.7830157, 60.6617431), (56.7830754, 60.661788), (56.7834411, 60.6620638), (56.7838969, 60.6623781), (56.7839431, 60.6622079)]",4563.760708764195,165
way/677384168,56.78840116,60.34619132,"[(56.7884103, 60.3457492), (56.7880936, 60.3461545), (56.7883551, 60.3469001), (56.7887365, 60.3464036), (56.7884103, 60.3457492)]",2564.6114807724953,2
way/680960357,56.7481941,60.563126620000006,"[(56.7480925, 60.5619301), (56.747388, 60.5636856), (56.7483594, 60.5649194), (56.7490381, 60.5631679), (56.7480925, 60.5619301)]",17273.595885276794,32
way/690855039,56.80875085,60.4991596375,"[(56.8088761, 60.4992714), (56.808872, 60.4992264), (56.8088302, 60.498758), (56.8085939, 60.4988284), (56.8086317, 60.4992518), (56.8086398, 60.4993419), (56.808687, 60.4993278), (56.8088761, 60.4992714)]",847.2090231943876,65
way/692229343,56.715920600000004,60.2900332,"[(56.7166497, 60.2903062), (56.7166475, 60.2896059), (56.7148325, 60.2896161), (56.7148236, 60.2903316), (56.7166497, 60.2903062)]",8787.42348907888,20
way/692689088,56.79011405999999,60.503623919999995,"[(56.7898297, 60.502299), (56.7892835, 60.5032815), (56.7905406, 60.5056113), (56.7910868, 60.5046288), (56.7898297, 60.502299)]",17065.457879304886,2048
way/693950119,56.74304724090909,60.676208754545456,"[(56.7421694, 60.6778817), (56.7425021, 60.6784374), (56.7429969, 60.6790203), (56.7436019, 60.6797015), (56.7437027, 60.6793955), (56.7440045, 60.6782894), (56.7443693, 60.6771199), (56.7447793, 60.6755117), (56.7451176, 60.6745032), (56.745602, 60.6739911), (56.7443516, 60.6709803), (56.7438504, 60.6718456), (56.7427198, 60.6741405), (56.7420405, 60.6753722), (56.7419994, 60.6744334), (56.7417534, 60.6744002), (56.7416146, 60.6749677), (56.7416523, 60.6765321), (56.7418962, 60.6770834), (56.7420466, 60.6774233), (56.7420994, 60.6776805), (56.7421694, 60.6778817)]",115982.90865160152,238
way/693950120,56.74249005555556,60.67886353333333,"[(56.7419318, 60.6777556), (56.7415748, 60.6782707), (56.7426124, 60.6795948), (56.743224, 60.6802136), (56.7434061, 60.6797306), (56.7430199, 60.6794304), (56.7425402, 60.6788081), (56.7421695, 60.6782124), (56.7419318, 60.6777556)]",7864.74798181653,10
way/696072836,56.76534862413793,60.54448031034483,"[(56.7662339, 60.5439149), (56.7662104, 60.5438398), (56.7657014, 60.5437137), (56.765694, 60.5432375), (56.7652012, 60.5432068), (56.7646355, 60.5431561), (56.7647266, 60.5434357), (56.7643485, 60.543729), (56.7643296, 60.543666), (56.7642883, 60.5437405), (56.7638495, 60.5441866), (56.7645316, 60.5457958), (56.7646565, 60.5456489), (56.7648359, 60.5456502), (56.7649638, 60.5454867), (56.7649822, 60.5451755), (56.7650285, 60.5451313), (56.7651211, 60.5451058), (56.7652563, 60.5451554), (56.765385, 60.5453097), (56.7656246, 60.5453177), (56.7658054, 60.545209), (56.7658355, 60.5451152), (56.7661111, 60.5451259), (56.7664191, 60.544698), (56.7664231, 60.5440926), (56.7663471, 60.5440906), (56.7663305, 60.5440792), (56.7662339, 60.5439149)]",28169.64538435836,3708
way/699324030,56.78000834285714,60.52882484285714,"[(56.7808509, 60.5273133), (56.7802029, 60.5261466), (56.7783138, 60.5295967), (56.7795805, 60.5319472), (56.7801293, 60.5308483), (56.7801301, 60.5286085), (56.7808509, 60.5273133)]",43665.278312802315,2878
way/702094905,56.80061636000001,60.49967176,"[(56.8007008, 60.5004475), (56.8010135, 60.4988746), (56.8005096, 60.4985145), (56.8001571, 60.5000747), (56.8007008, 60.5004475)]",6411.908501237631,585
way/711241119,56.79075092000001,60.502431779999995,"[(56.7903625, 60.5012687), (56.7900542, 60.5018289), (56.7913335, 60.5041764), (56.7916419, 60.5036162), (56.7903625, 60.5012687)]",9803.292245864868,2438
way/737143137,56.784545566666665,60.80405535333333,"[(56.7832545, 60.8029126), (56.7831902, 60.8029452), (56.7831064, 60.8031142), (56.7830139, 60.8031893), (56.7827922, 60.8034196), (56.7835181, 60.8045176), (56.7838773, 60.8066062), (56.7839843, 60.8066956), (56.7839956, 60.8073337), (56.7860153, 60.8070839), (56.7861647, 60.8070626), (56.7861508, 60.8067587), (56.7861955, 60.8065683), (56.7860292, 60.8046872), (56.7859022, 60.8041553), (56.7855027, 60.8031801), (56.7854485, 60.803257), (56.7854148, 60.8033048), (56.7853811, 60.8032182), (56.7853675, 60.8031834), (56.7853192, 60.8032443), (56.7852716, 60.8031777), (56.7850949, 60.8034081), (56.7843222, 60.8029508), (56.7843701, 60.8025076), (56.784047, 60.8023681), (56.7835663, 60.8024986), (56.7835013, 60.8025748), (56.7833151, 60.8028245), (56.7832545, 60.8029126)]",72185.31616717577,100
way/758181926,56.73813525,60.71198329999999,"[(56.7383157, 60.711859), (56.7379479, 60.7116606), (56.7379067, 60.7117088), (56.7381098, 60.7123955), (56.7382157, 60.7124169), (56.7383157, 60.711859)]",1149.9162597525865,2
way/765041649,56.78614983999999,60.50488362,"[(56.7854605, 60.5043899), (56.7866533, 60.5065653), (56.787176, 60.5056329), (56.7859989, 60.5034401), (56.7854605, 60.5043899)]",15476.571745753288,3738
way/766578192,56.89660545555556,60.578630555555556,"[(56.897584, 60.5781358), (56.8959199, 60.5760062), (56.8956357, 60.5768913), (56.8967754, 60.5784309), (56.896459, 60.5790424), (56.8966816, 60.5794501), (56.8962978, 60.5806893), (56.8965117, 60.5808932), (56.897584, 60.5781358)]",20844.8968257159,910
way/766578193,56.89800608461538,60.581480130769236,"[(56.8997546, 60.5809279), (56.8978844, 60.5785082), (56.8974346, 60.5796969), (56.8981377, 60.5805874), (56.8980908, 60.5807054), (56.8986738, 60.5814189), (56.8981407, 60.5827814), (56.8975899, 60.5820411), (56.8977012, 60.5817246), (56.8969981, 60.5808449), (56.8960242, 60.5833287), (56.8978945, 60.5857484), (56.8997546, 60.5809279)]",75622.5464527309,2705
way/766578194,56.900496539393934,60.58423601212121,"[(56.901691, 60.583515), (56.9014375, 60.5831817), (56.900997, 60.5826026), (56.9008887, 60.5824602), (56.9007788, 60.5823133), (56.9007254, 60.582242), (56.9006094, 60.5820994), (56.9005981, 60.5820844), (56.900553, 60.5820244), (56.9005085, 60.5819652), (56.9004453, 60.5818806), (56.9001856, 60.5815426), (56.9000316, 60.5813369), (56.8999153, 60.5811815), (56.8987436, 60.5842635), (56.8983298, 60.5853469), (56.8981124, 60.5859313), (56.8995484, 60.5878555), (56.8996453, 60.5876078), (56.8999734, 60.5880016), (56.900271, 60.5872383), (56.9003714, 60.5869808), (56.9004551, 60.5867662), (56.9005484, 60.5865268), (56.9007359, 60.5860321), (56.9008752, 60.5856853), (56.9010622, 60.5851815), (56.9011617, 60.5849344), (56.9012379, 60.5847321), (56.901288, 60.5846011), (56.9014673, 60.5841209), (56.9015026, 60.5840375), (56.901691, 60.583515)]",85239.55091834068,592
way/766578195,56.903554625000005,60.583803415,"[(56.902259, 60.5828423), (56.9023139, 60.5829057), (56.903911, 60.5850834), (56.9039508, 60.5851344), (56.9040067, 60.5852062), (56.9040331, 60.5852046), (56.9040578, 60.5851773), (56.9041154, 60.5850265), (56.9041469, 60.5849978), (56.904393, 60.5842757), (56.9043939, 60.5842075), (56.9043423, 60.58413), (56.9039513, 60.5836402), (56.9038423, 60.5834022), (56.9032183, 60.582641), (56.9031299, 60.5825504), (56.9031122, 60.5825147), (56.903041, 60.5824358), (56.9026147, 60.5818503), (56.902259, 60.5828423)]",18251.411314079305,4845
way/766578196,56.90121775714285,60.58114351428571,"[(56.9009572, 60.5816776), (56.9019488, 60.583019), (56.902523, 60.581587), (56.9006166, 60.5791357), (56.9003246, 60.579898), (56.9011969, 60.5810097), (56.9009572, 60.5816776)]",21557.191246926785,3075
way/766578197,56.89935497142857,60.57031452857143,"[(56.8976602, 60.5725837), (56.8991089, 60.5743754), (56.9013749, 60.5684906), (56.901038, 60.5680132), (56.8994473, 60.5677396), (56.8991953, 60.5684155), (56.8976602, 60.5725837)]",81242.81473588943,2052
way/766578198,56.8974241625,60.5755163375,"[(56.8978272, 60.5777335), (56.8990108, 60.5744988), (56.8974903, 60.5726883), (56.8969541, 60.573847), (56.8964707, 60.5744022), (56.8960312, 60.5755073), (56.8977818, 60.5777201), (56.8978272, 60.5777335)]",52797.457468461245,1418
way/766578199,56.88739017142858,60.5840351,"[(56.8884048, 60.584165), (56.8870259, 60.5823895), (56.8868828, 60.5827677), (56.8871634, 60.5831234), (56.8863798, 60.5851315), (56.8874697, 60.5865036), (56.8884048, 60.584165)]",27375.028322041035,910
way/766578200,56.88864748333333,60.58086768333334,"[(56.8896479, 60.5806963), (56.8883915, 60.5790714), (56.8879144, 60.5803071), (56.8874994, 60.581428), (56.8887838, 60.583007), (56.8896479, 60.5806963)]",29745.867216467857,942
way/766578201,56.888909100000006,60.577913499999994,"[(56.8875843, 60.5776047), (56.8897433, 60.5804425), (56.8904553, 60.578624), (56.8897579, 60.5778247), (56.8893785, 60.5788386), (56.8885243, 60.5777657), (56.8889228, 60.5767518), (56.8882312, 60.5757648), (56.8875843, 60.5776047)]",30687.99967199564,1120
way/766578202,56.887360425000004,60.576502925,"[(56.8875479, 60.5759204), (56.8873486, 60.5762112), (56.8871216, 60.5765424), (56.8870469, 60.5767264), (56.8869692, 60.5769179), (56.8874261, 60.5774573), (56.8878752, 60.5763274), (56.8875479, 60.5759204)]",4703.319038748741,132
way/766578203,56.88860141,60.569416190000005,"[(56.8904524, 60.5696011), (56.8891764, 60.5683419), (56.8878005, 60.5668009), (56.8874528, 60.5678772), (56.888328, 60.5689254), (56.8879138, 60.5700857), (56.8876851, 60.5698122), (56.8874636, 60.5704187), (56.8892891, 60.5726977), (56.8904524, 60.5696011)]",58050.57325810194,860
way/766578204,56.89054734,60.57317534,"[(56.8919732, 60.5715282), (56.8906107, 60.5698585), (56.8883777, 60.5755341), (56.8898019, 60.5774277), (56.8919732, 60.5715282)]",81364.12693583965,702
way/766578205,56.88183936,60.55957708,"[(56.8828007, 60.5608141), (56.8829326, 60.5603957), (56.8803944, 60.5577457), (56.8802684, 60.5581158), (56.8828007, 60.5608141)]",9126.709664791822,522
way/766578206,56.88433978571429,60.56194162857143,"[(56.8854062, 60.5635393), (56.885575, 60.5628371), (56.8841238, 60.5613998), (56.8837681, 60.5609937), (56.8831314, 60.5603661), (56.8829678, 60.5609161), (56.8854062, 60.5635393)]",13117.801645070314,520
way/766578207,56.88710884285714,60.564226471428576,"[(56.8856142, 60.5637592), (56.8878607, 60.5661697), (56.8886532, 60.5640006), (56.8883487, 60.5636001), (56.887869, 60.5652194), (56.8858019, 60.5630771), (56.8856142, 60.5637592)]",18284.04437094927,748
way/766578208,56.88566071818182,60.579686563636365,"[(56.8848815, 60.5768055), (56.8851365, 60.5802226), (56.8855996, 60.5801582), (56.8856435, 60.5811882), (56.8852186, 60.5812955), (56.8853241, 60.58276), (56.885412, 60.5828512), (56.8864687, 60.5802592), (56.8873667, 60.5777281), (56.8863352, 60.5764782), (56.8848815, 60.5768055)]",56214.194998428226,1048
way/766578209,56.88507892,60.57266044000001,"[(56.8843722, 60.5703591), (56.8848594, 60.5764444), (56.8861602, 60.5761426), (56.8856306, 60.569997), (56.8843722, 60.5703591)]",54266.11500695348,1730
way/766578210,56.88438823333334,60.56461246666667,"[(56.8839525, 60.5626434), (56.8838687, 60.5626239), (56.8837913, 60.5626059), (56.8837444, 60.5628204), (56.884343, 60.5700268), (56.8855059, 60.5696144), (56.8850867, 60.5645169), (56.8852491, 60.5640171), (56.8839525, 60.5626434)]",55176.59003173001,1612
way/766578211,56.884412080000004,60.579681859999994,"[(56.8845563, 60.576902), (56.8837503, 60.5771112), (56.8841049, 60.5838919), (56.8850926, 60.5836022), (56.8845563, 60.576902)]",41791.52842865884,218
way/766578212,56.883025733333334,60.5686421,"[(56.8834447, 60.5731216), (56.8841601, 60.5729168), (56.883808, 60.5692681), (56.8833226, 60.5630863), (56.8825868, 60.562064), (56.8815228, 60.5656475), (56.8815404, 60.5658781), (56.8834015, 60.5726749), (56.8834447, 60.5731216)]",97319.43346835673,3435
way/766579092,56.90509872727273,60.59153321818182,"[(56.9040464, 60.5865419), (56.9022947, 60.5912518), (56.9038003, 60.5931723), (56.9044858, 60.5914342), (56.9058625, 60.5931508), (56.9052005, 60.594964), (56.9054084, 60.5952108), (56.906747, 60.5918258), (56.9068876, 60.5920458), (56.9073064, 60.5907261), (56.9040464, 60.5865419)]",124737.63119791448,5410
way/766579093,56.90021994,60.5909178,"[(56.8999653, 60.5886482), (56.8987203, 60.5919243), (56.9006019, 60.5943222), (56.9018469, 60.5910461), (56.8999653, 60.5886482)]",62085.845116853714,942
way/766579094,56.89833497272728,60.59013191818181,"[(56.8972967, 60.5894864), (56.8972409, 60.5899193), (56.8973772, 60.5901004), (56.8975046, 60.5902649), (56.8977784, 60.5906205), (56.897907, 60.5907751), (56.8981808, 60.5911308), (56.8983051, 60.5912912), (56.8985788, 60.5916468), (56.8986476, 60.5914693), (56.898766, 60.5911458), (56.898943, 60.5906665), (56.8990594, 60.5903707), (56.8992365, 60.5898913), (56.8993547, 60.5895813), (56.8994427, 60.589347), (56.8992863, 60.5889177), (56.8986969, 60.5890828), (56.8985291, 60.5891325), (56.8980395, 60.5892707), (56.8979015, 60.5893048), (56.8972967, 60.5894864)]",21868.97549096495,85
way/766579095,56.898020333333335,60.588146566666666,"[(56.8972654, 60.5889174), (56.8992125, 60.5883845), (56.899278, 60.5879428), (56.8979784, 60.5862296), (56.8971223, 60.5884877), (56.8972654, 60.5889174)]",21140.696067750454,20
way/766579096,56.89614304545455,60.586433109090905,"[(56.8950522, 60.5860078), (56.8954819, 60.5865768), (56.8961162, 60.5849057), (56.8968721, 60.585925), (56.8963535, 60.5873318), (56.8962759, 60.5872366), (56.8959096, 60.5881686), (56.8966327, 60.5890825), (56.8978349, 60.5859306), (56.8959923, 60.583591), (56.8950522, 60.5860078)]",37949.60746477544,598
way/766579097,56.89499311111111,60.58340731111111,"[(56.8943407, 60.5833232), (56.8944022, 60.5852705), (56.8947567, 60.585705), (56.8958232, 60.5828136), (56.8957914, 60.5827403), (56.8954599, 60.5822544), (56.8952753, 60.5828887), (56.8947479, 60.5823469), (56.8943407, 60.5833232)]",19180.6666790694,492
way/766579098,56.89226779999999,60.58257078333333,"[(56.8901359, 60.58092), (56.8940429, 60.5858197), (56.8942704, 60.5852437), (56.8941854, 60.5834091), (56.8908363, 60.5791122), (56.8901359, 60.58092)]",66670.40903103352,3122
way/766790444,56.88698225555556,60.595517699999995,"[(56.887903, 60.5956721), (56.8869159, 60.5945174), (56.886892, 60.5945798), (56.8866594, 60.5951879), (56.886464, 60.5949356), (56.8863894, 60.5951269), (56.8864788, 60.5965251), (56.8872348, 60.5974424), (56.887903, 60.5956721)]",17268.54677721113,12
way/766790445,56.888030271428576,60.59345377142857,"[(56.8880173, 60.5954039), (56.8893653, 60.5918688), (56.8892363, 60.5916005), (56.8872423, 60.5922175), (56.8872949, 60.5934964), (56.8870385, 60.5941854), (56.8880173, 60.5954039)]",32106.073561787605,1658
way/766790446,56.88888682,60.59801534,"[(56.8899005, 60.5982527), (56.8880186, 60.5959062), (56.8873663, 60.5976593), (56.8892482, 60.6000058), (56.8899005, 60.5982527)]",32782.92793047428,1398
way/766790447,56.89006384,60.5948149,"[(56.8913608, 60.5942881), (56.8895001, 60.5919385), (56.8880993, 60.5956185), (56.8899982, 60.5979413), (56.8913608, 60.5942881)]",68691.85172700882,2310
way/766790448,56.891519499999994,60.591624700000004,"[(56.8926999, 60.5906886), (56.889799, 60.5913967), (56.8897228, 60.5919278), (56.8914692, 60.5941755), (56.8927262, 60.590871), (56.8926999, 60.5906886)]",36171.07531891763,1332
way/766790449,56.887834516666665,60.58989115,"[(56.8890898, 60.5891222), (56.8876774, 60.5871373), (56.8863821, 60.5906779), (56.8865046, 60.5918584), (56.8882634, 60.5914289), (56.8890898, 60.5891222)]",49757.73242035508,2375
way/766790450,56.89259244,60.58754209,"[(56.8943597, 60.5866653), (56.8927629, 60.5846617), (56.8926061, 60.5850881), (56.8931335, 60.5857855), (56.8923072, 60.588119), (56.8917446, 60.5874002), (56.8906868, 60.5902541), (56.8908275, 60.5907261), (56.8931364, 60.5900556), (56.8943597, 60.5866653)]",63164.261391580105,1985
way/766790451,56.89184874,60.58500616,"[(56.8927001, 60.5845144), (56.891541, 60.5830416), (56.8905784, 60.5857158), (56.8917241, 60.5872446), (56.8927001, 60.5845144)]",31008.609057068825,1690
way/766790452,56.89002558888889,60.58499016666667,"[(56.8914624, 60.582924), (56.8900268, 60.5811104), (56.887733, 60.5869174), (56.8892334, 60.58887), (56.8896114, 60.5878669), (56.8890459, 60.5871856), (56.8905579, 60.5831945), (56.8910971, 60.5839187), (56.8914624, 60.582924)]",65585.19073659182,3578
way/766790453,56.8950635125,60.5890327375,"[(56.8958994, 60.5892885), (56.8959433, 60.5887467), (56.8946132, 60.58703), (56.8937518, 60.5892616), (56.893907, 60.5897605), (56.8952278, 60.5894476), (56.8952662, 60.5894385), (56.8958994, 60.5892885)]",22663.80163440667,398
way/766790454,56.894208607692306,60.592452076923074,"[(56.8955558, 60.5918165), (56.8962041, 60.590179), (56.8961015, 60.5897015), (56.8939803, 60.5903399), (56.8936639, 60.5913645), (56.8931892, 60.590753), (56.8903587, 60.5983436), (56.8920465, 60.6005269), (56.8947315, 60.593036), (56.894033, 60.5921048), (56.8944169, 60.5909836), (56.8948747, 60.5909112), (56.8955558, 60.5918165)]",144261.10723686963,16280
way/766790455,56.896303950000004,60.5928038375,"[(56.8971035, 60.595538), (56.8984219, 60.5921155), (56.8966142, 60.5895822), (56.8955918, 60.5922644), (56.8953588, 60.5919733), (56.895123, 60.5925863), (56.8951149, 60.592833), (56.8971035, 60.595538)]",66754.53849896789,3598
way/766790456,56.90306261538462,60.61050010769231,"[(56.9062989, 60.6131232), (56.9061697, 60.6098631), (56.9048363, 60.6095814), (56.9047142, 60.6078118), (56.9040874, 60.6080103), (56.9029889, 60.6086004), (56.9016239, 60.6093353), (56.9011024, 60.609684), (56.9005605, 60.6105477), (56.9001767, 60.6116366), (56.9002024, 60.6117239), (56.9007538, 60.6134605), (56.9062989, 60.6131232)]",165665.43110015243,6130
way/766790457,56.90884894444444,60.61870036666667,"[(56.9068788, 60.6180149), (56.9068495, 60.6180793), (56.907819, 60.6198469), (56.9083111, 60.6195357), (56.9096583, 60.6193238), (56.9112837, 60.6190664), (56.9112574, 60.6181973), (56.9107039, 60.6182241), (56.9068788, 60.6180149)]",34211.50502805412,1955
way/766790458,56.90817165714286,60.61680142857143,"[(56.9060704, 60.6162018), (56.9059855, 60.6163198), (56.9066943, 60.617795), (56.9109557, 60.6180739), (56.9108561, 60.6165102), (56.9105692, 60.6165075), (56.9060704, 60.6162018)]",48171.16048675589,3170
way/766790459,56.90824305,60.6147328625,"[(56.9073107, 60.6136724), (56.9074276, 60.6150377), (56.9070671, 60.6152745), (56.9061496, 60.6154032), (56.9061257, 60.6147654), (56.9061161, 60.6145088), (56.9057443, 60.6145655), (56.9057197, 60.6140758), (56.9048607, 60.6141365), (56.9048958, 60.6143725), (56.90588, 60.6159443), (56.9074617, 60.6160301), (56.9107566, 60.6163251), (56.9111139, 60.6162715), (56.9110601, 60.6152588), (56.911053, 60.6151818), (56.9109612, 60.6150567), (56.9101259, 60.6152533), (56.9100258, 60.6141403), (56.9101263, 60.6141305), (56.9103162, 60.6140894), (56.9101884, 60.6135035), (56.9100361, 60.6129187), (56.9073107, 60.6136724)]",76073.20001355372,3640
way/766790460,56.90837060909091,60.611057572727276,"[(56.9097255, 60.612237), (56.9095501, 60.6104361), (56.9094258, 60.6104497), (56.9093016, 60.6102833), (56.9087713, 60.6103817), (56.9086884, 60.6094428), (56.9066826, 60.6100112), (56.9064043, 60.6100166), (56.9065039, 60.6130743), (56.9072977, 60.6130636), (56.9097255, 60.612237)]",61492.671644655056,2798
way/766790461,56.91211098,60.610411420000005,"[(56.9109774, 60.6120606), (56.914095, 60.6111317), (56.9138114, 60.6079377), (56.9106937, 60.6088665), (56.9109774, 60.6120606)]",69335.64443898201,2730
way/766790462,56.899188720000005,60.59509796,"[(56.9004686, 60.5947125), (56.8985915, 60.5922397), (56.8972998, 60.5956674), (56.8991151, 60.5981577), (56.9004686, 60.5947125)]",65323.52474141121,3275
way/766790463,56.90109954,60.59745908,"[(56.9022306, 60.5967802), (56.9008027, 60.5949044), (56.8994029, 60.5984774), (56.9008309, 60.6003532), (56.9022306, 60.5967802)]",52436.173620224,2112
way/766790464,56.90230000769231,60.60017796923077,"[(56.9040453, 60.5992628), (56.9023706, 60.5970876), (56.9010289, 60.6005519), (56.9011991, 60.6007844), (56.9016209, 60.599792), (56.9020662, 60.5996525), (56.9022332, 60.5992985), (56.9027106, 60.5998081), (56.9021248, 60.6013852), (56.9019578, 60.601176), (56.9017938, 60.6015247), (56.9027036, 60.6027271), (56.9040453, 60.5992628)]",47051.80108089745,1852
way/766790465,56.905052786666666,60.60088344,"[(56.9046285, 60.6049842), (56.9048959, 60.6042659), (56.904354, 60.6035203), (56.905344, 60.6008649), (56.9051624, 60.6006235), (56.9061026, 60.5981022), (56.9068788, 60.5990624), (56.907255, 60.5980592), (56.9055986, 60.595952), (56.9048844, 60.5978349), (56.9054283, 60.5985268), (56.9040712, 60.6021047), (56.9035575, 60.6014511), (56.9030021, 60.6029153), (56.9046285, 60.6049842)]",60929.197044461966,2730
way/766790466,56.90655118571429,60.60387584285714,"[(56.9064512, 60.6053334), (56.9085483, 60.5997652), (56.9074119, 60.5982953), (56.9047318, 60.6052798), (56.9061085, 60.6070018), (56.9061554, 60.606122), (56.9064512, 60.6053334)]",82180.75666958094,2762
way/766790467,56.908779683333336,60.60313493333334,"[(56.9099805, 60.6030375), (56.9098487, 60.6021792), (56.9083814, 60.6031018), (56.9078161, 60.6022489), (56.9066709, 60.6052047), (56.9099805, 60.6030375)]",24699.434783875942,2535
way/766790468,56.91079223529412,60.59908611176471,"[(56.9088485, 60.5995238), (56.9092688, 60.6002051), (56.9099571, 60.6016427), (56.9104755, 60.6005162), (56.9111168, 60.6013209), (56.911354, 60.6008488), (56.911808, 60.6018627), (56.9131141, 60.6010419), (56.9126368, 60.5990517), (56.9122736, 60.5979574), (56.9120159, 60.5972975), (56.9105164, 60.5953449), (56.9102441, 60.5960798), (56.910821, 60.5968577), (56.9103993, 60.5980968), (56.9097696, 60.5972922), (56.9088485, 60.5995238)]",96722.55209249258,5558
way/766790469,56.9074174,60.588812157142854,"[(56.9075939, 60.5898888), (56.9080497, 60.5887409), (56.9073584, 60.58782), (56.9073304, 60.5878905), (56.907093, 60.5884882), (56.9069025, 60.5889679), (56.9075939, 60.5898888)]",8232.058939881623,912
way/766790470,56.90635525,60.5869137,"[(56.9072215, 60.5876631), (56.9072877, 60.5874325), (56.9068694, 60.5868703), (56.9065188, 60.5864223), (56.9063528, 60.5863079), (56.9058666, 60.585701), (56.9057087, 60.5861288), (56.9054614, 60.5857545), (56.9051222, 60.5866461), (56.9058363, 60.5875856), (56.9067961, 60.5887892), (56.9072215, 60.5876631)]",21267.268172428012,690
way/766790471,56.90945174545455,60.588626172727274,"[(56.9120695, 60.5855973), (56.9103849, 60.5834108), (56.9086039, 60.5881888), (56.9090872, 60.5887949), (56.9087562, 60.5897015), (56.9090521, 60.5901039), (56.9088148, 60.5907637), (56.9080182, 60.5896908), (56.9077448, 60.5904584), (56.9093681, 60.5925805), (56.9120695, 60.5855973)]",108075.81473195553,3880
way/766790472,56.90870244285714,60.59644411428571,"[(56.9077793, 60.5973264), (56.9079625, 60.5975389), (56.9082466, 60.5968094), (56.9092508, 60.5980549), (56.9105269, 60.5947983), (56.9093717, 60.5932545), (56.9077793, 60.5973264)]",40624.562321573496,1235
way/766790473,56.90748217142857,60.59413395714286,"[(56.9057448, 60.5956275), (56.9062014, 60.5962014), (56.9071615, 60.5936739), (56.907242, 60.5937731), (56.9075214, 60.5930076), (56.9078832, 60.5934767), (56.9081996, 60.5938744), (56.9081077, 60.5941242), (56.9079249, 60.5946207), (56.9079699, 60.5946801), (56.9083147, 60.5951291), (56.9091785, 60.5930881), (56.907556, 60.5909711), (56.9057448, 60.5956275)]",40962.70074466616,2242
way/766790474,56.90366186363636,60.595936800000004,"[(56.9037259, 60.5934621), (56.9033873, 60.5943257), (56.9041577, 60.5953664), (56.9035396, 60.5969274), (56.902781, 60.5959618), (56.9024834, 60.596712), (56.9033511, 60.5978246), (56.9035193, 60.5973847), (56.9042675, 60.598344), (56.9053418, 60.595534), (56.9037259, 60.5934621)]",37295.91468372941,1268
way/766790475,56.902197460000004,60.5935079,"[(56.9020899, 60.5914439), (56.9008628, 60.5947312), (56.9023588, 60.5966039), (56.9035859, 60.5933166), (56.9020899, 60.5914439)]",48960.68951010704,1820
way/766791157,56.896888366666666,60.61110305333333,"[(56.8938953, 60.6128436), (56.8945222, 60.613705), (56.8958115, 60.6139272), (56.8983838, 60.6138629), (56.8995615, 60.6115669), (56.8996553, 60.6110036), (56.8978008, 60.6084824), (56.8974258, 60.6095874), (56.898252, 60.6106067), (56.8976953, 60.6116527), (56.8972735, 60.6121463), (56.8958818, 60.6104243), (56.896979, 60.6074014), (56.8962924, 60.6064918), (56.8938953, 60.6128436)]",133754.28960300237,6468
way/766791158,56.892863728571434,60.60989741428572,"[(56.8914473, 60.6109473), (56.8914956, 60.6115427), (56.8922926, 60.612511), (56.8932287, 60.6132782), (56.8959697, 60.6062025), (56.8941649, 60.6038529), (56.8914473, 60.6109473)]",133787.3754223585,6485
way/766791159,56.88871511333333,60.61038708,"[(56.88761, 60.607211), (56.8874488, 60.6074041), (56.8877711, 60.6116205), (56.8877565, 60.61279), (56.88824, 60.612967), (56.8883191, 60.6123018), (56.8903733, 60.61198), (56.8904348, 60.610773), (56.8898165, 60.6100005), (56.8896437, 60.6113684), (56.8886122, 60.6110948), (56.8887235, 60.6097966), (56.889125, 60.6099522), (56.8892422, 60.6093353), (56.88761, 60.607211)]",50740.89703704417,2802
way/766791161,56.8903982,60.6027335,"[(56.8912114, 60.6028283), (56.8894297, 60.6004679), (56.8887587, 60.6022435), (56.8906165, 60.6047702), (56.8911615, 60.6032628), (56.8912114, 60.6028283)]",34004.17174652219,598
way/766791162,56.890846980000006,60.601015419999996,"[(56.8913059, 60.6025671), (56.8919247, 60.6009427), (56.8901586, 60.5986879), (56.8895398, 60.6003123), (56.8913059, 60.6025671)]",28941.820608973503,1660
way/766791163,56.8909121,60.6085693875,"[(56.8906546, 60.6051), (56.8892745, 60.6087184), (56.8906817, 60.6105732), (56.8907429, 60.6106539), (56.8911191, 60.6111486), (56.8916278, 60.609822), (56.8925416, 60.607439), (56.8906546, 60.6051)]",69085.03894790262,3822
way/766791164,56.892526233333335,60.60407601666666,"[(56.8939253, 60.6034783), (56.8920544, 60.601184), (56.8913348, 60.6030266), (56.8913439, 60.6032055), (56.8916157, 60.6034988), (56.8918926, 60.6036195), (56.8927468, 60.6046809), (56.8920787, 60.6065458), (56.8924875, 60.6070373), (56.893408, 60.6045211), (56.8935018, 60.6046361), (56.8939253, 60.6034783)]",41314.71334832907,2798
way/766791165,56.894225819999996,60.6000143,"[(56.8955099, 60.5996266), (56.8935872, 60.5972739), (56.892285, 60.6005395), (56.8942371, 60.6030049), (56.8955099, 60.5996266)]",64728.93172907829,2962
way/766791166,56.895365119999994,60.596949640000005,"[(56.8955954, 60.5993708), (56.8969718, 60.5958048), (56.8950461, 60.593391), (56.8936169, 60.5968108), (56.8955954, 60.5993708)]",69948.79937195778,3262
way/766791167,56.897421980000004,60.59956562,"[(56.8976206, 60.6019485), (56.8989844, 60.5983649), (56.8971241, 60.5959913), (56.8957602, 60.5995749), (56.8976206, 60.6019485)]",67209.32012176514,2178
way/766791168,56.895960560000006,60.60340676,"[(56.8961701, 60.6058119), (56.8975373, 60.6021961), (56.8956463, 60.599799), (56.894279, 60.6034149), (56.8961701, 60.6058119)]",68644.77081036568,2595
way/766791169,56.89988608,60.60615996,"[(56.8980235, 60.6082537), (56.8997779, 60.6105275), (56.9026799, 60.6030194), (56.9009256, 60.6007455), (56.8980235, 60.6082537)]",134155.4470591545,5498
way/766791170,56.89893832173913,60.603701647826085,"[(56.899272, 60.5987154), (56.8964288, 60.6061927), (56.8978911, 60.6080569), (56.8983801, 60.6068414), (56.8981361, 60.6065282), (56.8979529, 60.6062929), (56.8980532, 60.606031), (56.897964, 60.6059165), (56.8982143, 60.6052627), (56.8987307, 60.6059257), (56.8997785, 60.6031823), (56.8995884, 60.6029339), (56.8995739, 60.6029712), (56.8995305, 60.6030824), (56.8994956, 60.6030367), (56.8994428, 60.603172), (56.8991409, 60.6027775), (56.8991943, 60.6026405), (56.8991248, 60.6025497), (56.8995429, 60.6014769), (56.9001394, 60.6022564), (56.9007342, 60.6005796), (56.899272, 60.5987154)]",100273.11077956483,3965
way/767369170,56.882721233333335,60.61562597777778,"[(56.8844361, 60.6148016), (56.8820006, 60.6131655), (56.8819742, 60.6136161), (56.8812356, 60.6135786), (56.881347, 60.6176394), (56.8822614, 60.6175429), (56.8824402, 60.618369), (56.8843599, 60.6171191), (56.8844361, 60.6148016)]",80519.2061880827,3940
way/767369171,56.884643325,60.618073005,"[(56.8864436, 60.6152871), (56.8861388, 60.6146675), (56.885116, 60.6149036), (56.8845152, 60.6148338), (56.8845094, 60.6153274), (56.8851541, 60.6155312), (56.8853857, 60.6193882), (56.88351, 60.6196189), (56.8831198, 60.6183569), (56.8821219, 60.618943), (56.8822028, 60.6194982), (56.8828637, 60.6191254), (56.8831292, 60.6204056), (56.883952, 60.6204593), (56.8842138, 60.6205359), (56.8849382, 60.6200186), (56.8859367, 60.6197851), (56.8864397, 60.6197236), (56.8867323, 60.6197637), (56.8864436, 60.6152871)]",65429.399846322834,2478
way/767369172,56.88027125714286,60.6208033,"[(56.8784959, 60.6210442), (56.8787596, 60.6226004), (56.88215, 60.6206006), (56.8819801, 60.6200588), (56.8810715, 60.620511), (56.8809458, 60.6197639), (56.8784959, 60.6210442)]",31127.888088434935,640
way/767369173,56.87913448333333,60.619353366666665,"[(56.878451, 60.6207991), (56.8800075, 60.6198657), (56.8798961, 60.6188893), (56.8796235, 60.6187391), (56.8783778, 60.6170279), (56.878451, 60.6207991)]",23538.55791056156,1698
way/767369614,56.8986045,60.618768933333335,"[(56.8978155, 60.6173766), (56.8982212, 60.6185487), (56.8992407, 60.617398), (56.8996992, 60.618723), (56.8971563, 60.6216869), (56.8975254, 60.6228858), (56.900581, 60.619297), (56.8993857, 60.6156278), (56.8978155, 60.6173766)]",57008.7308781147,758
way/767369615,56.89625876666667,60.61668545,"[(56.8962041, 60.6187874), (56.8977041, 60.617221), (56.8971182, 60.6149679), (56.8952226, 60.6150216), (56.8950995, 60.6153274), (56.8962041, 60.6187874)]",41573.426983863115,850
way/767369616,56.89507207142857,60.61854292857142,"[(56.8954229, 60.6170116), (56.8947073, 60.6177864), (56.8950184, 60.6187492), (56.8942571, 60.6195735), (56.8945996, 60.6206337), (56.8960763, 60.6190345), (56.8954229, 60.6170116)]",20652.020627141,780
way/767369617,56.89415631666666,60.61557723333333,"[(56.8934309, 60.614587), (56.8933869, 60.6169286), (56.8948036, 60.61647), (56.8951552, 60.6161267), (56.8947304, 60.6147641), (56.8934309, 60.614587)]",20787.383245691657,1372
way/767369618,56.89027912352941,60.62848184705882,"[(56.8907757, 60.6254259), (56.8902187, 60.6260282), (56.8910025, 60.6284858), (56.8902236, 60.6292231), (56.8900397, 60.6292784), (56.8897045, 60.6285496), (56.8893414, 60.6272145), (56.8888439, 60.6278089), (56.8895602, 60.6297871), (56.8897258, 60.630276), (56.8899644, 60.6311327), (56.8900454, 60.6310236), (56.8906631, 60.6303675), (56.8911581, 60.6297447), (56.8918849, 60.6288847), (56.8908175, 60.6255348), (56.8907757, 60.6254259)]",41791.738822270185,4432
way/767369619,56.88860359090909,60.62474812727273,"[(56.8894643, 60.6213564), (56.8873611, 60.6238388), (56.8878322, 60.6251732), (56.8880798, 60.624933), (56.8881806, 60.6252009), (56.8883271, 60.6256404), (56.8883927, 60.626012), (56.8882228, 60.6262237), (56.8886315, 60.627408), (56.8906831, 60.6250866), (56.8894643, 60.6213564)]",69468.1135097593,2762
way/767369620,56.888320362500004,60.621047562499996,"[(56.8893448, 60.6211424), (56.8889063, 60.6198345), (56.8880168, 60.6201674), (56.887653, 60.6203371), (56.8877594, 60.6207288), (56.8877708, 60.6222048), (56.887767, 60.6228231), (56.8893448, 60.6211424)]",19585.78486420214,1010
way/767369621,56.889857758333335,60.61569481666667,"[(56.8874458, 60.614689), (56.88887, 60.6187928), (56.8909887, 60.6179935), (56.8908626, 60.6165397), (56.8916186, 60.6165719), (56.8916802, 60.6143671), (56.8909447, 60.6143027), (56.8909095, 60.6160837), (56.8899308, 60.6159872), (56.8899806, 60.6142384), (56.8876158, 60.6140828), (56.8874458, 60.614689)]",82479.75955533609,2775
way/767369622,56.887288525,60.61633729166667,"[(56.8876936, 60.6165145), (56.8877682, 60.6164432), (56.887229, 60.6148016), (56.8866986, 60.6150967), (56.8868517, 60.6172197), (56.8871768, 60.6171526), (56.8870679, 60.6168397), (56.8870438, 60.6162377), (56.8873187, 60.6160585), (56.8874101, 60.6164405), (56.8875103, 60.6167283), (56.8876936, 60.6165145)]",8967.16101296246,650
way/767372383,56.88845526428572,60.630115857142854,"[(56.8876309, 60.6291355), (56.8878745, 60.6296213), (56.8881256, 60.6303776), (56.8879179, 60.630613), (56.8886194, 60.6326328), (56.8886735, 60.6326172), (56.8896432, 60.6315098), (56.8893167, 60.6305632), (56.8889359, 60.6294259), (56.8885177, 60.6299134), (56.8882743, 60.6292238), (56.8887106, 60.6287176), (56.8885026, 60.6281354), (56.8876309, 60.6291355)]",27160.90715147741,1072
way/767372384,56.884719370000006,60.63516373,"[(56.8843221, 60.6376175), (56.8857187, 60.63605), (56.8861985, 60.6355822), (56.8858608, 60.6345437), (56.8851451, 60.6324395), (56.8849661, 60.6319782), (56.8831202, 60.6341135), (56.8836975, 60.6359374), (56.8838426, 60.6357578), (56.8843221, 60.6376175)]",61533.60025528073,3000
way/767372385,56.88636114,60.628046080000004,"[(56.8871744, 60.6291577), (56.8859285, 60.6254987), (56.8851467, 60.6263428), (56.8863817, 60.6300735), (56.8871744, 60.6291577)]",27154.49397009611,1365
way/767372386,56.887307677777784,60.62604834444445,"[(56.8871187, 60.6255771), (56.8867932, 60.6246174), (56.8861562, 60.6253774), (56.8873241, 60.6287677), (56.888289, 60.6275664), (56.8879083, 60.626343), (56.887581, 60.6254515), (56.8874799, 60.6251575), (56.8871187, 60.6255771)]",28815.391817957163,1365
way/767372387,56.891045000000005,60.622123890909094,"[(56.8922706, 60.623154), (56.8914344, 60.6209569), (56.8911605, 60.6201105), (56.8910384, 60.6196864), (56.8896748, 60.6212227), (56.8900861, 60.6224298), (56.8908978, 60.6215554), (56.8912582, 60.6226659), (56.8904583, 60.6235832), (56.8909453, 60.624844), (56.8922706, 60.623154)]",37393.679561555386,1625
way/767372389,56.89401741111111,60.62392201111111,"[(56.8938603, 60.6218449), (56.8930941, 60.6227091), (56.8936023, 60.624184), (56.894099, 60.6235483), (56.8943509, 60.6243154), (56.8938572, 60.6249323), (56.8943332, 60.6263917), (56.8950994, 60.6255275), (56.8938603, 60.6218449)]",22590.75183558464,1040
way/767372390,56.89383568181818,60.620299390909096,"[(56.8935059, 60.6204118), (56.8938549, 60.6214673), (56.8944734, 60.6207817), (56.894106, 60.6196705), (56.8940637, 60.6197173), (56.8939616, 60.6198306), (56.8939955, 60.6199332), (56.8935998, 60.6203719), (56.8935843, 60.6203249), (56.8935415, 60.6203723), (56.8935059, 60.6204118)]",5956.827774122357,618
way/767372391,56.89630158,60.62112191999999,"[(56.8955738, 60.6199779), (56.8968012, 60.6235248), (56.8973932, 60.6228379), (56.8961659, 60.6192911), (56.8955738, 60.6199779)]",19971.373765707016,1012
way/767372392,56.895520039999994,60.622037160000005,"[(56.8947498, 60.620901), (56.8959281, 60.6245503), (56.8966754, 60.6237414), (56.8954971, 60.6200921), (56.8947498, 60.620901)]",24975.596035718918,948
way/767372393,56.89503734,60.623546520000005,"[(56.8957643, 60.6247676), (56.8945083, 60.6210748), (56.8939469, 60.6217149), (56.8952029, 60.6254077), (56.8957643, 60.6247676)]",19525.585135817528,360
way/767372394,56.89638718,60.62742266,"[(56.8960238, 60.6253462), (56.895458, 60.6259567), (56.8969323, 60.6305373), (56.897498, 60.6299269), (56.8960238, 60.6253462)]",23693.911495387554,3220
way/767372395,56.897608680000005,60.62728002,"[(56.8984311, 60.6287851), (56.8969132, 60.6243981), (56.896375, 60.6250224), (56.897893, 60.6294094), (56.8984311, 60.6287851)]",22451.89409518242,4490
way/767372396,56.8983699,60.627173885714285,"[(56.8979679, 60.6268335), (56.8985642, 60.6286399), (56.8991341, 60.6279757), (56.8985915, 60.6264377), (56.898269, 60.6267946), (56.8980947, 60.6267023), (56.8979679, 60.6268335)]",8614.800895139575,292
way/767372397,56.90664454090909,60.62502645,"[(56.9087559, 60.6224655), (56.908013, 60.6238262), (56.9079215, 60.6251711), (56.9066679, 60.6248277), (56.9067851, 60.6235111), (56.9063472, 60.6216132), (56.905719, 60.6221348), (56.9058127, 60.6230897), (56.9053528, 60.6234223), (56.9057629, 60.6248921), (56.9051302, 60.6254929), (56.904477, 60.623213), (56.9030475, 60.6249458), (56.9048372, 60.6299079), (56.9062432, 60.6281805), (56.906624, 60.6292695), (56.9075496, 60.6281912), (56.9068818, 60.6268716), (56.9073211, 60.6261313), (56.9083814, 60.6266892), (56.909793, 60.6242698), (56.9087559, 60.6224655)]",162437.6653214693,7322
way/767372398,56.90288289285714,60.61819622857143,"[(56.9010399, 60.6148307), (56.9010646, 60.6165946), (56.9010649, 60.6167144), (56.9012586, 60.6166977), (56.9012895, 60.6168469), (56.9011998, 60.617022), (56.9010262, 60.6196913), (56.9025056, 60.6242471), (56.9042594, 60.622342), (56.9058347, 60.6212632), (56.9071082, 60.6203619), (56.9070194, 60.6189859), (56.9046498, 60.6143188), (56.9010399, 60.6148307)]",270227.5628324691,7730
way/767372399,56.9001638625,60.6159528625,"[(56.9004003, 60.6165761), (56.9003838, 60.6153128), (56.9002611, 60.6153181), (56.9001858, 60.615355), (56.8999746, 60.6155903), (56.8996714, 60.615918), (56.9000336, 60.6169765), (56.9004003, 60.6165761)]",5207.604576664511,618
way/767376894,56.90017102,60.64012862,"[(56.9002106, 60.6412655), (56.9008271, 60.6405446), (56.9001274, 60.6384293), (56.8994794, 60.6391382), (56.9002106, 60.6412655)]",12571.429206550121,975
way/767376895,56.90121096,60.64193501999999,"[(56.9006644, 60.6411769), (56.901558, 60.6436551), (56.9019808, 60.6430564), (56.9011872, 60.6406098), (56.9006644, 60.6411769)]",11236.272300243378,458
way/767376896,56.89986852,60.64352824,"[(56.898928, 60.6433524), (56.8996933, 60.6456083), (56.9013, 60.6438608), (56.9004933, 60.6414673), (56.898928, 60.6433524)]",34705.51880931854,1040
way/767376897,56.90234025625,60.63088684375,"[(56.9018553, 60.6354171), (56.9050599, 60.6318659), (56.9026111, 60.6255305), (56.8996318, 60.62891), (56.9000566, 60.630101), (56.9007538, 60.6292319), (56.9010673, 60.6301814), (56.9026403, 60.6284541), (56.9032409, 60.6302619), (56.9036802, 60.6297737), (56.9040933, 60.6309861), (56.9038648, 60.6317317), (56.9032526, 60.6323701), (56.9027429, 60.6309539), (56.901038, 60.6330031), (56.9018553, 60.6354171)]",128683.83593732119,6022
way/767376898,56.90087738999999,60.6341196,"[(56.9000467, 60.6328958), (56.9011858, 60.6362143), (56.9016531, 60.6357162), (56.9017, 60.6355745), (56.9011953, 60.634134), (56.9008845, 60.6344805), (56.9006139, 60.6336348), (56.900888, 60.6333074), (56.9005599, 60.6323427), (56.9000467, 60.6328958)]",13805.991437539458,650
way/767376899,56.899561516666665,60.630804399999995,"[(56.8999005, 60.6326793), (56.900503, 60.6320091), (56.8993312, 60.6286399), (56.8988161, 60.6292491), (56.8989178, 60.6295697), (56.8999005, 60.6326793)]",17784.00489923358,910
way/767376900,56.90001102,60.63476727999999,"[(56.8998425, 60.6331229), (56.8991594, 60.6339509), (56.9002604, 60.637207), (56.9009503, 60.6364327), (56.8998425, 60.6331229)]",21296.87334573269,295
way/767376901,56.89895903333334,60.63176623333334,"[(56.8989964, 60.6336005), (56.8997531, 60.6327743), (56.8994341, 60.6317613), (56.8990327, 60.6322682), (56.8987559, 60.6314689), (56.8991602, 60.6309485), (56.8986296, 60.6293239), (56.8978729, 60.63015), (56.8989964, 60.6336005)]",20932.98218780756,555
way/767376902,56.89811442,60.6328051,"[(56.8983335, 60.6343056), (56.8988521, 60.6337688), (56.8977941, 60.6305055), (56.8972589, 60.63114), (56.8983335, 60.6343056)]",15731.05042552948,1532
way/767376903,56.898507063636366,60.63628245454545,"[(56.897809, 60.6354786), (56.8979268, 60.6358033), (56.8981875, 60.635519), (56.8986094, 60.6367797), (56.8981114, 60.6373966), (56.8986638, 60.63905), (56.9001072, 60.637413), (56.8993639, 60.6352471), (56.8986914, 60.6360394), (56.8982983, 60.6349017), (56.897809, 60.6354786)]",30119.23985156417,1398
way/767376904,56.89730855,60.633790716666674,"[(56.89749, 60.6351719), (56.8980913, 60.6344582), (56.8971865, 60.6316721), (56.8965505, 60.6324027), (56.897043, 60.6338675), (56.89749, 60.6351719)]",16222.275834798813,845
way/767376905,56.89659184,60.63867582,"[(56.8957551, 60.6378372), (56.8967972, 60.6411258), (56.8978786, 60.6399028), (56.8967732, 60.6366761), (56.8957551, 60.6378372)]",31892.948051452637,2145
way/767376906,56.89586766,60.63596199,"[(56.8954117, 60.6374346), (56.8971103, 60.6355426), (56.8964888, 60.6336837), (56.8960116, 60.6341663), (56.8963367, 60.6350563), (56.8956676, 60.6357088), (56.8957813, 60.6361692), (56.895131, 60.6369347), (56.8953259, 60.6374891), (56.8954117, 60.6374346)]",17912.50897314027,845
way/767376907,56.89575565714286,60.64093372857143,"[(56.8951362, 60.6416299), (56.895928, 60.641939), (56.8961602, 60.6419213), (56.8966904, 60.6413555), (56.895797, 60.6388197), (56.8954416, 60.6392408), (56.8951362, 60.6416299)]",19430.918935297057,682
way/767376908,56.893869208333335,60.63793079166667,"[(56.8919332, 60.6370751), (56.8931151, 60.6406354), (56.8947326, 60.6415335), (56.8949413, 60.6406367), (56.8950702, 60.6388664), (56.8949882, 60.6385767), (56.8949089, 60.6376398), (56.8943349, 60.6359914), (56.8939692, 60.6355251), (56.8936178, 60.635709), (56.8928859, 60.6359053), (56.8919332, 60.6370751)]",82676.86161248386,5822
way/767376909,56.891861340000005,60.64059052,"[(56.8910811, 60.6402647), (56.8918898, 60.6423653), (56.8929964, 60.6411011), (56.8922583, 60.6389568), (56.8910811, 60.6402647)]",23199.85886013508,720
way/767376910,56.891245860000005,60.63869808,"[(56.8906473, 60.6386051), (56.8910704, 60.6400421), (56.8922055, 60.6387965), (56.8916588, 60.6374416), (56.8906473, 60.6386051)]",14133.332978606224,522
way/767376911,56.89038277142857,60.6403795,"[(56.8897111, 60.6395692), (56.8899943, 60.6403385), (56.8902532, 60.6400682), (56.8910851, 60.6424308), (56.891478, 60.6419537), (56.8904466, 60.6387269), (56.8897111, 60.6395692)]",15040.763098537922,335
way/767376912,56.88925575454545,60.6367182,"[(56.8902445, 60.6383005), (56.8898283, 60.6370794), (56.8892702, 60.6376775), (56.8889925, 60.6367342), (56.8895211, 60.6362051), (56.888692, 60.6338039), (56.8882006, 60.6343724), (56.8887659, 60.6360096), (56.8885332, 60.6362788), (56.8895205, 60.6391383), (56.8902445, 60.6383005)]",22876.655695438385,948
way/767376913,56.890418576923075,60.63507273846154,"[(56.8914462, 60.6367927), (56.8909046, 60.6352907), (56.8907679, 60.635452), (56.8903293, 60.6359694), (56.8898632, 60.6346309), (56.8901042, 60.6343114), (56.8902882, 60.6341353), (56.8903823, 60.6343672), (56.8905548, 60.6341712), (56.8899706, 60.6324667), (56.8889476, 60.6336669), (56.8904364, 60.6378985), (56.8914462, 60.6367927)]",33666.03236241639,1660
way/767376914,56.892069771428574,60.63288607142857,"[(56.8933874, 60.6346088), (56.8921458, 60.6306955), (56.8918431, 60.6310478), (56.8916272, 60.6306346), (56.8903161, 60.6321455), (56.8917814, 60.6364615), (56.8933874, 60.6346088)]",65390.03927516937,1595
way/767376915,56.894338485714286,60.63031125714286,"[(56.8958833, 60.6317719), (56.894351, 60.6273222), (56.8932521, 60.6286997), (56.8934754, 60.6293304), (56.8931778, 60.6296627), (56.8943465, 60.63362), (56.8958833, 60.6317719)]",60205.06929734349,4390
way/767376916,56.89596318,60.62925572,"[(56.8968864, 60.6308128), (56.8952905, 60.6261099), (56.8945783, 60.6269201), (56.8961743, 60.631623), (56.8968864, 60.6308128)]",31503.81437587738,1365
way/767380279,56.90268808125,60.64622900625,"[(56.9013952, 60.6492487), (56.9017652, 60.6480116), (56.9018753, 60.6476124), (56.9025489, 60.6469284), (56.9040714, 60.6459957), (56.9043373, 60.6472452), (56.905351, 60.6452182), (56.9049076, 60.6447217), (56.9047875, 60.6443408), (56.9040317, 60.6450435), (56.9034869, 60.6435147), (56.9023181, 60.644896), (56.9019109, 60.6437105), (56.8992978, 60.6466958), (56.8995293, 60.6472322), (56.9013952, 60.6492487)]",101541.78262659907,4455
way/767380280,56.9010245631579,60.65127538947368,"[(56.9004374, 60.6485277), (56.900329, 60.648973), (56.9005722, 60.6491983), (56.9004814, 60.6503946), (56.899831, 60.6503195), (56.8999281, 60.6512641), (56.9001812, 60.6518906), (56.9003546, 60.6522683), (56.9006959, 60.6524307), (56.9009218, 60.6527146), (56.9012124, 60.652603), (56.901292, 60.6524056), (56.9015826, 60.6526459), (56.9016295, 60.6525773), (56.9016483, 60.6521653), (56.9019951, 60.6519593), (56.902984, 60.6519421), (56.9029528, 60.6514248), (56.9004374, 60.6485277)]",43722.95822327398,670
way/767380281,56.8990211875,60.6494757625,"[(56.8972588, 60.6488979), (56.8972617, 60.6491178), (56.8973906, 60.6494665), (56.8974317, 60.6502551), (56.8985922, 60.6503371), (56.8993844, 60.6504058), (56.8996797, 60.6513928), (56.8999281, 60.6512641), (56.899831, 60.6503195), (56.9004814, 60.6503946), (56.9005722, 60.6491983), (56.900329, 60.648973), (56.9004374, 60.6485277), (56.8993916, 60.6473637), (56.8991104, 60.6468004), (56.8972588, 60.6488979)]",56381.55694460124,1628
way/767380282,56.89714894,60.64723626,"[(56.8978052, 60.6478746), (56.8969709, 60.6453761), (56.8961646, 60.6462787), (56.8969988, 60.6487773), (56.8978052, 60.6478746)]",18782.333511054516,528
way/767380283,56.898470755555564,60.64582441111111,"[(56.8995059, 60.6459206), (56.8986534, 60.6433832), (56.8970325, 60.6451683), (56.8979253, 60.6477874), (56.8984043, 60.647192), (56.8978389, 60.6455612), (56.8984043, 60.6449497), (56.8989663, 60.6465367), (56.8995059, 60.6459206)]",30057.740716695786,2795
way/767380284,56.897614,60.642879900000004,"[(56.8985808, 60.6431946), (56.8977771, 60.6406795), (56.8961638, 60.6424079), (56.8969675, 60.6449229), (56.8985808, 60.6431946)]",36961.1462097168,1885
way/767380285,56.90501536774194,60.636011341935486,"[(56.9068592, 60.6372093), (56.9077283, 60.6362807), (56.9074324, 60.6353956), (56.9062988, 60.6345132), (56.9059255, 60.6348779), (56.9053915, 60.6334499), (56.9051299, 60.6332282), (56.9047027, 60.6331314), (56.902913, 60.6351718), (56.9017403, 60.6364691), (56.9019677, 60.6371593), (56.9030976, 60.6357586), (56.9036715, 60.6374716), (56.9032277, 60.6380001), (56.9032851, 60.6382035), (56.9034951, 60.6388149), (56.9038284, 60.6384679), (56.9045942, 60.6376218), (56.9039453, 60.6356693), (56.904496, 60.6350362), (56.9047509, 60.6347573), (56.9048441, 60.6346926), (56.9053103, 60.6341317), (56.9058478, 60.6357336), (56.9060187, 60.6361861), (56.9062354, 60.6359777), (56.9063563, 60.636168), (56.9064356, 60.636518), (56.9064759, 60.6365272), (56.906612, 60.6365198), (56.9068592, 60.6372093)]",67925.21641276311,4292
way/767382551,56.9257551,60.61268700000001,"[(56.9248628, 60.6127149), (56.9270584, 60.613136), (56.9270877, 60.6126747), (56.9249038, 60.6121945), (56.9248628, 60.6127149)]",7395.834381192923,328
way/767382552,56.924222699999994,60.61186345714286,"[(56.92362, 60.6125915), (56.9246711, 60.6128597), (56.9248877, 60.6105047), (56.9246769, 60.6104565), (56.9244427, 60.6121623), (56.9236405, 60.611878), (56.92362, 60.6125915)]",7831.62939921394,358
way/767382553,56.920478630000005,60.610395700000005,"[(56.9168038, 60.6103009), (56.9171654, 60.6103438), (56.923418, 60.6126881), (56.9236581, 60.6105101), (56.9232963, 60.6101457), (56.923134, 60.6092602), (56.9220039, 60.6096626), (56.9217001, 60.6110137), (56.9168029, 60.609731), (56.9168038, 60.6103009)]",58261.65997522324,2600
way/767511202,56.88160051999999,60.50627582,"[(56.881457, 60.5075862), (56.8824399, 60.5051558), (56.8818158, 60.5043102), (56.8808329, 60.5067407), (56.881457, 60.5075862)]",15939.952817857265,552
way/767511203,56.88447139375,60.50369413125,"[(56.8815287, 60.5034792), (56.8825868, 60.5049866), (56.882874, 60.5042624), (56.8822233, 60.5032754), (56.8829267, 60.5014837), (56.8850955, 60.504713), (56.884527, 60.5061722), (56.8855204, 60.5077118), (56.8863557, 60.505743), (56.8873169, 60.5053782), (56.8874253, 60.5047452), (56.8867894, 60.5036348), (56.8871411, 60.5025029), (56.8842544, 60.4985815), (56.8834484, 60.498957), (56.8815287, 60.5034792)]",153188.06928175688,9558
way/767511204,56.8798804875,60.5095081,"[(56.8793707, 60.5089259), (56.8791687, 60.5094404), (56.8801536, 60.5107358), (56.8805512, 60.509723), (56.880394, 60.5095162), (56.8801153, 60.5091497), (56.8799197, 60.5096479), (56.8793707, 60.5089259)]",7453.024067893624,585
way/767511205,56.88198766000001,60.50980817999999,"[(56.8802889, 60.5109411), (56.8822673, 60.5136985), (56.8845533, 60.5081195), (56.8825399, 60.5053407), (56.8802889, 60.5109411)]",118368.70640873909,6240
way/767511206,56.8860277,60.56656255000001,"[(56.8853431, 60.5647194), (56.8857396, 60.5696494), (56.8865645, 60.5694321), (56.8876598, 60.5665272), (56.8855161, 60.5643278), (56.8853431, 60.5647194)]",47797.45296809077,622
way/767514730,56.87306888888889,60.54586436666667,"[(56.873711, 60.5432081), (56.8717312, 60.5479055), (56.8720689, 60.548348), (56.8723521, 60.547649), (56.87277, 60.547118), (56.8733806, 60.5456742), (56.8735694, 60.5457397), (56.8743258, 60.5439287), (56.873711, 60.5432081)]",24033.639298684895,1045
way/767514731,56.87082335454545,60.54406780454545,"[(56.8702721, 60.5392921), (56.8676861, 60.5455738), (56.8691223, 60.5481684), (56.8691374, 60.549109), (56.871178, 60.5488837), (56.8713598, 60.5483258), (56.8694306, 60.5459225), (56.8698909, 60.5439377), (56.8701519, 60.5433369), (56.8701226, 60.5427897), (56.8706092, 60.5416202), (56.8713246, 60.5426502), (56.8707852, 60.5441093), (56.8722803, 60.5458367), (56.8733123, 60.5432188), (56.872767, 60.5424893), (56.8719696, 60.5445492), (56.8712777, 60.5435729), (56.871565, 60.5428272), (56.871609, 60.5424786), (56.8719901, 60.5415076), (56.8702721, 60.5392921)]",134703.60184164345,7368
way/767514732,56.8632769375,60.544725549999995,"[(56.8619931, 60.5459466), (56.8628523, 60.5469766), (56.8640091, 60.5472341), (56.8641118, 60.5448496), (56.8647187, 60.54331), (56.8633464, 60.5417061), (56.863191, 60.5418348), (56.8619931, 60.5459466)]",57667.02126593888,5075
way/767514733,56.87203835384616,60.52889707692308,"[(56.8709142, 60.5293087), (56.87243, 60.5314493), (56.8738927, 60.5280539), (56.8723418, 60.5258167), (56.871565, 60.5276567), (56.8725149, 60.5289602), (56.8726673, 60.5286169), (56.8730308, 60.529089), (56.87238, 60.5307305), (56.8712894, 60.5291533), (56.8713774, 60.5289066), (56.8711809, 60.5286115), (56.8709142, 60.5293087)]",39716.09865382314,992
way/767514734,56.86712946363636,60.54097530000001,"[(56.8655954, 60.5421709), (56.8672829, 60.5444471), (56.8695136, 60.5389124), (56.8677932, 60.5365913), (56.8669736, 60.5388307), (56.867777, 60.5398822), (56.8672082, 60.5412072), (56.8676817, 60.5418724), (56.8671466, 60.5431839), (56.8658565, 60.5414593), (56.8655954, 60.5421709)]",68969.33875626326,4002
way/767514735,56.86591294545454,60.537897336363635,"[(56.8674721, 60.5362236), (56.865918, 60.534153), (56.8638713, 60.5397642), (56.8652612, 60.5417275), (56.8655427, 60.5409229), (56.8644636, 60.539571), (56.8659825, 60.5354243), (56.8666276, 60.5362827), (56.8659532, 60.5379081), (56.8664781, 60.5386698), (56.8674721, 60.5362236)]",46814.74544119835,3512
way/767514736,56.869724399999996,60.535622860000004,"[(56.8709054, 60.535242), (56.8692664, 60.5329889), (56.8679265, 60.5362076), (56.8696183, 60.5384338), (56.8709054, 60.535242)]",56229.150884628296,2210
way/767514737,56.863914980000004,60.534932960000006,"[(56.8653888, 60.533646), (56.8639915, 60.5319536), (56.8637599, 60.5320233), (56.8631763, 60.5337989), (56.8637657, 60.5344588), (56.863279, 60.5366474), (56.8634138, 60.53698), (56.8632496, 60.5377793), (56.8637364, 60.5383963), (56.8653888, 60.533646)]",49260.33615471423,1798
way/767514738,56.866744925,60.528143362499996,"[(56.8683956, 60.5262512), (56.8674398, 60.524953), (56.8668211, 60.5262029), (56.8648772, 60.5288646), (56.8654176, 60.5301735), (56.8662605, 60.5313016), (56.866352, 60.5311489), (56.8683956, 60.5262512)]",64866.78348234296,3122
way/767514739,56.86897726666667,60.53061351111111,"[(56.8704949, 60.5291372), (56.8687152, 60.5267554), (56.8666394, 60.5318812), (56.868425, 60.5342978), (56.8691931, 60.5324095), (56.8682725, 60.5311382), (56.8688149, 60.5297595), (56.8697455, 60.5310056), (56.8704949, 60.5291372)]",82734.1168475151,3480
way/767514740,56.870120899999996,60.525777719999994,"[(56.8702714, 60.5230419), (56.8695567, 60.5247974), (56.8701871, 60.5257255), (56.8698968, 60.5264068), (56.8692488, 60.5255485), (56.8688809, 60.526447), (56.8703962, 60.5286619), (56.8705389, 60.528869), (56.8719608, 60.5252373), (56.8702714, 60.5230419)]",57097.72813180089,2762
way/767514741,56.87143648333333,60.52204548333333,"[(56.871801, 60.5208546), (56.8706957, 60.5219918), (56.8704026, 60.522759), (56.8714536, 60.5242073), (56.872465, 60.5216056), (56.871801, 60.5208546)]",23864.79441034794,662
way/767514742,56.883442419999994,60.51176141999999,"[(56.882425, 60.5138302), (56.8827206, 60.5142299), (56.8849686, 60.5086582), (56.8846729, 60.5082586), (56.882425, 60.5138302)]",17281.29095491767,4942
way/767514743,56.885625911764706,60.5131762,"[(56.8841577, 60.5218792), (56.8853827, 60.5181456), (56.8841342, 60.5162465), (56.8848083, 60.5145728), (56.8860919, 60.51615), (56.8876275, 60.5117726), (56.88887, 60.5080175), (56.8890781, 60.5070144), (56.8877565, 60.5061829), (56.8866898, 60.5066872), (56.8858751, 60.5078512), (56.88482, 60.5105388), (56.8857696, 60.5119657), (56.8849021, 60.5140471), (56.8839232, 60.5127489), (56.8815961, 60.5182958), (56.8841577, 60.5218792)]",263797.3055642247,10782
way/767514744,56.878309214285714,60.51274661428572,"[(56.8776625, 60.5130494), (56.878624, 60.5143529), (56.879554, 60.5121996), (56.8787683, 60.5111323), (56.8780565, 60.5128719), (56.8778367, 60.5125708), (56.8776625, 60.5130494)]",18900.96715697646,588
way/767514745,56.880556139999996,60.51481318,"[(56.8808472, 60.5172685), (56.8821588, 60.5139291), (56.8801833, 60.5111235), (56.8787442, 60.5144763), (56.8808472, 60.5172685)]",72460.35877943039,2632
way/767514746,56.87895591578947,60.520301531578944,"[(56.8809777, 60.5180597), (56.8802156, 60.517121), (56.8796645, 60.5185425), (56.8794652, 60.5182368), (56.8788409, 60.5190951), (56.8784782, 60.5203071), (56.8785169, 60.5204558), (56.878528, 60.5205947), (56.8785095, 60.5207365), (56.8784842, 60.5208381), (56.8784347, 60.5209933), (56.8783801, 60.5211369), (56.8782775, 60.5213793), (56.8781778, 60.5212459), (56.8779733, 60.5217386), (56.878526, 60.522507), (56.8786885, 60.5221045), (56.8790461, 60.5225766), (56.8809777, 60.5180597)]",44897.00857370347,2015
way/767514747,56.876107425,60.518712175,"[(56.8741683, 60.5180812), (56.8768652, 60.5217344), (56.8774427, 60.5202752), (56.8776537, 60.5194813), (56.8776625, 60.5191111), (56.875722, 60.5164933), (56.8751767, 60.5164397), (56.8741683, 60.5180812)]",62832.971059829,2405
way/767514748,56.87313654166667,60.52082306666667,"[(56.8724321, 60.5204751), (56.8727371, 60.52092), (56.8725694, 60.5214081), (56.8730256, 60.5220251), (56.8730697, 60.521914), (56.874016, 60.5232107), (56.8752295, 60.5203879), (56.8740679, 60.5188577), (56.8728794, 60.5201905), (56.8727645, 60.5198207), (56.8724152, 60.5201919), (56.8724321, 60.5204751)]",44152.73606980592,2540
way/767514749,56.87253636666667,60.51889031666667,"[(56.8718201, 60.5201572), (56.8735116, 60.5184996), (56.8736875, 60.51799), (56.8728286, 60.5167508), (56.8715503, 60.5197871), (56.8718201, 60.5201572)]",20501.252120167017,752
way/767514750,56.87037026666667,60.52013845,"[(56.8710314, 60.5197549), (56.8698528, 60.518167), (56.8691755, 60.5210102), (56.870061, 60.5222654), (56.8710695, 60.5198783), (56.8710314, 60.5197549)]",27445.801964521408,848
way/767514751,56.87136142857143,60.51707314285714,"[(56.8725706, 60.5165523), (56.8710813, 60.5145299), (56.8701167, 60.5166596), (56.8699261, 60.5175877), (56.8713041, 60.5196047), (56.8719606, 60.5180255), (56.8725706, 60.5165523)]",48025.10859131813,2080
way/767514752,56.87538361666666,60.50844998333333,"[(56.8759784, 60.5083997), (56.8752303, 60.5073227), (56.8747488, 60.5084427), (56.8748688, 60.5086154), (56.875497, 60.5095197), (56.8759784, 60.5083997)]",9210.289010375738,328
way/767514753,56.877276,60.508045275,"[(56.876874, 60.5115312), (56.8787823, 60.5067086), (56.8780373, 60.5056653), (56.8777658, 60.5063144), (56.877354, 60.5057187), (56.8768455, 60.506987), (56.8756751, 60.5099058), (56.876874, 60.5115312)]",57202.00117075443,4130
way/767570957,56.852280071428574,60.58738295714286,"[(56.850716, 60.5873331), (56.8505428, 60.5876416), (56.8502289, 60.5879634), (56.8500559, 60.5882022), (56.8500368, 60.5883953), (56.8499755, 60.5899986), (56.8507764, 60.5911829), (56.8514923, 60.5895752), (56.8519159, 60.5886625), (56.8520846, 60.5880852), (56.8529145, 60.5883743), (56.8528191, 60.5893663), (56.8532547, 60.5895513), (56.8535392, 60.5888057), (56.853504, 60.5877328), (56.8539, 60.5873626), (56.8544162, 60.5863917), (56.8546611, 60.5849513), (56.8541522, 60.5838114), (56.8543223, 60.5822879), (56.8536067, 60.5821055), (56.851967, 60.5850774), (56.8531256, 60.5871105), (56.8530501, 60.5874806), (56.8525888, 60.5873573), (56.8523836, 60.587427), (56.8510958, 60.5871561), (56.850716, 60.5873331)]",108232.52607251704,6270
way/767570958,56.853943442857144,60.57662713571428,"[(56.8528059, 60.5792516), (56.8537328, 60.5818105), (56.8544837, 60.5820143), (56.8558402, 60.5765775), (56.8558109, 60.575974), (56.855912, 60.5754536), (56.8542754, 60.5736029), (56.8538513, 60.5730624), (56.8535304, 60.5726534), (56.8533372, 60.5731569), (56.852847, 60.5744344), (56.8530083, 60.5769396), (56.8529672, 60.5785972), (56.8528059, 60.5792516)]",127081.26668564975,6158
way/767570959,56.85753431818182,60.59211357272727,"[(56.8572275, 60.5902755), (56.8572935, 60.592255), (56.8573783, 60.5943124), (56.8575796, 60.5942915), (56.8575758, 60.5940914), (56.8580343, 60.5940711), (56.8580061, 60.593124), (56.8577363, 60.5905759), (56.8575926, 60.5899751), (56.857226, 60.5900019), (56.8572275, 60.5902755)]",16626.773370279,468
way/767570960,56.8558504,60.5870931875,"[(56.8564246, 60.5893002), (56.8555125, 60.5827841), (56.8553988, 60.5826741), (56.8550673, 60.5844819), (56.8557386, 60.5894672), (56.8559241, 60.5894125), (56.8563127, 60.5893253), (56.8564246, 60.5893002)]",27912.3115019463,1448
way/767570961,56.85717795,60.58462028571428,"[(56.857748, 60.5812097), (56.8556671, 60.5822115), (56.8556745, 60.5826527), (56.8564253, 60.5879474), (56.8569532, 60.5877274), (56.8574254, 60.5875102), (56.8575026, 60.5872406), (56.8576512, 60.5870702), (56.8578536, 60.5848414), (56.8575486, 60.5847984), (56.8573081, 60.5847073), (56.8570412, 60.5829585), (56.8579445, 60.582599), (56.857748, 60.5812097)]",64607.706038072705,1895
way/767570962,56.8676753125,60.5842174875,"[(56.8679764, 60.5838114), (56.8668358, 60.5837899), (56.8668583, 60.5845781), (56.867745, 60.5844052), (56.8677471, 60.5846858), (56.8681757, 60.5845946), (56.8680878, 60.5840635), (56.8679764, 60.5838114)]",6255.2539180107415,8
way/767570963,56.86714371000001,60.582496930000005,"[(56.8668157, 60.5833695), (56.8680203, 60.5834359), (56.8679793, 60.583114), (56.8676538, 60.5813062), (56.8670469, 60.5817246), (56.8669765, 60.5814564), (56.8665689, 60.58195), (56.8667317, 60.5823443), (56.8668283, 60.5828989), (56.8668157, 60.5833695)]",14144.356960073113,335
way/767570964,56.8660171,60.58304473333334,"[(56.865487, 60.5831408), (56.8656013, 60.5833662), (56.8666071, 60.5834359), (56.8665851, 60.5829665), (56.8663351, 60.5822182), (56.865487, 60.5831408)]",5444.580566525459,358
way/767570965,56.86559818571429,60.581485542857145,"[(56.8656937, 60.5806317), (56.8655273, 60.580869), (56.8656277, 60.5811185), (56.8649914, 60.5820733), (56.8654137, 60.5830657), (56.8662398, 60.5820089), (56.8656937, 60.5806317)]",9641.616101115942,232
way/767570966,56.86673255,60.579008625,"[(56.8673624, 60.57653), (56.8653389, 60.5792838), (56.8656485, 60.580041), (56.865886, 60.5802837), (56.8664737, 60.5817501), (56.8679881, 60.579713), (56.8678004, 60.5779374), (56.8673624, 60.57653)]",49626.395300388336,792
way/767570967,56.867032566666666,60.575167977777774,"[(56.8661291, 60.5747509), (56.8670234, 60.5765802), (56.8673829, 60.5762279), (56.8675695, 60.5759124), (56.867267, 60.575116), (56.8674196, 60.5748574), (56.8674869, 60.5748312), (56.8668856, 60.5734849), (56.8661291, 60.5747509)]",15655.652477946132,620
way/767570968,56.866169019999994,60.57361366,"[(56.8660412, 60.5744076), (56.8667508, 60.5732489), (56.866393, 60.5725837), (56.8656189, 60.5734205), (56.8660412, 60.5744076)]",6805.644280850887,162
way/767570969,56.864875819999995,60.57610308000001,"[(56.8643313, 60.5773383), (56.865898, 60.574651), (56.8656926, 60.5742502), (56.8641259, 60.5769376), (56.8643313, 60.5773383)]",8013.355896532536,325
way/767570970,56.86163504285714,60.578335585714285,"[(56.8608753, 60.5789922), (56.8610811, 60.5794731), (56.86118, 60.5793173), (56.8612981, 60.579568), (56.8632129, 60.5762938), (56.8629226, 60.5757125), (56.8608753, 60.5789922)]",15862.697023004293,880
way/767570971,56.861880033333335,60.575854488888886,"[(56.8632848, 60.5745363), (56.862888, 60.5737973), (56.8626119, 60.5742865), (56.8623476, 60.5743907), (56.8622233, 60.5745256), (56.8606632, 60.5773419), (56.8597453, 60.5791551), (56.8598714, 60.5801207), (56.8632848, 60.5745363)]",33501.25082731247,888
way/767570973,56.86431261,60.57089387999999,"[(56.8649093, 60.5717844), (56.8649651, 60.571779), (56.8650999, 60.5705559), (56.8636954, 60.5698961), (56.8632995, 60.5699336), (56.8634637, 60.5707008), (56.8637364, 60.5706471), (56.8644167, 60.5707866), (56.8646308, 60.5710709), (56.8649093, 60.5717844)]",8782.669498359784,12
way/767570974,56.8637891875,60.5718266125,"[(56.8638244, 60.5736619), (56.8649123, 60.5719507), (56.8644548, 60.5710012), (56.8640091, 60.570808), (56.8635429, 60.5708456), (56.8629153, 60.5710709), (56.8628303, 60.5716127), (56.8638244, 60.5736619)]",23741.072585690767,268
way/767570975,56.86432558,60.57341484,"[(56.8649651, 60.5721492), (56.8632584, 60.5750567), (56.8633583, 60.575273), (56.865081, 60.5724461), (56.8649651, 60.5721492)]",5089.710653081536,392
way/767570977,56.863671915384614,60.55523967692307,"[(56.8695303, 60.5522793), (56.8688149, 60.5507076), (56.8611207, 60.5511796), (56.8601822, 60.5519199), (56.8597423, 60.5527353), (56.8598068, 60.5544305), (56.8602409, 60.5581105), (56.8603699, 60.5588615), (56.8606221, 60.559119), (56.8639241, 60.5589688), (56.8664546, 60.5598861), (56.8673958, 60.5576384), (56.8695303, 60.5522793)]",462259.829068467,9638
way/767570978,56.86864874375,60.56129765625,"[(56.8697911, 60.5590191), (56.8682733, 60.5613929), (56.8681768, 60.5615822), (56.8674569, 60.5627402), (56.8670077, 60.5618054), (56.8675677, 60.5609046), (56.8672609, 60.5602187), (56.8665381, 60.5614847), (56.8662259, 60.5631745), (56.8671935, 60.5653685), (56.8689087, 60.5644727), (56.8693368, 60.564065), (56.8719628, 60.5598534), (56.8717293, 60.5589084), (56.8711593, 60.5567531), (56.8697911, 60.5590191)]",136021.94791172445,6245
way/767570979,56.872244155555556,60.5538602,"[(56.8715137, 60.550218), (56.8708672, 60.5502945), (56.8702105, 60.5514318), (56.8707265, 60.5523759), (56.8714213, 60.5513567), (56.8720048, 60.552628), (56.8713011, 60.5537331), (56.8719872, 60.5563456), (56.872808, 60.5549508), (56.8733035, 60.5561095), (56.8722891, 60.5576545), (56.8726732, 60.5585021), (56.8731745, 60.557853), (56.87294, 60.5573755), (56.8747663, 60.5546826), (56.8749891, 60.5534434), (56.8719051, 60.5503106), (56.8715137, 60.550218)]",107049.24468354881,6388
way/767601289,56.83747712,60.56989835,"[(56.8356103, 60.5682385), (56.8354754, 60.571425), (56.8378838, 60.5717962), (56.8379094, 60.5710244), (56.8376722, 60.5709949), (56.837685, 60.5705061), (56.8378842, 60.5705218), (56.8379083, 60.5698217), (56.8383923, 60.5698732), (56.8383511, 60.5702367), (56.8390671, 60.5708832), (56.8393033, 60.5700195), (56.8382748, 60.5690056), (56.837485, 60.5689109), (56.8374576, 60.5694435), (56.8372034, 60.5694077), (56.8371896, 60.5696479), (56.8365626, 60.5695624), (56.8366167, 60.5684093), (56.8356103, 60.5682385)]",51823.75918699056,2145
way/767601290,56.836037420000004,60.567166220000004,"[(56.8356305, 60.5678228), (56.8365892, 60.5679813), (56.836649, 60.5661547), (56.8356879, 60.5660495), (56.8356305, 60.5678228)]",11796.39055904746,845
way/767601291,56.839442559999995,60.55860256,"[(56.8396106, 60.5584305), (56.8391962, 60.5584423), (56.8391934, 60.5588566), (56.839602, 60.5588529), (56.8396106, 60.5584305)]",1169.7297320738435,68
way/767601292,56.838167739999996,60.56044802,"[(56.8386064, 60.5615115), (56.8386101, 60.558887), (56.8375486, 60.5588508), (56.8374672, 60.5614793), (56.8386064, 60.5615115)]",19653.038074534386,845
way/767601293,56.8366461,60.55994263333333,"[(56.8372742, 60.5589902), (56.8360006, 60.5588226), (56.8359669, 60.5606384), (56.836198, 60.5610408), (56.8371627, 60.5611736), (56.8372742, 60.5589902)]",18169.656883344054,2340
way/767601294,56.83684092,60.55744582,"[(56.8374121, 60.5567586), (56.836041, 60.5566541), (56.8359772, 60.5584323), (56.8373622, 60.5586255), (56.8374121, 60.5567586)]",17128.668615445495,1238
way/767601295,56.83664976,60.554630859999996,"[(56.8361665, 60.5534542), (56.8360659, 60.5561444), (56.837396, 60.5563617), (56.8374539, 60.5537398), (56.8361665, 60.5534542)]",23762.553860992193,1332
way/767601296,56.838136899999995,60.542239280000004,"[(56.8391082, 60.5434924), (56.8391405, 60.5405742), (56.8367313, 60.5402791), (56.8365963, 60.5433583), (56.8391082, 60.5434924)]",50271.91682128608,1212
way/767601297,56.83854333333333,60.546842533333326,"[(56.8378039, 60.5484197), (56.8391463, 60.5487442), (56.8392285, 60.547092), (56.8392138, 60.5442434), (56.8380636, 60.5441362), (56.8378039, 60.5484197)]",38322.63526044041,462
way/767601298,56.83700856,60.54659064,"[(56.8364085, 60.5481756), (56.8377016, 60.5484263), (56.8379748, 60.5441468), (56.8365494, 60.5440289), (56.8364085, 60.5481756)]",39183.11038930714,1238
way/767601299,56.837568000000005,60.550279075,"[(56.8362794, 60.5508041), (56.8369279, 60.5509382), (56.8371011, 60.5511743), (56.8391141, 60.5515337), (56.8392168, 60.5495059), (56.8392138, 60.549109), (56.8364115, 60.5483633), (56.8362794, 60.5508041)]",48431.763155028224,2282
way/767601300,56.83724568571428,60.55205171428571,"[(56.8362002, 60.5528426), (56.8389556, 60.5534112), (56.8390627, 60.5516973), (56.837079, 60.5513808), (56.8369456, 60.5511447), (56.8362765, 60.5510428), (56.8362002, 60.5528426)]",32542.56803508103,1300
way/767601301,56.83935672,60.59991592,"[(56.8390686, 60.6009105), (56.8400295, 60.6006074), (56.8398388, 60.5983704), (56.8387781, 60.5987808), (56.8390686, 60.6009105)]",15582.832689791918,782
way/767601302,56.840752125,60.59053323333333,"[(56.8392256, 60.5904257), (56.8395513, 60.5941808), (56.8409714, 60.5937999), (56.8419734, 60.5911043), (56.8416741, 60.5907369), (56.8418208, 60.590356), (56.8414511, 60.5898303), (56.8414981, 60.5887574), (56.8411383, 60.5884052), (56.840789, 60.5884069), (56.8397068, 60.5899697), (56.8392256, 60.5904257)]",71098.8190123192,3058
way/767601303,56.83896358333334,60.58576016666667,"[(56.8388135, 60.5865657), (56.8392774, 60.5864495), (56.8391434, 60.5850613), (56.8390539, 60.5848843), (56.8386798, 60.5850345), (56.8388135, 60.5865657)]",4912.233446627855,585
way/767601304,56.840647700000005,60.584485683333334,"[(56.8410742, 60.5848181), (56.8414467, 60.585532), (56.8426145, 60.5831301), (56.8414027, 60.5813008), (56.8404374, 60.5838436), (56.8402496, 60.5840474), (56.8395917, 60.5843152), (56.8393218, 60.5851951), (56.8400284, 60.5858642), (56.8401664, 60.5857672), (56.8403648, 60.5851964), (56.8410742, 60.5848181)]",43442.7459359467,2600
way/767601305,56.840309059999996,60.57204672666667,"[(56.8400895, 60.5703835), (56.8399623, 60.570448), (56.8394311, 60.5721963), (56.8397517, 60.5724697), (56.8398045, 60.5725211), (56.8398492, 60.572562), (56.8399043, 60.5726123), (56.8400787, 60.5727674), (56.8400787, 60.5728845), (56.8405327, 60.573332), (56.8407631, 60.5723262), (56.840857, 60.5723959), (56.84179, 60.5726051), (56.8416536, 60.5708134), (56.8400895, 60.5703835)]",29212.18063949421,1365
way/767601306,56.83997475555556,60.57830656666667,"[(56.8394005, 60.5797471), (56.8393753, 60.5797799), (56.8394246, 60.5801605), (56.8394499, 60.5804052), (56.8398931, 60.5802414), (56.8408981, 60.5798364), (56.8417343, 60.5742627), (56.8412766, 60.5740696), (56.8408922, 60.5750781), (56.8407249, 60.5755556), (56.8403582, 60.5776691), (56.8399321, 60.5783656), (56.8397878, 60.5781805), (56.8395381, 60.5778958), (56.8390805, 60.579283), (56.8391735, 60.5794769), (56.8392054, 60.5797637), (56.8394005, 60.5797471)]",44995.51326137595,68
way/767601307,56.84511164,60.583528333333334,"[(56.8432101, 60.5827492), (56.8435182, 60.5831408), (56.8437588, 60.5824596), (56.8440081, 60.5827922), (56.8444981, 60.5821189), (56.8449323, 60.5821967), (56.8460648, 60.5836451), (56.8463435, 60.584718), (56.8458799, 60.5860108), (56.846807, 60.5873224), (56.8469595, 60.5869389), (56.8467571, 60.5841172), (56.8463493, 60.5821538), (56.8443778, 60.5798122), (56.8432101, 60.5827492)]",52999.69388845563,2242
way/767601308,56.84387742222222,60.57810262222222,"[(56.8444937, 60.5787473), (56.8444981, 60.5767277), (56.8432644, 60.5767599), (56.8429879, 60.5774723), (56.8437996, 60.5774503), (56.843803, 60.5780948), (56.8434361, 60.5790203), (56.8441203, 60.5799037), (56.8444937, 60.5787473)]",17979.146175043657,1495
way/767601309,56.8428221,60.575835700000006,"[(56.8444637, 60.5733923), (56.8422168, 60.5736026), (56.8419945, 60.5736665), (56.8418582, 60.5745023), (56.8409832, 60.5798417), (56.841468, 60.5805043), (56.8431133, 60.5765104), (56.8431791, 60.5765066), (56.8444805, 60.576438), (56.8444637, 60.5733923)]",82904.66170363035,6182
way/767601310,56.845747849999995,60.57815555,"[(56.8461289, 60.5774146), (56.846031, 60.5734125), (56.8446169, 60.5734339), (56.8446595, 60.5789459), (56.8444658, 60.5795333), (56.8463244, 60.5818802), (56.8465945, 60.5817916), (56.846389, 60.579591), (56.8461396, 60.5781379), (56.8461289, 60.5774146)]",79564.53879776224,4420
way/767830855,56.78109999090909,60.508638972727276,"[(56.7830332, 60.5059866), (56.7823055, 60.5073294), (56.7813542, 60.5056081), (56.7803366, 60.5073953), (56.7808584, 60.5083835), (56.7801294, 60.5098709), (56.7793886, 60.5112381), (56.7786875, 60.5125114), (56.7794953, 60.5139348), (56.783478, 60.506784), (56.7830332, 60.5059866)]",87160.60313123465,682
way/769382915,56.83049346,60.57049575999999,"[(56.8310051, 60.5710973), (56.8310397, 60.5697608), (56.829715, 60.5695962), (56.8297024, 60.5709272), (56.8310051, 60.5710973)]",11938.226031646132,945
way/769382916,56.832024350000005,60.570596450000004,"[(56.832362, 60.5711665), (56.8324026, 60.570172), (56.8323014, 60.5700665), (56.8314096, 60.5699522), (56.8313085, 60.571055), (56.832362, 60.5711665)]",7654.598711878061,1340
way/769382917,56.83162944000001,60.564149,"[(56.8328074, 60.5621986), (56.8301461, 60.5619064), (56.829771, 60.5670228), (56.8326153, 60.5674186), (56.8328074, 60.5621986)]",97378.25448071957,3125
way/769382918,56.834391385714284,60.56532154285714,"[(56.8351428, 60.562475), (56.8330378, 60.5622018), (56.8328351, 60.5674198), (56.8346867, 60.5676601), (56.8349401, 60.567693), (56.8349544, 60.5673261), (56.8351428, 60.562475)]",75040.13315582275,52
way/769382919,56.83353966666667,60.5395733,"[(56.8348943, 60.5437446), (56.8352611, 60.5358857), (56.8328429, 60.5355853), (56.8319361, 60.5354512), (56.8314093, 60.5430284), (56.8348943, 60.5437446)]",180212.18323287368,1722
way/769382920,56.833459340000005,60.54446588,"[(56.8348509, 60.5452054), (56.8349125, 60.5439254), (56.831372, 60.5433566), (56.8313104, 60.5446366), (56.8348509, 60.5452054)]",31044.106730222702,2670
way/769382921,56.834259239999994,60.554137600000004,"[(56.8334548, 60.5527085), (56.8333419, 60.5559218), (56.8354666, 60.5562115), (56.8355781, 60.5531377), (56.8334548, 60.5527085)]",45659.86000850797,1660
way/769382922,56.8336678,60.55004421111111,"[(56.8308935, 60.551673), (56.8332509, 60.5522954), (56.8359302, 60.5528963), (56.8359522, 60.5524966), (56.835383, 60.5523759), (56.8355986, 60.5459762), (56.8338443, 60.5457139), (56.831264, 60.5452976), (56.8308935, 60.551673)]",201035.0578212589,5860
way/769382923,56.83088613333334,60.55366898333333,"[(56.8309228, 60.5522969), (56.8307468, 60.554379), (56.8307093, 60.555317), (56.8309405, 60.555329), (56.8310746, 60.5523951), (56.8309228, 60.5522969)]",4236.462984728627,455
way/769382924,56.8315244,60.55856581875,"[(56.8328719, 60.5562553), (56.8306774, 60.5559265), (56.8306033, 60.5575811), (56.8307749, 60.5577694), (56.8316946, 60.5577971), (56.8315566, 60.5594518), (56.8314353, 60.5597641), (56.8308029, 60.5596885), (56.8308188, 60.5591272), (56.8305524, 60.559128), (56.830439, 60.5603496), (56.8314449, 60.5604841), (56.8319026, 60.5603002), (56.83292, 60.5603791), (56.8330239, 60.5567958), (56.8328719, 60.5562553)]",56899.72822107957,2002
way/769382925,56.83444844,60.55822562000001,"[(56.8352754, 60.556417), (56.8333659, 60.5562106), (56.8331904, 60.5609547), (56.8351351, 60.5611288), (56.8352754, 60.556417)]",62137.443164289,2542
way/769406952,56.82093811111111,60.58182737777778,"[(56.8227121, 60.5861932), (56.8220499, 60.579643), (56.8219856, 60.5778944), (56.8214672, 60.5774079), (56.8212746, 60.5777367), (56.8207416, 60.5773205), (56.8174174, 60.5862174), (56.8180825, 60.5878401), (56.8227121, 60.5861932)]",220505.5449707508,13550
way/769406953,56.8265237875,60.579249975,"[(56.8253673, 60.5729914), (56.8249916, 60.5810273), (56.8253673, 60.5854475), (56.8291068, 60.5843854), (56.8289864, 60.5837712), (56.8273486, 60.5803299), (56.825655, 60.5730557), (56.8253673, 60.5729914)]",166462.14897666126,6908
way/769406954,56.82350441999999,60.577596189999994,"[(56.8248477, 60.573898), (56.8228193, 60.5715027), (56.8211387, 60.5760706), (56.8215423, 60.5765587), (56.8221279, 60.5773446), (56.8230101, 60.5862951), (56.8251383, 60.5854529), (56.8246863, 60.5809361), (56.8248859, 60.5740052), (56.8248477, 60.573898)]",233659.82326887548,11192
way/769406955,56.82444495714286,60.56991292857143,"[(56.8245322, 60.5723744), (56.8249373, 60.5724227), (56.8250708, 60.5672032), (56.8244837, 60.5671656), (56.8243517, 60.5672353), (56.8232068, 60.5706149), (56.8245322, 60.5723744)]",42025.80462664366,2440
way/769406956,56.813307183333336,60.56560398333334,"[(56.8143133, 60.5697477), (56.816523, 60.5638012), (56.8122914, 60.5585523), (56.8100814, 60.5644988), (56.8123207, 60.5672762), (56.8143133, 60.5697477)]",250038.27516174316,9635
way/769406957,56.81562342857143,60.55759011428571,"[(56.8188322, 60.5577035), (56.8144661, 60.552545), (56.8131905, 60.556149), (56.8139045, 60.5569925), (56.8132431, 60.5588612), (56.8168954, 60.5631761), (56.8188322, 60.5577035)]",217585.75216960907,8912
way/769406958,56.8192074375,60.56410104375,"[(56.8211989, 60.5683994), (56.8222909, 60.5623591), (56.819273, 60.5579281), (56.8184865, 60.5607899), (56.8178816, 60.5624921), (56.8177357, 60.5625833), (56.8178567, 60.5629513), (56.8182928, 60.5635187), (56.8180681, 60.5642433), (56.8184619, 60.5647315), (56.8185415, 60.5646394), (56.8190543, 60.565256), (56.819345, 60.5652264), (56.8197763, 60.5657712), (56.8198569, 60.5663276), (56.8211989, 60.5683994)]",165905.7071167715,8425
way/769406959,56.817652011111115,60.575555162962964,"[(56.8215012, 60.5697513), (56.8168802, 60.5640596), (56.814725, 60.570352), (56.815603, 60.571543), (56.8161814, 60.5728251), (56.8174909, 60.5722457), (56.8175672, 60.5724066), (56.818037, 60.572235), (56.8181691, 60.5724549), (56.8182513, 60.5744612), (56.8166071, 60.5745685), (56.8167311, 60.5756763), (56.8181045, 60.5756736), (56.8180634, 60.5771327), (56.8178755, 60.5782163), (56.8169007, 60.578152), (56.8168773, 60.5788976), (56.8175966, 60.5789459), (56.8174263, 60.5804264), (56.8167686, 60.5802333), (56.8166071, 60.5809414), (56.8159319, 60.5840152), (56.8159524, 60.5850506), (56.8172413, 60.5846536), (56.8213573, 60.573096), (56.8206557, 60.5722243), (56.8215012, 60.5697513)]",418232.4598814971,27122
way/769406960,56.816176508333335,60.54903958333333,"[(56.8162519, 60.5512869), (56.8163106, 60.5510563), (56.816199, 60.5506754), (56.816795, 60.5490178), (56.8183511, 60.547316), (56.8170975, 60.5432564), (56.8153887, 60.546872), (56.8151655, 60.5478913), (56.8152125, 60.5493289), (56.8155854, 60.5500746), (56.815509, 60.5504125), (56.8162519, 60.5512869)]",84275.34979858994,2442
way/769406961,56.81701760000001,60.55218492,"[(56.8163576, 60.5512279), (56.8162548, 60.5514908), (56.8179871, 60.5536848), (56.8181309, 60.5532932), (56.8163576, 60.5512279)]",5686.516688853502,390
way/769406962,56.81822678333333,60.55000705555555,"[(56.8194088, 60.5504751), (56.8189637, 60.5490674), (56.8185776, 60.5478495), (56.8183634, 60.5477371), (56.8180481, 60.5480611), (56.817965, 60.5481756), (56.8182486, 60.5490719), (56.8176264, 60.5497566), (56.8174118, 60.5490518), (56.8172392, 60.5490451), (56.8167433, 60.550229), (56.8164652, 60.5510829), (56.8182106, 60.5530717), (56.8183077, 60.5529762), (56.8188153, 60.5517703), (56.8190316, 60.551347), (56.819247, 60.5508836), (56.8194088, 60.5504751)]",54835.14336225763,1885
way/769406963,56.81972755555555,60.55236203333334,"[(56.8191036, 60.5521811), (56.8203269, 60.5539969), (56.8205518, 60.5535442), (56.8204765, 60.5531142), (56.8199768, 60.552239), (56.8195952, 60.5510604), (56.8193304, 60.5512055), (56.8190832, 60.5517359), (56.8191036, 60.5521811)]",12141.090429395437,650
way/769406964,56.81948113999999,60.55403818,"[(56.8193613, 60.5529587), (56.8188041, 60.5544756), (56.8196695, 60.5555874), (56.8202095, 60.5542105), (56.8193613, 60.5529587)]",12838.882589936256,520
way/769406965,56.821110537500005,60.540492325,"[(56.8224651, 60.5411036), (56.8202682, 60.5366313), (56.8198895, 60.5368727), (56.8192671, 60.5382514), (56.820644, 60.5433369), (56.8210491, 60.5443132), (56.8228362, 60.5423259), (56.8224651, 60.5411036)]",89585.15830880404,2320
way/769406966,56.82278818333333,60.54426873333333,"[(56.823218, 60.5424727), (56.821306, 60.5444204), (56.8220384, 60.5457374), (56.8229294, 60.5467861), (56.8240193, 60.5437231), (56.823218, 60.5424727)]",40483.28992712498,1968
way/769406967,56.81842906666667,60.54161725555556,"[(56.8182924, 60.5416578), (56.8186271, 60.5412125), (56.8185801, 60.5409443), (56.8194726, 60.5401075), (56.8190851, 60.5388468), (56.8172325, 60.542897), (56.8175584, 60.5441737), (56.818721, 60.5430579), (56.8182924, 60.5416578)]",26056.05176472664,2092
way/769406968,56.81956616,60.54450316,"[(56.8208084, 60.5445117), (56.8199746, 60.5419904), (56.8176758, 60.5444205), (56.8185636, 60.5470815), (56.8208084, 60.5445117)]",54663.3057949543,2455
way/769406970,56.827790172727276,60.556602218181816,"[(56.8305743, 60.5519521), (56.8263536, 60.5508041), (56.8259192, 60.5562222), (56.825928, 60.5571529), (56.8261011, 60.5577202), (56.8262834, 60.5582109), (56.8263962, 60.5584579), (56.8274925, 60.5601382), (56.8299756, 60.5605352), (56.8300937, 60.5594786), (56.8305743, 60.5519521)]",246005.72139137983,9550
way/769406971,56.8291079,60.5473341,"[(56.8309206, 60.5451608), (56.8268232, 60.5442059), (56.8264138, 60.5505506), (56.8304613, 60.5515924), (56.8309206, 60.5451608)]",179813.03420948982,6098
way/769406972,56.829531878947364,60.5367204368421,"[(56.8308339, 60.5425108), (56.8315076, 60.5354002), (56.8303997, 60.5351776), (56.830128, 60.5389927), (56.8289358, 60.5387579), (56.8291332, 60.5359554), (56.8283084, 60.5357355), (56.8284552, 60.5334878), (56.8292917, 60.5336487), (56.8294987, 60.5313966), (56.8306207, 60.5315829), (56.8307357, 60.5297408), (56.8277566, 60.5296388), (56.8276862, 60.5305615), (56.8267117, 60.5435971), (56.8297992, 60.5438319), (56.8298926, 60.5425622), (56.8305769, 60.5425991), (56.8308339, 60.5425108)]",269617.2409980744,11075
way/769968680,56.78175162857143,60.54595391428571,"[(56.7848402, 60.5433635), (56.7831021, 60.5401691), (56.7795123, 60.5467274), (56.7800707, 60.5477947), (56.7793683, 60.5490768), (56.7805276, 60.5511824), (56.7848402, 60.5433635)]",175547.745767951,8392
way/769968681,56.79572445833333,60.57327245833333,"[(56.7940471, 60.5689627), (56.7922946, 60.5734527), (56.7962653, 60.5783772), (56.7963717, 60.5780854), (56.7968931, 60.5766887), (56.7983177, 60.5728465), (56.7979938, 60.5724227), (56.7968364, 60.5724871), (56.7960844, 60.5743539), (56.7943863, 60.5722886), (56.795156, 60.5703413), (56.7940471, 60.5689627)]",152286.36022379994,7718
way/769968682,56.79505327272727,60.58545761818182,"[(56.7959904, 60.5880761), (56.7967013, 60.5863917), (56.7964192, 60.5827331), (56.7954204, 60.5815852), (56.7943217, 60.5844498), (56.7941236, 60.5844435), (56.7940049, 60.5847552), (56.7939457, 60.5864668), (56.7942115, 60.5868577), (56.7944569, 60.5861986), (56.7959904, 60.5880761)]",74458.24525852222,4070
way/769968683,56.79733203333333,60.58912997037037,"[(56.8010839, 60.5855334), (56.7973571, 60.580527), (56.7967703, 60.5821243), (56.7967013, 60.5830336), (56.7967953, 60.5841762), (56.7975825, 60.5838597), (56.7981994, 60.5846697), (56.7973563, 60.5870354), (56.7983933, 60.5882585), (56.7977882, 60.5901682), (56.7972594, 60.5897498), (56.7971125, 60.5885589), (56.7965191, 60.5877435), (56.7959198, 60.5893636), (56.7958493, 60.5903184), (56.7959845, 60.5917883), (56.797092, 60.591445), (56.7971595, 60.5920511), (56.7969128, 60.5927968), (56.7971625, 60.5930972), (56.7967953, 60.5941218), (56.7963928, 60.5935854), (56.7962283, 60.5940735), (56.7962959, 60.5946636), (56.7979644, 60.5943096), (56.7982053, 60.5939233), (56.8010839, 60.5855334)]",224916.20854902267,11098
way/769968684,56.80390278181819,60.57415616363637,"[(56.8020238, 60.5682921), (56.797841, 60.5796432), (56.8017008, 60.5842674), (56.8052859, 60.5749038), (56.8053075, 60.5748474), (56.8055394, 60.5742157), (56.8059771, 60.5730235), (56.8058364, 60.5728551), (56.805733, 60.5727304), (56.8056619, 60.5726471), (56.8020238, 60.5682921)]",435765.36665273085,12445
way/769968685,56.79828552222222,60.569088444444446,"[(56.8014599, 60.5673909), (56.7978763, 60.5629384), (56.7963311, 60.5669618), (56.79723, 60.5681312), (56.7961313, 60.5711031), (56.7969774, 60.5721867), (56.7979644, 60.5720794), (56.7991394, 60.5736136), (56.8014599, 60.5673909)]",213328.11673420668,13262
way/769968686,56.807646780000006,60.5545583,"[(56.8079937, 60.5522802), (56.8062791, 60.5569339), (56.8071264, 60.5579754), (56.808841, 60.5533218), (56.8079937, 60.5522802)]",38969.35622012615,1400
way/769968687,56.80523905882353,60.54810667647059,"[(56.8094601, 60.5471778), (56.809328, 60.5467954), (56.8076602, 60.544725), (56.8072006, 60.5459209), (56.8069085, 60.5466553), (56.806748, 60.5458704), (56.8072478, 60.5444475), (56.8066341, 60.5434255), (56.8057246, 60.5425751), (56.8052723, 60.5422157), (56.8042972, 60.5429131), (56.8039142, 60.5434846), (56.7986488, 60.5565655), (56.7985269, 60.5569088), (56.7985461, 60.5573407), (56.8034865, 60.5636144), (56.8094601, 60.5471778)]",785384.0369614959,23872
way/769969371,56.81440098571428,60.612084857142854,"[(56.8136768, 60.6114113), (56.814038, 60.6145549), (56.8159847, 60.6137395), (56.81565, 60.610789), (56.8139381, 60.6113289), (56.8138425, 60.6113591), (56.8136768, 60.6114113)]",42316.76490284875,1085
way/769969372,56.8146282,60.609333344444444,"[(56.813657, 60.6110345), (56.8153935, 60.6103805), (56.8152631, 60.6090782), (56.8150728, 60.6091631), (56.8149998, 60.6084718), (56.8151161, 60.6084067), (56.8150643, 60.607927), (56.8134302, 60.6085038), (56.813657, 60.6110345)]",29209.27350513637,1605
way/769969373,56.814005151515154,60.60411619090909,"[(56.8128204, 60.6001904), (56.8130065, 60.6028476), (56.8131727, 60.6027874), (56.8131415, 60.6023294), (56.8132773, 60.6022731), (56.8132019, 60.601293), (56.8141638, 60.6009692), (56.8142302, 60.6013736), (56.8144532, 60.6012502), (56.8144709, 60.6014453), (56.8146883, 60.6041005), (56.8135542, 60.6044306), (56.813515, 60.604336), (56.8134603, 60.6039087), (56.8131092, 60.6040117), (56.8131224, 60.6042068), (56.8133494, 60.6066225), (56.8134048, 60.6072644), (56.8134332, 60.6079258), (56.8140416, 60.6077086), (56.8138596, 60.6063431), (56.8141327, 60.6062731), (56.8148193, 60.6060313), (56.8149514, 60.6074033), (56.8150458, 60.6073389), (56.8154581, 60.6071551), (56.8153546, 60.606054), (56.8150159, 60.6059943), (56.8149061, 60.6047401), (56.8148276, 60.6038235), (56.8148745, 60.6035141), (56.8144872, 60.5996983), (56.8128204, 60.6001904)]",55641.56379427388,4585
way/769969374,56.811273719999996,60.60234788,"[(56.8104308, 60.6038265), (56.8128016, 60.603011), (56.8125579, 60.6001331), (56.8101475, 60.6009423), (56.8104308, 60.6038265)]",48301.21359705925,1982
way/769969375,56.81001523571428,60.59484639285714,"[(56.8070696, 60.5933574), (56.8075571, 60.5983329), (56.8085703, 60.5980486), (56.8084645, 60.5967074), (56.8095159, 60.5963159), (56.8094131, 60.5950498), (56.8113865, 60.5943632), (56.8115274, 60.5953181), (56.8123144, 60.596863), (56.8144461, 60.5962944), (56.8139, 60.590415), (56.8118387, 60.590812), (56.8071401, 60.5926144), (56.8070696, 60.5933574)]",231665.07022729516,13570
way/769969376,56.80961362000001,60.59961444,"[(56.8078449, 60.6010339), (56.8124759, 60.5996364), (56.8122645, 60.5974907), (56.8076379, 60.5988773), (56.8078449, 60.6010339)]",69708.15002918243,4518
way/769969377,56.81096928888889,60.61069338333333,"[(56.8096868, 60.6111905), (56.8095348, 60.6116768), (56.8095449, 60.6118974), (56.8094486, 60.6120188), (56.8094944, 60.6124325), (56.8107979, 60.6118973), (56.8132558, 60.6111688), (56.8133691, 60.6109817), (56.8132799, 60.6099072), (56.8131324, 60.6088872), (56.8122865, 60.6091532), (56.8111454, 60.609491), (56.8111924, 60.6099111), (56.8110018, 60.6103126), (56.8106181, 60.6104454), (56.8104513, 60.6097963), (56.8095203, 60.6101226), (56.8096868, 60.6111905)]",54569.84129279852,3420
way/769969378,56.81174735,60.606605460000004,"[(56.8119577, 60.6083735), (56.8120115, 60.6082011), (56.811988, 60.6080326), (56.8116773, 60.6081783), (56.8112237, 60.6083013), (56.8111224, 60.6074079), (56.8112839, 60.6073675), (56.8116717, 60.6072433), (56.811669, 60.606936), (56.8116303, 60.6068574), (56.8115417, 60.6059794), (56.8114938, 60.60537), (56.8115384, 60.604715), (56.8125125, 60.6042784), (56.8126079, 60.6051485), (56.8128541, 60.6050404), (56.8127034, 60.6034505), (56.8104973, 60.604096), (56.8110047, 60.6087586), (56.8119577, 60.6083735)]",33142.61050506309,2015
way/769969379,56.809478038461535,60.604432230769234,"[(56.8087024, 60.6097323), (56.8108285, 60.6089812), (56.8102148, 60.6029892), (56.8100122, 60.6030536), (56.8100915, 60.6039762), (56.8094043, 60.6042123), (56.8091782, 60.6018788), (56.8099916, 60.6016132), (56.8099372, 60.6009749), (56.8088317, 60.6012297), (56.8091459, 60.6044644), (56.8081738, 60.6047809), (56.8087024, 60.6097323)]",86742.62030228972,3740
way/770856456,56.78405652857143,60.65324292857143,"[(56.784241, 60.6525376), (56.7841915, 60.6526072), (56.7839704, 60.6529177), (56.7839526, 60.6529427), (56.7837704, 60.6531985), (56.7836127, 60.65342), (56.7836803, 60.6535689), (56.7839726, 60.6538537), (56.784002, 60.6539056), (56.7841584, 60.6539336), (56.7842084, 60.6537299), (56.7843522, 60.653261), (56.7844379, 60.652987), (56.784241, 60.6525376)]",4047.05277117528,910
way/770856470,56.78003785789474,60.654114684210526,"[(56.7802354, 60.6540005), (56.7800885, 60.6532495), (56.7798616, 60.6520254), (56.7799806, 60.6519181), (56.7798072, 60.6509686), (56.7794795, 60.6512127), (56.7793899, 60.6517009), (56.7795266, 60.6524492), (56.7796888, 60.6534849), (56.7799351, 60.6551234), (56.780013, 60.6555364), (56.7801246, 60.6560622), (56.7801981, 60.6563706), (56.7802716, 60.6565986), (56.7802973, 60.6565759), (56.7804399, 60.6564174), (56.7807579, 60.6559687), (56.7803883, 60.6545155), (56.7802354, 60.6540005)]",18127.664430087432,35
way/770861101,56.79768898571428,60.64021495714286,"[(56.7971667, 60.639288), (56.796865, 60.6404225), (56.798064, 60.6409641), (56.7980985, 60.6409041), (56.7982292, 60.6403462), (56.7982328, 60.6402918), (56.7971667, 60.639288)]",8260.196271475405,8
way/771315072,56.798129200000005,60.63820632380953,"[(56.8005214, 60.6384963), (56.7997903, 60.6349622), (56.7992334, 60.6324398), (56.7987164, 60.6319678), (56.797194, 60.6370299), (56.7969157, 60.6378123), (56.7964178, 60.6395235), (56.7965154, 60.6400533), (56.796829, 60.6402504), (56.7969946, 60.6395618), (56.7970466, 60.6392751), (56.7970824, 60.6388812), (56.7972928, 60.638098), (56.797583, 60.6385991), (56.7975994, 60.639084), (56.7982288, 60.6398749), (56.7983536, 60.6396516), (56.7988625, 60.639381), (56.7989074, 60.639824), (56.8001073, 60.6390703), (56.8005214, 60.6384963)]",115865.55319584906,9030
way/771315073,56.800813675,60.63567745,"[(56.8006782, 60.6386709), (56.801595, 60.6376219), (56.802018, 60.6365812), (56.8012188, 60.6328314), (56.8004983, 60.6333849), (56.8000334, 60.6336811), (56.7997895, 60.6339773), (56.8006782, 60.6386709)]",51132.33913004398,2508
way/771315075,56.80351968888889,60.62477872222222,"[(56.8048657, 60.6253962), (56.804063, 60.622302), (56.8023298, 60.6237607), (56.8025496, 60.6245649), (56.8034072, 60.6239426), (56.8036302, 60.6249051), (56.8027789, 60.6255891), (56.8031871, 60.6271517), (56.8048657, 60.6253962)]",39939.71979212761,3615
way/771315076,56.792375757692305,60.62254267211539,"[(56.792414, 60.630294), (56.7924119, 60.6259808), (56.792411, 60.625792), (56.7924109, 60.6257741), (56.7924365, 60.6256118), (56.7924466, 60.6255642), (56.7924597, 60.6243246), (56.7924598, 60.6236954), (56.7924512, 60.6220272), (56.792447, 60.6213802), (56.7924434, 60.6208233), (56.792446, 60.6205), (56.7924532, 60.619582), (56.7924585, 60.6180991), (56.7924582, 60.6180002), (56.7924514, 60.6166465), (56.7924556, 60.6161137), (56.7921855, 60.6161088), (56.7922024, 60.6128739), (56.7930467, 60.6128597), (56.7930672, 60.6120765), (56.7938223, 60.6120604), (56.7938164, 60.6139111), (56.7957241, 60.6138775), (56.7957154, 60.6130799), (56.7952991, 60.613073), (56.7953032, 60.612425), (56.7950993, 60.6124078), (56.7950922, 60.610691), (56.7948318, 60.6107009), (56.7946051, 60.6106971), (56.7946034, 60.6105549), (56.794606, 60.6103288), (56.7945483, 60.610331), (56.7945474, 60.6101863), (56.7944703, 60.6101853), (56.7944764, 60.6096339), (56.7945154, 60.6091061), (56.7945249, 60.6090708), (56.7932647, 60.6074853), (56.7931787, 60.607436), (56.7930894, 60.6074322), (56.7930142, 60.607489), (56.7929557, 60.6076043), (56.7925947, 60.6098276), (56.7924585, 60.6105588), (56.7923878, 60.6108469), (56.7922009, 60.6112572), (56.7919326, 60.6116967), (56.7913864, 60.6123553), (56.7913662, 60.6155022), (56.791205, 60.6155141), (56.7911958, 60.6168133), (56.7909519, 60.6170976), (56.7901351, 60.6170815), (56.7899676, 60.6168079), (56.7897333, 60.6165912), (56.7895982, 60.6170839), (56.7893984, 60.6178507), (56.789185, 60.6188337), (56.7904403, 60.6188234), (56.7904319, 60.6203055), (56.7903276, 60.6204289), (56.7902115, 60.6209573), (56.7902086, 60.6234008), (56.7900058, 60.6250155), (56.7898354, 60.6252086), (56.7898208, 60.6313052), (56.789809, 60.6333062), (56.7899066, 60.6345174), (56.7900314, 60.6346477), (56.7902066, 60.6348407), (56.7904314, 60.6350828), (56.7906261, 60.6353019), (56.7905911, 60.6354386), (56.7906619, 60.6355259), (56.7907132, 60.6355821), (56.7908494, 60.6357312), (56.7912512, 60.6361386), (56.7918081, 60.6366244), (56.7921909, 60.6367859), (56.7923007, 60.6367702), (56.7925514, 60.6367345), (56.7927724, 60.6366172), (56.7928609, 60.6365513), (56.7929817, 60.636435), (56.7932217, 60.6361524), (56.7934272, 60.6358902), (56.7935458, 60.6357547), (56.7935633, 60.6356999), (56.7935728, 60.6356495), (56.7935697, 60.6355594), (56.7935524, 60.6354895), (56.7932876, 60.6347535), (56.7930316, 60.634029), (56.7929124, 60.6335878), (56.7928555, 60.6333686), (56.7926782, 60.6324112), (56.7926667, 60.6323406), (56.7926363, 60.6320974), (56.7925933, 60.631823), (56.7924777, 60.631094), (56.7924289, 60.6307522), (56.792414, 60.630294)]",460209.4606040969,21870
way/771315077,56.79417775882353,60.61689027647059,"[(56.7957211, 60.6145087), (56.7950513, 60.6144668), (56.7949109, 60.614493), (56.7948104, 60.614547), (56.7940171, 60.6145446), (56.7932435, 60.6153332), (56.7930763, 60.6155037), (56.7928087, 60.6155085), (56.7926514, 60.6158078), (56.792627, 60.6166836), (56.792628, 60.6211498), (56.7930213, 60.6211561), (56.7935777, 60.6205687), (56.7957172, 60.6205734), (56.7957176, 60.6202935), (56.7957213, 60.6174876), (56.7957211, 60.6145087)]",123531.58137296466,6078
way/771842726,56.76630922352941,60.548106770588234,"[(56.765797, 60.550746), (56.7660989, 60.550448), (56.7661219, 60.549998), (56.7659184, 60.5494353), (56.7660966, 60.5488625), (56.7666388, 60.5488704), (56.7688404, 60.5462804), (56.7686449, 60.5458545), (56.7674723, 60.5458806), (56.7669701, 60.5466041), (56.7667888, 60.5476236), (56.765893, 60.5477232), (56.7659038, 60.5457926), (56.7645827, 60.5457682), (56.7645985, 60.5476845), (56.7650937, 60.5494972), (56.765797, 60.550746)]",62127.26604244299,1602
way/771844092,56.78009766666666,60.61199355555555,"[(56.779295, 60.6112898), (56.779086, 60.6134143), (56.7799472, 60.6137717), (56.7801294, 60.6126666), (56.780341, 60.6125271), (56.7802382, 60.6114328), (56.7813064, 60.6109985), (56.7812408, 60.6105514), (56.779295, 60.6112898)]",20364.5394525975,565
way/771844093,56.777060500000005,60.61232438,"[(56.7761852, 60.6124735), (56.7762558, 60.6129456), (56.7783602, 60.6121463), (56.7783161, 60.611583), (56.7761852, 60.6124735)]",7793.195295751095,168
way/771844094,56.76191774,60.604998079999994,"[(56.7624266, 60.6049495), (56.7623604, 60.6044915), (56.7611545, 60.605071), (56.7612206, 60.6055289), (56.7624266, 60.6049495)]",4022.2513749599457,260
way/771844095,56.769885063636366,60.60824231818182,"[(56.7688586, 60.6100214), (56.7710758, 60.6095242), (56.7710366, 60.6089917), (56.7705286, 60.6091157), (56.770361, 60.6070706), (56.7705183, 60.6065346), (56.77, 60.6061329), (56.7693045, 60.6062679), (56.7695142, 60.6083464), (56.7686795, 60.6086387), (56.7688586, 60.6100214)]",33630.8590721786,35
way/771844096,56.767408839999995,60.606001860000006,"[(56.7681956, 60.6064439), (56.7679839, 60.6046843), (56.7661023, 60.6054783), (56.7665668, 60.6069589), (56.7681956, 60.6064439)]",20870.374192118645,478
way/771844097,56.767744379999996,60.60905616,"[(56.7676781, 60.610553), (56.7685245, 60.6100685), (56.7682182, 60.6068032), (56.766623, 60.6073031), (56.7676781, 60.610553)]",29361.604509949684,515
way/771844098,56.766240442857146,60.60958851428571,"[(56.7658951, 60.6108652), (56.7665957, 60.6096949), (56.7666756, 60.6095713), (56.7670343, 60.6089437), (56.7665022, 60.607388), (56.7650851, 60.6097913), (56.7658951, 60.6108652)]",21389.12068937719,1572
way/771844099,56.76584483333334,60.612310216666664,"[(56.7665908, 60.6138055), (56.7667668, 60.6122053), (56.7654581, 60.6105276), (56.765003, 60.6103144), (56.7646595, 60.613203), (56.7665908, 60.6138055)]",32092.67400111258,398
way/771844100,56.7679840117647,60.612446958823526,"[(56.768614, 60.6106608), (56.7680598, 60.6109019), (56.7677722, 60.6108534), (56.7676605, 60.6109808), (56.7679163, 60.6116621), (56.7674165, 60.6124936), (56.7670255, 60.6120644), (56.7667793, 60.6139087), (56.7676948, 60.6143296), (56.7680143, 60.6144254), (56.7680995, 60.6137377), (56.7679374, 60.6133826), (56.7682791, 60.6127998), (56.7684965, 60.6127644), (56.7685321, 60.6130198), (56.7688164, 60.6129525), (56.768614, 60.6106608)]",27734.41384686902,350
way/771844101,56.7698221,60.61255046,"[(56.7704037, 60.6139341), (56.7701437, 60.6101072), (56.7688747, 60.6105009), (56.7692847, 60.614276), (56.7704037, 60.6139341)]",31741.265432596207,105
way/771844102,56.771255599999996,60.612174200000005,"[(56.77188, 60.6136076), (56.771537, 60.609712), (56.7702726, 60.6101073), (56.7707084, 60.6138365), (56.77188, 60.6136076)]",32444.314517587423,60
way/771844103,56.779805053846154,60.60322864615385,"[(56.7787166, 60.6052014), (56.7794458, 60.6049854), (56.7792636, 60.6035744), (56.7807647, 60.6029955), (56.7809118, 60.6042732), (56.7814438, 60.6039668), (56.7811659, 60.6011555), (56.7803352, 60.601455), (56.780441, 60.6023133), (56.7790303, 60.6028175), (56.7789332, 60.6018895), (56.7782972, 60.6021435), (56.7787166, 60.6052014)]",36795.38996349275,198
way/771844104,56.774691821212116,60.60344734545455,"[(56.7723819, 60.6078354), (56.7725368, 60.6079894), (56.7750211, 60.6067192), (56.7749411, 60.6060188), (56.7755274, 60.6057703), (56.7757026, 60.6063712), (56.7782949, 60.6053164), (56.7775306, 60.5993192), (56.7760574, 60.5995269), (56.7759883, 60.5999562), (56.7764646, 60.600461), (56.7765424, 60.6007127), (56.7765714, 60.6010887), (56.7762384, 60.6022765), (56.7756687, 60.601836), (56.7754836, 60.6013317), (56.7746229, 60.6002883), (56.7735299, 60.600778), (56.7729304, 60.6010596), (56.7733702, 60.6018005), (56.7737906, 60.6021019), (56.7742519, 60.6017552), (56.7746881, 60.6019187), (56.7751572, 60.6024083), (56.7751002, 60.6032151), (56.7746884, 60.6042454), (56.7748065, 60.6052058), (56.7744287, 60.6059825), (56.7730658, 60.6065677), (56.7728182, 60.6049904), (56.7721593, 60.6052786), (56.7720887, 60.6058014), (56.7723819, 60.6078354)]",158026.2571595013,2122
way/771844105,56.78319975,60.6025440125,"[(56.7846603, 60.6028672), (56.7844464, 60.6017554), (56.7827626, 60.6023991), (56.7825745, 60.6011867), (56.7814943, 60.6016996), (56.7818094, 60.6039937), (56.7831902, 60.6035832), (56.7846603, 60.6028672)]",33905.824677079916,32
way/771844106,56.7831944,60.60583341428571,"[(56.782213, 60.6045667), (56.782018, 60.6050989), (56.7823394, 60.6086969), (56.7837265, 60.6079996), (56.785184, 60.6066477), (56.7846669, 60.6032574), (56.782213, 60.6045667)]",77376.66769319773,975
way/771844107,56.78011062,60.6071477,"[(56.7787658, 60.605886), (56.7793477, 60.610199), (56.7821161, 60.6091475), (56.7815577, 60.60462), (56.7787658, 60.605886)]",88149.91458892822,180
way/771844108,56.7772795,60.60806267777778,"[(56.7756602, 60.607402), (56.7761442, 60.6110461), (56.7778153, 60.6102207), (56.7776977, 60.60915), (56.777469, 60.6073583), (56.7780547, 60.6070678), (56.778569, 60.6068296), (56.7784452, 60.6060876), (56.7756602, 60.607402)]",50525.23389145732,3055
way/771844109,56.77460593333333,60.60996355,"[(56.7757333, 60.6112211), (56.7753362, 60.6085275), (56.7752129, 60.6076047), (56.7725603, 60.6088013), (56.7730596, 60.6124056), (56.7757333, 60.6112211)]",69476.62104356289,2985
way/771844110,56.77427415555556,60.594667433333335,"[(56.772511, 60.5917346), (56.7727692, 60.593048), (56.7730394, 60.5928792), (56.7736244, 60.5938475), (56.7734645, 60.5946652), (56.772982, 60.5943749), (56.7736162, 60.597657), (56.7746979, 60.5983436), (56.776873, 60.5980647), (56.776826, 60.5964661), (56.7754477, 60.5936728), (56.7751623, 60.5942559), (56.7759736, 60.5957794), (56.7755209, 60.5964928), (56.7746186, 60.5949962), (56.7744863, 60.594492), (56.7728108, 60.5915093), (56.772511, 60.5917346)]",84057.24897378683,4422
way/771844111,56.770537239999996,60.59890338,"[(56.7713969, 60.6006234), (56.7718981, 60.5981558), (56.7691951, 60.5962086), (56.7687992, 60.5989057), (56.7713969, 60.6006234)]",52198.153633475304,48
way/771844112,56.7690353625,60.600861075,"[(56.7684507, 60.6021207), (56.7707267, 60.601058), (56.7707076, 60.6006906), (56.7686366, 60.5992654), (56.7684359, 60.6001591), (56.7685348, 60.6002548), (56.7683399, 60.6012193), (56.7684507, 60.6021207)]",25642.44837810099,92
way/771844113,56.76446504285714,60.59493358571429,"[(56.7647161, 60.5962942), (56.7652435, 60.5935722), (56.7645798, 60.5931143), (56.7642383, 60.5948591), (56.7639767, 60.5946941), (56.7637848, 60.595707), (56.7647161, 60.5962942)]",16086.734777405858,788
way/771844114,56.76409151666667,60.59783116666667,"[(56.7646954, 60.5965009), (56.7640516, 60.5960629), (56.7634445, 60.5989176), (56.763565, 60.5996472), (56.7640972, 60.5993575), (56.7646954, 60.5965009)]",15849.209764838219,2180
way/771844115,56.76552548666667,60.601024833333334,"[(56.7643192, 60.6037885), (56.7678102, 60.6022855), (56.7683345, 60.5990808), (56.7671548, 60.5981398), (56.7668314, 60.5993038), (56.7666021, 60.5994487), (56.7661611, 60.5991161), (56.7658436, 60.6007039), (56.764203, 60.599674), (56.7639266, 60.6008327), (56.763959, 60.6011438), (56.7644794, 60.6013209), (56.7646587, 60.603295), (56.7642795, 60.6034505), (56.7643192, 60.6037885)]",89024.55417524278,4982
way/771844116,56.75500468181818,60.60679021818182,"[(56.7542009, 60.6055081), (56.7541699, 60.6070353), (56.7545431, 60.6073023), (56.7547069, 60.6080069), (56.7550343, 60.6080111), (56.7554873, 60.6081187), (56.7554943, 60.6075609), (56.7558588, 60.6059096), (56.7558015, 60.6058957), (56.7555536, 60.6058357), (56.7542009, 60.6055081)]",20813.354295744095,70
way/771844117,56.756606912500004,60.604772725000004,"[(56.7565565, 60.6069053), (56.7568259, 60.6041882), (56.7569311, 60.6036968), (56.7569521, 60.6033238), (56.7566343, 60.6031823), (56.7563313, 60.6032436), (56.7560676, 60.6067365), (56.7565565, 60.6069053)]",13583.851872093976,40
way/771844119,56.759946719999995,60.60582992,"[(56.7604191, 60.6058289), (56.7603571, 60.6052703), (56.7592279, 60.6058109), (56.7593104, 60.6064106), (56.7604191, 60.6058289)]",4689.8406047225,5
way/771844120,56.76016048333333,60.60771996666667,"[(56.7605561, 60.6087836), (56.7606982, 60.607565), (56.7604725, 60.6063116), (56.7594564, 60.6067963), (56.7592236, 60.6080797), (56.7605561, 60.6087836)]",16616.523789048195,660
way/771844121,56.7597213,60.61016432,"[(56.7602395, 60.6113915), (56.7605366, 60.6090016), (56.7590574, 60.6083321), (56.7585335, 60.6107049), (56.7602395, 60.6113915)]",27726.308755993843,235
way/771844122,56.76226080833334,60.610520175,"[(56.7645045, 60.6131358), (56.7648847, 60.6100253), (56.7640619, 60.6089651), (56.7608099, 60.6076777), (56.7604619, 60.6103587), (56.7609356, 60.6105698), (56.761119, 60.6090673), (56.7621792, 60.609461), (56.7619586, 60.6113119), (56.7608984, 60.6108916), (56.7608115, 60.6116421), (56.7645045, 60.6131358)]",93179.98647539318,4915
way/771844123,56.76169,60.598996580000005,"[(56.7620376, 60.600262), (56.7615815, 60.5969114), (56.7611686, 60.5970985), (56.7616247, 60.600449), (56.7620376, 60.600262)]",10003.01272213459,20
way/771844124,56.763032439999996,60.60179244,"[(56.7622595, 60.6005591), (56.7628406, 60.6042567), (56.7641494, 60.6037417), (56.7636532, 60.5998456), (56.7622595, 60.6005591)]",37193.202400028706,868
way/771844125,56.7605467125,60.5845879125,"[(56.7620449, 60.583908), (56.7602012, 60.5834037), (56.7586251, 60.5833876), (56.7585692, 60.5852169), (56.7603806, 60.5853993), (56.7605129, 60.5856299), (56.7619949, 60.5858499), (56.7620449, 60.583908)]",46057.69669051282,65
way/771844126,56.7554465,60.6215079,"[(56.7536123, 60.622932), (56.7554521, 60.6248546), (56.7555448, 60.6245697), (56.7563636, 60.6218411), (56.755815, 60.6212749), (56.7562673, 60.6201669), (56.7569284, 60.6181598), (56.7554227, 60.6168401), (56.7536123, 60.622932)]",89320.89612811804,1392
way/771844127,56.75398806,60.6181694,"[(56.7541727, 60.6200587), (56.7552756, 60.6165451), (56.7536111, 60.6155205), (56.7527082, 60.618664), (56.7541727, 60.6200587)]",43737.15546679497,1018
way/771844128,56.75132608571429,60.61913714285714,"[(56.7503036, 60.6197452), (56.7533466, 60.6228084), (56.7540869, 60.6203616), (56.7502773, 60.6164311), (56.7500993, 60.6169797), (56.7508653, 60.6178888), (56.7503036, 60.6197452)]",71212.92288923264,2005
way/771844129,56.74092428181818,60.60972785454545,"[(56.7423925, 60.6103706), (56.7420188, 60.6096625), (56.7401014, 60.6071358), (56.7400161, 60.6070768), (56.7397447, 60.607447), (56.7393975, 60.6087184), (56.739624, 60.6105745), (56.7410568, 60.6124091), (56.7415834, 60.6114596), (56.7418394, 60.6117815), (56.7423925, 60.6103706)]",59999.686065621674,102
way/771844130,56.747382357142854,60.61829002857143,"[(56.7482963, 60.6182778), (56.746505, 60.6160998), (56.7462049, 60.6171834), (56.7470697, 60.6181168), (56.7474815, 60.6198442), (56.7478228, 60.6202304), (56.7482963, 60.6182778)]",22150.189391374588,952
way/771844131,56.74655887692308,60.61416559999999,"[(56.7477139, 60.6170332), (56.7478387, 60.6173003), (56.7484965, 60.6153843), (56.747759, 60.6146444), (56.7475757, 60.615204), (56.7458578, 60.6132245), (56.7460634, 60.6126737), (56.746248, 60.6120319), (56.7456879, 60.6114099), (56.7451689, 60.6127246), (56.7447047, 60.6125218), (56.744437, 60.612967), (56.7477139, 60.6170332)]",45391.05477331579,1500
way/771844132,56.7460299625,60.6043417375,"[(56.7462255, 60.6058323), (56.7467244, 60.603689), (56.7461831, 60.6032627), (56.7461596, 60.6033505), (56.7458068, 60.6033302), (56.7455644, 60.6042934), (56.7453504, 60.6051435), (56.7462255, 60.6058323)]",14350.029447373003,22
way/771844133,56.74795565454545,60.60525882727273,"[(56.7463932, 60.6059074), (56.7475639, 60.6066048), (56.749617, 60.6073344), (56.7499236, 60.6046412), (56.7488063, 60.6042463), (56.7484593, 60.6045648), (56.7482434, 60.6058109), (56.7474904, 60.6053817), (56.7476816, 60.6039977), (56.7469403, 60.6034505), (56.7463932, 60.6059074)]",49172.316462278366,130
way/772166377,56.7789209125,60.6416383125,"[(56.7794537, 60.6424613), (56.7793081, 60.642051), (56.7791457, 60.6415955), (56.7780788, 60.6396808), (56.7777283, 60.6400305), (56.7789161, 60.6421713), (56.7792829, 60.6426548), (56.7794537, 60.6424613)]",9359.095729961991,948
way/772166378,56.778939012500004,60.643121075,"[(56.779333, 60.645116), (56.7801101, 60.6442226), (56.7796092, 60.64282), (56.779236, 60.6432438), (56.7776607, 60.6402236), (56.7774461, 60.6405991), (56.778784, 60.6436275), (56.779333, 60.645116)]",21384.16530069709,45
way/772166379,56.78154541666667,60.65329669166667,"[(56.7822597, 60.653763), (56.7821719, 60.6531921), (56.7820294, 60.6528488), (56.781671, 60.6527392), (56.7812517, 60.6532193), (56.7812221, 60.6531166), (56.7810057, 60.6523662), (56.7808509, 60.6525004), (56.7809291, 60.6527892), (56.7813597, 60.6544454), (56.7815341, 60.6548171), (56.7822597, 60.653763)]",11129.235421195626,230
way/772166381,56.78060472,60.63272316,"[(56.7805074, 60.6340925), (56.7813665, 60.6313005), (56.7807507, 60.6306692), (56.7798916, 60.6334611), (56.7805074, 60.6340925)]",15395.480047285557,560
way/772166382,56.7791391375,60.634349025,"[(56.7778258, 60.633701), (56.7791511, 60.6351098), (56.7792929, 60.6352624), (56.7799316, 60.6359397), (56.7803522, 60.6345864), (56.7804002, 60.6344354), (56.7783335, 60.6320565), (56.7778258, 60.633701)]",30030.85059092939,1072
way/772166383,56.77841022,60.63819198,"[(56.7811992, 60.6377292), (56.7811345, 60.6375146), (56.7799911, 60.6362319), (56.7797092, 60.6371981), (56.7796386, 60.6385285), (56.7792713, 60.6399715), (56.7780428, 60.6378686), (56.7784542, 60.6363022), (56.7774931, 60.6355512), (56.7767146, 60.6369598), (56.7759369, 60.6357739), (56.7756874, 60.6350352), (56.7755666, 60.6348227), (56.7753402, 60.6347424), (56.775053, 60.6352692), (56.7750558, 60.6358814), (56.7755061, 60.6368021), (56.7757265, 60.636645), (56.7770203, 60.6384364), (56.7774348, 60.6376472), (56.778036, 60.6388801), (56.7802925, 60.6433878), (56.7804289, 60.6434574), (56.7807428, 60.6430967), (56.7807133, 60.6421369), (56.7802642, 60.6420399), (56.7796409, 60.6407962), (56.7802692, 60.6397678), (56.7807434, 60.6395563), (56.7811992, 60.6377292)]",91038.82484918833,7442
way/772166384,56.78096034285714,60.636332828571426,"[(56.7812934, 60.6373221), (56.7813527, 60.6371339), (56.7817723, 60.6356639), (56.780535, 60.6344408), (56.7800446, 60.6360304), (56.780431, 60.6364166), (56.7812934, 60.6373221)]",17859.552645474672,492
way/772166385,56.78187156,60.633303520000005,"[(56.7827156, 60.6327027), (56.7814901, 60.6313723), (56.7805673, 60.6342262), (56.7818692, 60.6355137), (56.7827156, 60.6327027)]",32246.194291234016,28
way/772166386,56.78580082,60.6381758,"[(56.7855837, 60.6408083), (56.7878969, 60.6382316), (56.7850764, 60.6351859), (56.7848634, 60.6358449), (56.7855837, 60.6408083)]",53921.52893859148,3805
way/772166387,56.78270523333333,60.651387488888886,"[(56.7825745, 60.6537259), (56.7838205, 60.6520307), (56.7834339, 60.6510736), (56.7829624, 60.6499064), (56.7828533, 60.6495771), (56.7820956, 60.6502816), (56.7822388, 60.6508022), (56.7817936, 60.651364), (56.7825745, 60.6537259)]",30083.888117522,2060
way/772166388,56.78555076,60.64466,"[(56.7856983, 60.6432921), (56.7846551, 60.6445044), (56.785375, 60.6466877), (56.7863271, 60.6455237), (56.7856983, 60.6432921)]",20442.45362508297,780
way/772166389,56.78836976666666,60.64325467333333,"[(56.7871499, 60.647648), (56.7893271, 60.645647), (56.7913397, 60.6436676), (56.7914739, 60.6421724), (56.7888159, 60.6392643), (56.7886749, 60.6397247), (56.7891303, 60.6402987), (56.7888629, 60.6411356), (56.7883252, 60.6417471), (56.7880049, 60.6430936), (56.7870441, 60.64282), (56.7866533, 60.6434047), (56.7870529, 60.6450033), (56.7865416, 60.6455451), (56.7871499, 60.647648)]",133404.93359032273,4705
way/772166390,56.79428906363636,60.64962452272727,"[(56.7955099, 60.6483728), (56.7955086, 60.6483266), (56.7954997, 60.6473235), (56.7955497, 60.6469023), (56.7947448, 60.6456739), (56.7945391, 60.6460869), (56.7914719, 60.6508291), (56.791137, 60.651859), (56.7922716, 60.6533113), (56.7925046, 60.6526449), (56.7924635, 60.6523767), (56.7927106, 60.6512545), (56.793725, 60.6496549), (56.7943123, 60.6487961), (56.7946925, 60.6487995), (56.7947013, 60.6510655), (56.7953749, 60.6510597), (56.7955761, 60.6509417), (56.7955277, 60.6508291), (56.7955183, 60.6488603), (56.7955104, 60.6483984), (56.7955099, 60.6483728)]",84379.10939159524,5055
way/772166391,56.80709516,60.631914540000004,"[(56.8072396, 60.6314939), (56.8067881, 60.6316452), (56.8068785, 60.6325455), (56.80733, 60.6323942), (56.8072396, 60.6314939)]",2858.0978502482176,358
way/772166392,56.80175571428571,60.63986727142857,"[(56.8019093, 60.6382012), (56.8012513, 60.6395692), (56.801313, 60.6415272), (56.8016303, 60.6422031), (56.8021883, 60.6410068), (56.8020885, 60.6383622), (56.8019093, 60.6382012)]",17648.806411519647,400
way/772166393,56.802901180000006,60.63731987,"[(56.8022824, 60.6372732), (56.802275, 60.6396041), (56.802529, 60.6401968), (56.8034586, 60.6381824), (56.8028697, 60.6375307), (56.8034352, 60.6363532), (56.8032971, 60.6358436), (56.8033778, 60.6356156), (56.8032046, 60.6353259), (56.8022824, 60.6372732)]",21477.99301248789,652
way/772166394,56.80294294814815,60.630586618518514,"[(56.8037918, 60.6310794), (56.8034252, 60.6310518), (56.8030842, 60.6310129), (56.803057, 60.6308225), (56.8033389, 60.6305402), (56.8032861, 60.6303605), (56.8033272, 60.6303236), (56.8032417, 60.6300426), (56.8030401, 60.6293318), (56.8030272, 60.6292561), (56.8031906, 60.6290782), (56.8029195, 60.6282643), (56.8021076, 60.6291326), (56.8009518, 60.6300045), (56.8012352, 60.631595), (56.8024754, 60.631662), (56.8024607, 60.6312034), (56.8022968, 60.6304771), (56.802745, 60.6299558), (56.8030008, 60.6308128), (56.8030212, 60.6308995), (56.802635, 60.6312885), (56.8026183, 60.631736), (56.8036452, 60.6318364), (56.8039388, 60.6318632), (56.8038065, 60.6311286), (56.8037918, 60.6310794)]",35829.24307161756,2332
way/772166395,56.80273588888889,60.63340517777778,"[(56.8035016, 60.6325581), (56.8031466, 60.6325696), (56.8028177, 60.6332178), (56.8020481, 60.6334349), (56.8020381, 60.6339282), (56.8017601, 60.6341596), (56.8021193, 60.6355861), (56.8036899, 60.6326342), (56.8035016, 60.6325581)]",14518.19427301269,2275
way/772166396,56.805315972222225,60.62723467777778,"[(56.806052, 60.6271018), (56.8060125, 60.6270593), (56.8057868, 60.6268038), (56.8055023, 60.6264816), (56.8054727, 60.6264424), (56.8054896, 60.6263445), (56.8056974, 60.6261624), (56.8056562, 60.6259207), (56.8056761, 60.6258456), (56.8056004, 60.6255068), (56.8050549, 60.625965), (56.8040769, 60.6271251), (56.8030474, 60.6281242), (56.8041415, 60.6318121), (56.8046202, 60.631308), (56.805704, 60.6279981), (56.8060446, 60.627121), (56.806052, 60.6271018)]",61704.68506290391,12330
way/772166397,56.806279800000006,60.62963658571429,"[(56.8077627, 60.6300849), (56.8075601, 60.6276119), (56.8058126, 60.6281644), (56.805164, 60.6300793), (56.8050648, 60.6303588), (56.8048317, 60.6310719), (56.8077627, 60.6300849)]",40816.02835127711,2250
way/772166398,56.809142377777775,60.62607538888889,"[(56.8098125, 60.6232667), (56.8073339, 60.6242645), (56.8076658, 60.6273973), (56.8088933, 60.6270754), (56.8089487, 60.6276716), (56.8094906, 60.6274274), (56.8101563, 60.6271798), (56.8101678, 60.6271291), (56.8098125, 60.6232667)]",61772.781152721494,1688
way/772166399,56.80387181,60.61363514,"[(56.8032549, 60.6144225), (56.8036943, 60.6143213), (56.8042629, 60.6142174), (56.8042197, 60.6138205), (56.8045, 60.6137089), (56.804415, 60.6128145), (56.804462, 60.6124476), (56.8034355, 60.6129634), (56.8032189, 60.6132128), (56.8032549, 60.6144225)]",12027.322126217186,1075
way/772166400,56.804196534482756,60.61634791034483,"[(56.8053569, 60.6173774), (56.8052324, 60.6162224), (56.8053419, 60.6161831), (56.8056754, 60.6160632), (56.8055629, 60.6150753), (56.8055547, 60.6150031), (56.8055207, 60.6147042), (56.8044911, 60.6151557), (56.8045203, 60.6154272), (56.80464, 60.6165761), (56.8037601, 60.6168908), (56.8035686, 60.6151232), (56.8034113, 60.6151695), (56.8032534, 60.6152319), (56.803372, 60.6162324), (56.8033494, 60.6162413), (56.8033562, 60.6162994), (56.8033645, 60.6163691), (56.8033553, 60.6164486), (56.803373, 60.6166042), (56.8034015, 60.6166808), (56.8034067, 60.616725), (56.8034192, 60.6168303), (56.8034412, 60.6168216), (56.8035544, 60.6177767), (56.8037997, 60.6180596), (56.8045238, 60.6178199), (56.804736, 60.6176), (56.8053569, 60.6173774)]",27798.099233286455,3585
way/772166401,56.805578790000006,60.623490059999995,"[(56.8068094, 60.6237539), (56.8065488, 60.6214589), (56.8044403, 60.6221816), (56.8046593, 60.6231185), (56.8048855, 60.6231351), (56.8050946, 60.6239622), (56.8049937, 60.6243298), (56.8051874, 60.6250796), (56.8063595, 60.6241271), (56.8068094, 60.6237539)]",35195.45399252884,1695
way/772166402,56.807611683333334,60.617940233333336,"[(56.8070248, 60.6157002), (56.8071988, 60.6175268), (56.806958, 60.6176662), (56.8071107, 60.6195706), (56.8066144, 60.6197262), (56.806728, 60.6209319), (56.8092902, 60.6200473), (56.8093814, 60.6197573), (56.8090553, 60.6162854), (56.8075389, 60.6168126), (56.8074149, 60.6155581), (56.8070248, 60.6157002)]",63208.74144050479,4920
way/772166403,56.808475344444446,60.621939488888884,"[(56.8087934, 60.622769), (56.8087312, 60.6220048), (56.8087897, 60.6218127), (56.8087545, 60.6212361), (56.8092557, 60.6210569), (56.8092191, 60.6207141), (56.8068383, 60.621361), (56.8071028, 60.6237318), (56.8087934, 60.622769)]",28230.465282976627,1178
way/772186812,56.75459068888889,60.70910674444445,"[(56.7555091, 60.7082453), (56.7549942, 60.7085581), (56.7531052, 60.7087862), (56.7531137, 60.7103126), (56.7540815, 60.709714), (56.7543393, 60.7095327), (56.7549814, 60.7094449), (56.7556827, 60.7091216), (56.7555091, 60.7082453)]",17989.221210613847,858
way/772186813,56.76490732,60.71127354,"[(56.766361, 60.709945), (56.76258, 60.7116508), (56.7626447, 60.7122517), (56.7626997, 60.712679), (56.7646114, 60.7118025), (56.764593, 60.7116631), (56.7646237, 60.7116187), (56.7646112, 60.711514), (56.7648001, 60.7114388), (56.7652441, 60.711262), (56.7652566, 60.7113667), (56.7664056, 60.7108693), (56.7663906, 60.7105575), (56.7664271, 60.710539), (56.766361, 60.709945)]",25198.70042009279,815
way/772186814,56.76819638571429,60.70739608571429,"[(56.7693421, 60.7085931), (56.7691833, 60.7062113), (56.768566, 60.7060611), (56.7670725, 60.7062006), (56.7668726, 60.7064474), (56.7669961, 60.709666), (56.7693421, 60.7085931)]",47863.13410694897,3975
way/772186815,56.75925225,60.70689216666667,"[(56.7601689, 60.7075095), (56.7597631, 60.7047737), (56.7583349, 60.7066455), (56.7583791, 60.7067723), (56.7586986, 60.7081425), (56.7601689, 60.7075095)]",24104.132901504636,262
way/772186816,56.759658085714285,60.70935792857143,"[(56.7603453, 60.7102775), (56.760363, 60.7094407), (56.7601807, 60.7077992), (56.7587633, 60.7084215), (56.7587986, 60.7089794), (56.7588104, 60.7103097), (56.7603453, 60.7102775)]",22667.038619585335,652
way/772186817,56.75976428,60.71120234,"[(56.76041, 60.7116079), (56.7603806, 60.710535), (56.7588163, 60.710535), (56.7588045, 60.7117259), (56.76041, 60.7116079)]",12221.942680463195,330
way/772186818,56.76166266,60.712052119999996,"[(56.7624154, 60.7116401), (56.7605159, 60.7117689), (56.7605806, 60.7130349), (56.762386, 60.7121766), (56.7624154, 60.7116401)]",11429.799801379442,530
way/772186819,56.76164498000001,60.70992992,"[(56.7623977, 60.708636), (56.7605159, 60.7093978), (56.7605218, 60.711565), (56.7623918, 60.7114148), (56.7623977, 60.708636)]",31594.83532331884,975
way/772186820,56.76153488,60.70788398,"[(56.7622413, 60.7070215), (56.7603114, 60.7077685), (56.7604753, 60.7091777), (56.7624051, 60.7084307), (56.7622413, 60.7070215)]",19355.26338148117,2
way/772186821,56.76113421428572,60.70484261428572,"[(56.7616568, 60.7034969), (56.7604041, 60.7039797), (56.7598572, 60.7045269), (56.7602748, 60.707488), (56.7622037, 60.7067478), (56.7618861, 60.7041621), (56.7616568, 60.7034969)]",45077.81741631031,975
way/772186822,56.75488276666667,60.69714456666667,"[(56.7558932, 60.6973708), (56.7548639, 60.6945062), (56.7535096, 60.6963529), (56.7540375, 60.6988982), (56.7550992, 60.6983685), (56.7558932, 60.6973708)]",40695.81662195921,2095
way/772186824,56.75498792105264,60.695166678947366,"[(56.7508568, 60.6920801), (56.7513083, 60.6924877), (56.7516841, 60.6916086), (56.7519694, 60.6918952), (56.7521415, 60.6922826), (56.7525367, 60.6914097), (56.7527691, 60.6913093), (56.7528957, 60.6917435), (56.7529439, 60.6921078), (56.7530523, 60.6923523), (56.7528518, 60.6925767), (56.7526185, 60.6926165), (56.7522405, 60.6932344), (56.7526066, 60.6936915), (56.7542698, 60.6923604), (56.7549124, 60.6934641), (56.7551551, 60.6944726), (56.756138, 60.6973855), (56.7577237, 60.7016359), (56.757862, 60.7018541), (56.7582884, 60.7020378), (56.7588714, 60.7018688), (56.7593007, 60.7030678), (56.7585487, 60.703977), (56.7587744, 60.7045108), (56.7614147, 60.7014103), (56.7613682, 60.7011966), (56.7609231, 60.69956), (56.7596573, 60.6994951), (56.7579106, 60.6985295), (56.7554756, 60.6915128), (56.7550286, 60.691942), (56.754711, 60.690912), (56.7538993, 60.69), (56.7528758, 60.6897318), (56.7520994, 60.6903541), (56.7510008, 60.6915788), (56.7508568, 60.6920801)]",206980.7750683725,22422
way/772186825,56.75095909411765,60.696679429411766,"[(56.7499699, 60.6980387), (56.7505038, 60.6974628), (56.7511588, 60.6989063), (56.7514912, 60.6995827), (56.7518752, 60.6996917), (56.7533228, 60.6995165), (56.7536882, 60.6992598), (56.7531078, 60.6963984), (56.7527078, 60.6951863), (56.7510169, 60.693003), (56.7505486, 60.6926945), (56.7502229, 60.6927681), (56.7491346, 60.6933367), (56.7490111, 60.6948924), (56.7490758, 60.696373), (56.7494993, 60.6984007), (56.7499699, 60.6980387)]",143936.47305479646,6060
way/772186826,56.74851508461538,60.707319684615385,"[(56.749617, 60.7094085), (56.7494993, 60.7080889), (56.7491228, 60.7081425), (56.7491346, 60.7087755), (56.7479286, 60.7091188), (56.7477698, 60.7070589), (56.7488169, 60.7050204), (56.7492111, 60.7045591), (56.7492052, 60.7032609), (56.7487758, 60.7033789), (56.7459637, 60.7086575), (56.7460343, 60.7102775), (56.749617, 60.7094085)]",66170.23922277242,2990
way/772186827,56.749905225,60.710472,"[(56.7507935, 60.7093441), (56.7480169, 60.7100415), (56.7480934, 60.7110608), (56.7493699, 60.7109964), (56.750617, 60.7106852), (56.7506582, 60.7111895), (56.7508994, 60.7111144), (56.7507935, 60.7093441)]",24177.45905983448,715
way/772186828,56.75085717857143,60.70465455714286,"[(56.7518758, 60.7087862), (56.7515584, 60.7046991), (56.7511938, 60.7047573), (56.750936, 60.7039271), (56.7514569, 60.7028584), (56.7512758, 60.700171), (56.7507465, 60.7003158), (56.7508464, 60.7011527), (56.7505729, 60.7033145), (56.7500641, 60.7034862), (56.7502641, 60.7066458), (56.7496288, 60.7068872), (56.7497052, 60.7093763), (56.7518758, 60.7087862)]",76031.15063640475,3998
way/772186829,56.75225865000001,60.71125835,"[(56.7528817, 60.7088399), (56.750917, 60.7093656), (56.7512044, 60.7135034), (56.7528031, 60.713548), (56.752864, 60.7134533), (56.7528817, 60.7088399)]",54805.57449674979,2318
way/772186830,56.75239784,60.706154360000006,"[(56.7526838, 60.704465), (56.7517229, 60.7046127), (56.7520229, 60.7087433), (56.7528758, 60.7084858), (56.7526838, 60.704465)]",25519.11856946349,1108
way/772186831,56.7521742,60.70100228571429,"[(56.7526488, 60.7019819), (56.7525772, 60.7001384), (56.7521662, 60.7002181), (56.7520205, 60.7002211), (56.751543, 60.7002785), (56.7516149, 60.7021961), (56.7526488, 60.7019819)]",13272.550258261152,812
way/772186832,56.75515033333334,60.70156315,"[(56.7549184, 60.7031706), (56.7554816, 60.7029472), (56.7563461, 60.7020378), (56.7550992, 60.6986153), (56.7541383, 60.6994374), (56.7549184, 60.7031706)]",36941.17264448106,1282
way/772186833,56.753733242857145,60.7020894,"[(56.7545859, 60.7035592), (56.7537577, 60.699619), (56.7533985, 60.6998917), (56.7527487, 60.700003), (56.7529139, 60.7041054), (56.7541421, 60.7038883), (56.7545859, 60.7035592)]",38875.265366114676,1830
way/772186834,56.754248425,60.70636615,"[(56.7554975, 60.7078768), (56.7546516, 60.7039049), (56.754205, 60.7042309), (56.7529549, 60.7044125), (56.7530205, 60.7059538), (56.7531377, 60.7084628), (56.7550227, 60.7082107), (56.7554975, 60.7078768)]",58013.204964503646,2732
way/772186835,56.75610421428571,60.70625952142857,"[(56.7558181, 60.7074891), (56.7558328, 60.7075351), (56.7558719, 60.7075088), (56.7559108, 60.7074711), (56.7559827, 60.7074168), (56.7562659, 60.7072018), (56.756404, 60.7072599), (56.7572276, 60.7065238), (56.7576173, 60.7059431), (56.7564108, 60.7023168), (56.755605, 60.7032394), (56.755043, 60.7037005), (56.755651, 60.706538), (56.7558181, 60.7074891)]",51208.83963577077,1672
way/772187447,56.754196525,60.820889324999996,"[(56.7552462, 60.8187568), (56.7526346, 60.8179843), (56.752719, 60.8187359), (56.7537237, 60.8195079), (56.7535166, 60.8208182), (56.7537993, 60.8218574), (56.753417, 60.823102), (56.7550992, 60.8249044), (56.7551639, 60.8235311), (56.7547522, 60.8227265), (56.7550404, 60.8199906), (56.7552462, 60.8187568)]",58669.68812036514,72
way/772187448,56.75857092,60.812416840000004,"[(56.7598246, 60.8126237), (56.7575747, 60.809779), (56.7566904, 60.8121066), (56.7589403, 60.8149512), (56.7598246, 60.8126237)]",52801.83869576454,40
way/772187449,56.76035658125,60.80790783125,"[(56.759407, 60.8072217), (56.759322, 60.8074298), (56.7608887, 60.8095772), (56.7609834, 60.809707), (56.7610393, 60.8096373), (56.7611088, 60.8095444), (56.7612128, 60.8093718), (56.7612113, 60.8092296), (56.760732, 60.8080052), (56.7604762, 60.807631), (56.7606144, 60.8073494), (56.7602115, 60.8061478), (56.7599616, 60.8055872), (56.7595088, 60.8063731), (56.7596205, 60.8064911), (56.759407, 60.8072217)]",20815.275786459446,328
way/772187450,56.760318240000004,60.816678620000005,"[(56.7584016, 60.819261), (56.7597337, 60.8198082), (56.7602512, 60.8194971), (56.7618332, 60.8165789), (56.7624624, 60.8144867), (56.7618508, 60.8139396), (56.7615097, 60.8147657), (56.7599807, 60.8128452), (56.7587575, 60.8163428), (56.7584016, 60.819261)]",106368.03649616241,62
way/772187451,56.758384075,60.821239812499996,"[(56.7580517, 60.8197117), (56.7579576, 60.8210206), (56.7580517, 60.8210635), (56.7577668, 60.8234424), (56.7583256, 60.8236033), (56.7593573, 60.8213425), (56.7595102, 60.8200228), (56.7580517, 60.8197117)]",28876.27646065131,12
way/772187452,56.75658722857143,60.82068185714286,"[(56.7578753, 60.8195829), (56.7554933, 60.8189499), (56.754958, 60.8222115), (56.7559932, 60.8224904), (56.7561461, 60.8208382), (56.7577694, 60.8211172), (56.7578753, 60.8195829)]",39158.741885095835,315
way/772187453,56.756919833333335,60.81724403333333,"[(56.7558903, 60.8155757), (56.7556109, 60.8184349), (56.7574156, 60.8186391), (56.7582073, 60.8188852), (56.7585046, 60.8163536), (56.7558903, 60.8155757)]",48076.72398082912,1012
way/772389907,56.85137755454546,60.64415815454545,"[(56.8512835, 60.6412804), (56.8501454, 60.6430185), (56.8503338, 60.6443122), (56.8510714, 60.6440424), (56.8511706, 60.6440424), (56.851231, 60.6441353), (56.8512794, 60.6443166), (56.8516899, 60.6469875), (56.8524158, 60.6467843), (56.8532488, 60.6455397), (56.8512835, 60.6412804)]",53864.444784112275,1802
way/772389909,56.8621937,60.6504168,"[(56.8611918, 60.6485787), (56.8610093, 60.6529641), (56.8636617, 60.6528299), (56.8639139, 60.6491326), (56.8611918, 60.6485787)]",74075.95090673864,3508
way/772389910,56.8647212,60.651371919999995,"[(56.8651633, 60.652669), (56.8654782, 60.649488), (56.8640531, 60.6491017), (56.8637481, 60.6529319), (56.8651633, 60.652669)]",33943.61835050583,1668
way/772389911,56.86348323333334,60.65664228333333,"[(56.8626397, 60.658822), (56.8628684, 60.6587684), (56.8646748, 60.6569981), (56.8650911, 60.6530392), (56.8629857, 60.653404), (56.8626397, 60.658822)]",64139.076382059604,2542
way/772389912,56.861458552777776,60.65591863055556,"[(56.8627815, 60.6542991), (56.8628391, 60.6534791), (56.8608933, 60.6536609), (56.8609916, 60.6563973), (56.8606925, 60.6567514), (56.8598567, 60.6562257), (56.8600151, 60.6554693), (56.8598831, 60.6537795), (56.8582818, 60.6538868), (56.8582129, 60.654316), (56.861062, 60.6604421), (56.8624462, 60.6590688), (56.8625407, 60.6577239), (56.8623794, 60.6577022), (56.8622783, 60.6574568), (56.8620737, 60.6576982), (56.8620825, 60.6575105), (56.8618628, 60.6574377), (56.8616896, 60.6571215), (56.8614623, 60.6569177), (56.8612381, 60.6567804), (56.8611734, 60.6565502), (56.8614198, 60.6564456), (56.8613602, 60.6560539), (56.8619167, 60.6561674), (56.8620129, 60.6560567), (56.8620647, 60.6553025), (56.8617955, 60.6551495), (56.8617764, 60.6551391), (56.8617497, 60.6551233), (56.8615155, 60.6550782), (56.8615253, 60.6548899), (56.8615664, 60.654214), (56.8621353, 60.6543455), (56.8621514, 60.6541309), (56.8627815, 60.6542991)]",93115.28455521725,1545
way/772389913,56.856821387500005,60.6563809875,"[(56.8560147, 60.6589508), (56.8564634, 60.6584466), (56.8580307, 60.6560385), (56.8580502, 60.6558019), (56.8573249, 60.6541256), (56.8572385, 60.6540986), (56.855434, 60.6546351), (56.8560147, 60.6589508)]",50807.82300821692,2442
way/772389914,56.860655859999994,60.6344759,"[(56.8610267, 60.6351207), (56.8611412, 60.6337632), (56.8600974, 60.6335221), (56.8599873, 60.6348528), (56.8610267, 60.6351207)]",9704.04580655694,1110
way/772389915,56.86151364,60.634235360000005,"[(56.8611354, 60.6352376), (56.8618618, 60.6354347), (56.862081, 60.632732), (56.8613546, 60.6325349), (56.8611354, 60.6352376)]",13628.847092404962,300
way/772389916,56.8614466875,60.63012475,"[(56.8621147, 60.6323701), (56.8623699, 60.6293285), (56.8623582, 60.6285077), (56.8611558, 60.6288242), (56.8609623, 60.6283897), (56.8603494, 60.6293016), (56.8601485, 60.6319061), (56.8621147, 60.6323701)]",46822.196710437536,2512
way/772389917,56.86092775555556,60.61863063333333,"[(56.8604931, 60.6224942), (56.8626045, 60.6193614), (56.8613025, 60.6155419), (56.8611089, 60.6157672), (56.861191, 60.6168723), (56.8610503, 60.6173551), (56.8608978, 60.6177521), (56.8592086, 60.6200373), (56.8604931, 60.6224942)]",68525.73765940964,3622
way/772389918,56.8618915,60.62234552857143,"[(56.8613846, 60.6242537), (56.862364, 60.6227839), (56.8634608, 60.6214642), (56.8627453, 60.6196833), (56.8613553, 60.6213248), (56.8605459, 60.6226551), (56.8613846, 60.6242537)]",40424.36900019646,3255
way/772389919,56.8546506909091,60.626024,"[(56.8541757, 60.6357121), (56.8609095, 60.6246614), (56.8585634, 60.6201875), (56.8574548, 60.6220329), (56.856833, 60.6227732), (56.8560235, 60.6230092), (56.8518702, 60.6240177), (56.8508083, 60.6248224), (56.8500515, 60.6256485), (56.850292, 60.627687), (56.8541757, 60.6357121)]",554617.276109755,16602
way/772389920,56.85002143333334,60.6339274,"[(56.8512718, 60.6403899), (56.853918, 60.6361453), (56.8512461, 60.6306857), (56.8503742, 60.6289101), (56.8497214, 60.6285828), (56.8496467, 60.6285453), (56.8477208, 60.6293325), (56.8481741, 60.6340706), (56.8480391, 60.6349504), (56.8490013, 60.6355405), (56.84906, 60.6349075), (56.8500867, 60.6334484), (56.8509081, 60.6358194), (56.8498814, 60.6371927), (56.8512718, 60.6403899)]",238169.31086935475,10702
way/772389921,56.8500749625,60.658866675,"[(56.8499606, 60.6584197), (56.8498432, 60.6573522), (56.8495733, 60.657449), (56.8500103, 60.6615042), (56.8506353, 60.6612468), (56.850339, 60.6582937), (56.8502774, 60.6582481), (56.8499606, 60.6584197)]",15512.817778781056,685
way/772389922,56.854045559999996,60.651119414285716,"[(56.8543648, 60.6481165), (56.8534292, 60.6462988), (56.8527795, 60.6472778), (56.850779, 60.6480503), (56.8512014, 60.6518537), (56.8520873, 60.6515533), (56.8523072, 60.6534523), (56.8514214, 60.6537634), (56.8516121, 60.6554747), (56.8562816, 60.6538224), (56.8561159, 60.6518295), (56.8558298, 60.6511418), (56.8558248, 60.6511496), (56.8557436, 60.6512617), (56.8554895, 60.6516099), (56.8549914, 60.6522924), (56.8547963, 60.6518592), (56.8547046, 60.6520058), (56.854734, 60.6520672), (56.8546334, 60.6522282), (56.8545959, 60.6522736), (56.8545358, 60.6523874), (56.854441, 60.6520725), (56.8544057, 60.6520858), (56.8543559, 60.6521046), (56.8542524, 60.6521418), (56.854173, 60.6514033), (56.854118, 60.6509367), (56.8540348, 60.6507067), (56.854119, 60.6505848), (56.8537828, 60.6498684), (56.8537234, 60.6492905), (56.853729, 60.6491605), (56.8538363, 60.6489379), (56.8543648, 60.6481165)]",174896.53428654652,6735
way/772389923,56.85430426666667,60.64047255,"[(56.8561526, 60.6410122), (56.8542612, 60.6373398), (56.8539818, 60.6375843), (56.8515769, 60.6409371), (56.8537005, 60.6449497), (56.8561526, 60.6410122)]",119612.12069866061,4885
way/772389924,56.8592905,60.6308721125,"[(56.8600283, 60.6320215), (56.8602496, 60.6292024), (56.8597365, 60.6281483), (56.8580648, 60.6308761), (56.8584006, 60.6312677), (56.8587511, 60.6316218), (56.8590648, 60.6318176), (56.8600283, 60.6320215)]",33188.997506156564,1505
way/772389925,56.85867375217391,60.637177404347824,"[(56.8594754, 60.6338346), (56.8590656, 60.6329723), (56.8588137, 60.6329702), (56.8584328, 60.6327268), (56.8578159, 60.6318587), (56.8547227, 60.6365356), (56.8564561, 60.6408003), (56.8583639, 60.6448638), (56.8592144, 60.6432223), (56.8592956, 60.6407008), (56.8592593, 60.6403802), (56.8589563, 60.640301), (56.8589894, 60.6397885), (56.8587836, 60.6397708), (56.8584219, 60.6389941), (56.858603, 60.6375753), (56.8586756, 60.6359655), (56.8588654, 60.6360007), (56.859397, 60.6360992), (56.859412, 60.6359364), (56.8594314, 60.6357257), (56.8595699, 60.6342229), (56.8594754, 60.6338346)]",224591.37093882775,7285
way/772389926,56.86395037142857,60.64060322857143,"[(56.8612703, 60.6478545), (56.8655252, 60.648804), (56.8665831, 60.636736), (56.865226, 60.6363988), (56.8654547, 60.6338024), (56.862323, 60.6327724), (56.8612703, 60.6478545)]",425181.24489969015,23760
way/772389927,56.86024353636364,60.64336423636364,"[(56.8599359, 60.6480932), (56.8601676, 60.6482059), (56.8604813, 60.6480181), (56.8609799, 60.6479752), (56.861933, 60.635696), (56.8609623, 60.6354546), (56.8607218, 60.6385875), (56.8597218, 60.6384105), (56.8593728, 60.6434745), (56.8584666, 60.6449979), (56.8599359, 60.6480932)]",150342.64279878512,6275
way/783309193,56.95326379615385,60.726809461538465,"[(56.9528664, 60.7302073), (56.9536513, 60.7300783), (56.9541914, 60.7296542), (56.9542575, 60.7292301), (56.9541584, 60.7286189), (56.9540894, 60.7286295), (56.9539344, 60.7277718), (56.9535392, 60.7277947), (56.9535117, 60.726992), (56.9537918, 60.726937), (56.9537393, 60.7262995), (56.9533741, 60.7264004), (56.9530915, 60.7252354), (56.9533166, 60.7250657), (56.9531565, 60.7241942), (56.9533191, 60.7240704), (56.9531215, 60.7232356), (56.9526237, 60.7234649), (56.9526362, 60.7238318), (56.9523086, 60.7240795), (56.9524336, 60.7248822), (56.9526337, 60.7262261), (56.9526888, 60.7267077), (56.9527488, 60.7279461), (56.9528088, 60.7292854), (56.9528664, 60.7302073)]",44181.3182120258,115
way/783309194,56.950653849999995,60.72036133448275,"[(56.9485948, 60.7169726), (56.948202, 60.7181285), (56.948646, 60.7192119), (56.9488619, 60.7208798), (56.9490072, 60.7214039), (56.9492036, 60.7216584), (56.9497575, 60.7233655), (56.949881, 60.7237659), (56.9505476, 60.7228175), (56.9506654, 60.723297), (56.9505131, 60.7237501), (56.9503666, 60.7246721), (56.9507459, 60.7254993), (56.9506166, 60.7257416), (56.950812, 60.7261473), (56.9509844, 60.7262896), (56.9511194, 60.7263317), (56.9513751, 60.7258891), (56.9516151, 60.7250356), (56.9522453, 60.7228122), (56.9522765, 60.7225771), (56.9522559, 60.7222274), (56.9521915, 60.7219522), (56.951967, 60.7213938), (56.9518612, 60.7213818), (56.9516064, 60.7216294), (56.9515629, 60.7215455), (56.9518568, 60.7208109), (56.952337, 60.7200782), (56.9521595, 60.7196869), (56.9520681, 60.7197159), (56.9517989, 60.7201539), (56.9516221, 60.719835), (56.9519748, 60.7190713), (56.9516846, 60.7185645), (56.9515664, 60.7184061), (56.951483, 60.7182882), (56.9513448, 60.7180966), (56.9512941, 60.7180268), (56.9509497, 60.7188115), (56.950856, 60.7186637), (56.9507341, 60.7183922), (56.9504945, 60.7180408), (56.9505163, 60.717953), (56.9504314, 60.7176815), (56.9501886, 60.717392), (56.9501352, 60.717356), (56.9500285, 60.7174159), (56.9496812, 60.7185879), (56.9496366, 60.7185339), (56.9499697, 60.7174299), (56.9499229, 60.7171185), (56.9498217, 60.7168809), (56.9497062, 60.7166673), (56.9496551, 60.7166094), (56.9490753, 60.7164785), (56.9488535, 60.7168608), (56.9485948, 60.7169726)]",143061.1496944176,155
way/783367923,56.958177375,60.68437475833333,"[(56.9588187, 60.6841331), (56.9581536, 60.6828341), (56.9579863, 60.6829866), (56.9577948, 60.6831983), (56.9577261, 60.6832841), (56.9573225, 60.6840204), (56.9569085, 60.6847867), (56.9581027, 60.6857977), (56.9588923, 60.6865842), (56.9590699, 60.6860516), (56.9585344, 60.6846872), (56.9588187, 60.6841331)]",25698.3284862265,462
way/783367924,56.95946847142857,60.685531028571425,"[(56.9596133, 60.6848376), (56.9591534, 60.6859495), (56.9589373, 60.6865837), (56.9592864, 60.6869109), (56.9600179, 60.6849128), (56.9596577, 60.6846851), (56.9596133, 60.6848376)]",6133.42618368566,8
way/783594715,56.94685103043478,60.680818943478265,"[(56.9466662, 60.6767775), (56.9466241, 60.6767952), (56.9464813, 60.677698), (56.9466208, 60.6777843), (56.9461217, 60.682782), (56.946046, 60.6830131), (56.9453687, 60.6848926), (56.9457183, 60.6851669), (56.9458074, 60.6849419), (56.946088, 60.6853178), (56.9467575, 60.6834923), (56.9468994, 60.6830492), (56.9469548, 60.6830939), (56.9473616, 60.6819334), (56.9474024, 60.6817046), (56.9475195, 60.6812469), (56.9476826, 60.6807005), (56.9477895, 60.6799439), (56.9478965, 60.6790239), (56.9480697, 60.6782346), (56.9479857, 60.6775481), (56.9470458, 60.6769176), (56.9466662, 60.6767775)]",64734.41760431975,455
way/783594717,56.94352900526316,60.679013778947365,"[(56.9427286, 60.6760831), (56.9424614, 60.677183), (56.9431169, 60.6778517), (56.9437203, 60.6784895), (56.9439925, 60.678776), (56.9437371, 60.6809668), (56.9435505, 60.6825074), (56.9434194, 60.6836967), (56.9437438, 60.6838385), (56.9440732, 60.6826861), (56.9442665, 60.6809483), (56.9445118, 60.6788531), (56.9445656, 60.6783816), (56.9438379, 60.6776329), (56.9435942, 60.677408), (56.9432631, 60.6770382), (56.9428312, 60.6765699), (56.9429085, 60.6762679), (56.9427286, 60.6760831)]",29909.852883532643,12
way/783594756,56.9559270173913,60.66826420869565,"[(56.9544819, 60.6668388), (56.9543534, 60.667462), (56.9550612, 60.6681599), (56.9555701, 60.6686499), (56.9561711, 60.6692043), (56.956344, 60.6693774), (56.9564484, 60.6694978), (56.9566129, 60.6696164), (56.9566912, 60.6696149), (56.9567771, 60.669334), (56.9568209, 60.6691785), (56.956868, 60.6689671), (56.9568581, 60.668778), (56.9568121, 60.6685595), (56.9566901, 60.6682617), (56.9566372, 60.6682021), (56.9561648, 60.6677677), (56.9557383, 60.6673801), (56.9555562, 60.6672237), (56.9553257, 60.6671746), (56.9550277, 60.6670345), (56.9548291, 60.6669551), (56.9544819, 60.6668388)]",20157.396880685235,102
way/783594761,56.95738920625,60.66946349375,"[(56.9569815, 60.6685103), (56.9569128, 60.6688699), (56.9569471, 60.6692786), (56.9572043, 60.6697129), (56.9573775, 60.6701052), (56.9574539, 60.6703247), (56.9575354, 60.6705606), (56.9576984, 60.6702196), (56.9577391, 60.6700819), (56.9577824, 60.6698904), (56.957799, 60.6695938), (56.9577124, 60.6692856), (56.9576271, 60.6690591), (56.9574577, 60.668891), (56.9570172, 60.668522), (56.9569815, 60.6685103)]",6406.952617708594,15
way/785980350,56.96330454444444,60.68004176666667,"[(56.9628184, 60.6803557), (56.9631908, 60.6810997), (56.9633637, 60.680807), (56.9632949, 60.6806728), (56.9634501, 60.6800711), (56.9638557, 60.6787946), (56.9637404, 60.6786238), (56.9632085, 60.6795955), (56.9628184, 60.6803557)]",5721.078198418021,8
way/786197926,56.9507469,60.68296569,"[(56.9512675, 60.6805199), (56.9507877, 60.680941), (56.9505581, 60.6813005), (56.9504279, 60.6817752), (56.950226, 60.6825906), (56.9500329, 60.6834918), (56.9500622, 60.6838351), (56.9504191, 60.6839424), (56.9506122, 60.684047), (56.9508594, 60.6842562), (56.9513977, 60.6847659), (56.9514445, 60.6846398), (56.9513289, 60.6843528), (56.9512865, 60.6842992), (56.9504732, 60.6836393), (56.9503913, 60.6834543), (56.9502801, 60.6826898), (56.9502948, 60.6825718), (56.9515205, 60.6816813), (56.9512675, 60.6805199)]",12933.091750707477,25
way/786197927,56.95153755,60.6833168125,"[(56.9515615, 60.6818128), (56.9509764, 60.6822285), (56.951345, 60.6841382), (56.9514825, 60.6845701), (56.9517619, 60.684334), (56.9516712, 60.683921), (56.9519404, 60.6837171), (56.9515615, 60.6818128)]",9756.453771695495,25
way/795732162,56.87196506,60.73510634,"[(56.8724318, 60.7339294), (56.8715596, 60.7336336), (56.8712565, 60.7368872), (56.8721456, 60.7371521), (56.8724318, 60.7339294)]",19925.78834590316,2
way/795732163,56.870718139999994,60.73442537999999,"[(56.8714671, 60.7335937), (56.8710222, 60.7334521), (56.8708597, 60.7334308), (56.870616, 60.7334946), (56.8701905, 60.7339547), (56.8697069, 60.7345492), (56.8702717, 60.7357738), (56.87038, 60.7360499), (56.8712002, 60.7363613), (56.8714671, 60.7335937)]",22832.958103293553,28
way/799382284,56.86902142857143,60.736404521428575,"[(56.8691171, 60.7351523), (56.868428, 60.7353017), (56.8684356, 60.7365066), (56.8687726, 60.7365533), (56.8687853, 60.7368522), (56.8688874, 60.7369876), (56.8690942, 60.7371791), (56.8691682, 60.7374499), (56.8692295, 60.7374593), (56.8693418, 60.7369829), (56.8693622, 60.7365486), (56.8693367, 60.7359929), (56.8692243, 60.7355446), (56.8691171, 60.7351523)]",9952.842233264819,682
way/799382285,56.86822478888889,60.734045022222226,"[(56.8687274, 60.7350912), (56.8687442, 60.7341854), (56.8684647, 60.7340252), (56.8681312, 60.7331748), (56.8677911, 60.7321457), (56.8672993, 60.7327065), (56.8679426, 60.7348324), (56.8681952, 60.7351528), (56.8687274, 60.7350912)]",13881.046517640352,138
way/799382286,56.86368806666667,60.730941083333335,"[(56.8639044, 60.7296912), (56.8633453, 60.7296876), (56.8633318, 60.7322252), (56.8637787, 60.7322181), (56.8638638, 60.7321332), (56.8639044, 60.7296912)]",9344.550753623247,165
way/817786804,56.8777881,60.741405580000006,"[(56.8778529, 60.7411931), (56.8776664, 60.7411461), (56.8776775, 60.7417356), (56.8778908, 60.74176), (56.8778529, 60.7411931)]",778.8205677941442,2
way/823186928,56.9087433625,60.722153125,"[(56.9088796, 60.7210279), (56.9084871, 60.7211138), (56.9084871, 60.7228948), (56.9084109, 60.7233668), (56.9088737, 60.7235385), (56.9089908, 60.7231952), (56.9089381, 60.7210601), (56.9088796, 60.7210279)]",7869.967001680285,5
way/823531768,56.68979834,60.56864091999999,"[(56.6900435, 60.5712348), (56.6901097, 60.5646758), (56.6894274, 60.5648379), (56.6893676, 60.5712213), (56.6900435, 60.5712348)]",29954.47959211655,40
way/827574597,56.79385069285714,60.62461997142857,"[(56.7957065, 60.6213165), (56.7936765, 60.6213563), (56.7927554, 60.6223288), (56.7926069, 60.6223129), (56.7926069, 60.6236681), (56.7926353, 60.6237558), (56.7926113, 60.6259366), (56.7926004, 60.6280764), (56.7930762, 60.6280843), (56.7936525, 60.6274178), (56.7950585, 60.6271831), (56.7955081, 60.626138), (56.7957087, 60.6257885), (56.7957065, 60.6213165)]",121919.95849614125,6168
way/827574598,56.794146615625,60.6312214625,"[(56.795574, 60.6281815), (56.7938977, 60.6282373), (56.7930573, 60.6289928), (56.792931, 60.6292655), (56.7928199, 60.6296234), (56.7928323, 60.6298924), (56.792744, 60.6302473), (56.7927387, 60.630634), (56.7930101, 60.6310381), (56.7929904, 60.6321649), (56.7932243, 60.6336498), (56.7936798, 60.6340643), (56.7939481, 60.6340627), (56.7942859, 60.6336214), (56.7944468, 60.6333221), (56.7944256, 60.6328941), (56.7944101, 60.632683), (56.7941791, 60.6324111), (56.7941849, 60.6321228), (56.7940348, 60.632103), (56.7933623, 60.6321124), (56.7933482, 60.6308294), (56.7944509, 60.6307869), (56.794458, 60.6316374), (56.7946178, 60.631651), (56.7947249, 60.6322909), (56.7953966, 60.631673), (56.7958117, 60.6312375), (56.7959455, 60.6305319), (56.7959209, 60.629756), (56.7956661, 60.6291874), (56.795574, 60.6281815)]",75834.7612395056,5910
way/828735220,56.78400594705882,60.64576087647059,"[(56.782799, 60.6486167), (56.7832359, 60.6498459), (56.7841952, 60.6484948), (56.7836735, 60.6472497), (56.7847726, 60.6457785), (56.7848315, 60.6455456), (56.7845293, 60.64437), (56.7851587, 60.6435702), (56.7846455, 60.6420802), (56.7842021, 60.6426867), (56.7846196, 60.6438046), (56.7844692, 60.6440052), (56.7845087, 60.6443767), (56.7836875, 60.6456601), (56.7834977, 60.6459233), (56.7824761, 60.64731), (56.782799, 60.6486167)]",42438.90166644752,2
way/828735221,56.784570540000004,60.6469019,"[(56.7848542, 60.6459451), (56.7837739, 60.647444), (56.7841702, 60.6483507), (56.7852002, 60.6468246), (56.7848542, 60.6459451)]",10234.933116137981,458
way/846387883,56.78512465714285,60.53821218571428,"[(56.7852718, 60.5365676), (56.7841608, 60.5385328), (56.7845758, 60.5393645), (56.784971, 60.5386605), (56.7854412, 60.5395523), (56.7861802, 60.53824), (56.7852718, 60.5365676)]",20538.838723540306,2015
way/847111514,56.721835171428566,60.50482737857143,"[(56.7222535, 60.5083039), (56.7223429, 60.5079216), (56.7222108, 60.5064989), (56.7219156, 60.505876), (56.7221176, 60.5035684), (56.7217991, 60.5016573), (56.721869, 60.4999868), (56.7213563, 60.4993497), (56.7212243, 60.5018271), (56.7215467, 60.503526), (56.7213913, 60.5061662), (56.7216515, 60.5067396), (56.7217603, 60.5078579), (56.7222535, 60.5083039)]",32631.723637461662,5
way/847539245,56.800336564,60.616499483999995,"[(56.7983276, 60.6199119), (56.79857, 60.619947), (56.7987914, 60.619785), (56.7987589, 60.6183665), (56.8001347, 60.6179877), (56.8005784, 60.6194473), (56.8013643, 60.6191246), (56.802064, 60.6188907), (56.802686, 60.6187274), (56.8025481, 60.6176845), (56.8022313, 60.6149162), (56.8022415, 60.6141358), (56.8021807, 60.6139439), (56.8016142, 60.6141276), (56.8015519, 60.6135478), (56.8016439, 60.6134613), (56.801584, 60.6130912), (56.8010806, 60.6132961), (56.7995169, 60.6138969), (56.7992303, 60.6143249), (56.7986644, 60.6145492), (56.7982858, 60.6146749), (56.7981972, 60.6150252), (56.7982404, 60.6197116), (56.7983276, 60.6199119)]",141821.31450044736,4538
way/847539246,56.80187573333333,60.62339459166666,"[(56.8017068, 60.627605), (56.801942, 60.6284536), (56.8020135, 60.6285076), (56.8029949, 60.627619), (56.8022988, 60.6247839), (56.802143, 60.6244039), (56.8019547, 60.6236356), (56.8032825, 60.6226062), (56.8039064, 60.6217629), (56.8033889, 60.6197826), (56.8028342, 60.6200061), (56.8022552, 60.6199821), (56.8021449, 60.6202813), (56.8014227, 60.6201456), (56.8004909, 60.6203463), (56.8004813, 60.6208348), (56.8012727, 60.6209884), (56.8015073, 60.622128), (56.800599, 60.6227408), (56.800765, 60.6234428), (56.8011322, 60.6232279), (56.8015936, 60.625128), (56.8011803, 60.6254528), (56.8017068, 60.627605)]",89643.85465178825,3988
way/848879644,56.6957153875,60.56422735,"[(56.6968041, 60.5628486), (56.6951717, 60.5595359), (56.6928007, 60.5632308), (56.694682, 60.5665435), (56.6962438, 60.5682393), (56.6972311, 60.5665792), (56.6959856, 60.5639929), (56.6968041, 60.5628486)]",129921.12184250355,20
way/848938341,56.782434,60.646641980000005,"[(56.7826816, 60.6468157), (56.7823734, 60.6461315), (56.7820805, 60.646246), (56.7823529, 60.647201), (56.7826816, 60.6468157)]",2227.7115109860897,5
way/849720429,56.78754221666667,60.80126535,"[(56.7881612, 60.8005027), (56.7875853, 60.7999126), (56.7867861, 60.801699), (56.7870065, 60.802391), (56.787553, 60.8025841), (56.7881612, 60.8005027)]",13511.578764259815,18
way/849720432,56.78822246,60.80334372,"[(56.7884795, 60.8031717), (56.7879154, 60.8029523), (56.7878243, 60.8035823), (56.7884136, 60.8038406), (56.7884795, 60.8031717)]",2676.61900614202,2
way/849720433,56.787989366666665,60.80240018333333,"[(56.7882643, 60.80234), (56.7878204, 60.8018835), (56.7877099, 60.8022728), (56.7876653, 60.8026444), (56.788212, 60.8029204), (56.7882643, 60.80234)]",2599.8308318555355,2
way/849720434,56.78444802,60.82461592,"[(56.7855018, 60.8222416), (56.7847554, 60.8220324), (56.7829041, 60.8279655), (56.783577, 60.8285985), (56.7855018, 60.8222416)]",35093.51572754979,32
way/850133773,56.6757314625,60.58247615,"[(56.6764409, 60.5825163), (56.6765302, 60.5814267), (56.6767893, 60.5809552), (56.6769769, 60.5795729), (56.6760969, 60.5792477), (56.6760924, 60.5798493), (56.6760746, 60.5815243), (56.6759718, 60.5820122), (56.6756681, 60.5827033), (56.6750829, 60.5838335), (56.6747881, 60.5831017), (56.6737562, 60.5846222), (56.6744084, 60.5862159), (56.6748462, 60.5854028), (56.6757396, 60.5841181), (56.6764409, 60.5825163)]",40150.63661727309,35
way/856787147,56.8259774625,60.6735265875,"[(56.8257254, 60.6689393), (56.8239583, 60.675044), (56.8236237, 60.676825), (56.8237352, 60.6781018), (56.8241051, 60.6791425), (56.8246511, 60.6801402), (56.8253556, 60.6805587), (56.8263595, 60.6804407), (56.8272459, 60.679518), (56.8278153, 60.6780696), (56.8280619, 60.6706238), (56.829324, 60.6653237), (56.8271167, 60.6626201), (56.8265532, 60.6648409), (56.8262831, 60.6672978), (56.8257254, 60.6689393)]",359861.5936087519,15755
way/856787148,56.81152635714285,60.631492914285715,"[(56.81081, 60.6302353), (56.8110225, 60.6325164), (56.8112115, 60.6327455), (56.8113778, 60.6328399), (56.8128633, 60.6321941), (56.8125894, 60.6296839), (56.81081, 60.6302353)]",32699.857837058604,152
way/856787149,56.811522925,60.62778946875,"[(56.8104409, 60.6266302), (56.8106964, 60.6292212), (56.8109783, 60.6291246), (56.8114569, 60.6286687), (56.8117271, 60.6285587), (56.8118768, 60.6284165), (56.8121353, 60.6283388), (56.8122175, 60.6284246), (56.8127364, 60.6282192), (56.8126009, 60.626793), (56.8125368, 60.6266185), (56.8114105, 60.627051), (56.8113656, 60.6276234), (56.8109444, 60.6278034), (56.8108021, 60.6265095), (56.8104409, 60.6266302)]",23975.579554371536,628
way/856787150,56.8160629,60.62178181428572,"[(56.8155688, 60.6212899), (56.8156962, 60.6228335), (56.8161801, 60.6226598), (56.816109, 60.6218429), (56.8166982, 60.6216541), (56.8166192, 60.6209026), (56.8155688, 60.6212899)]",8224.916930124164,300
way/856787151,56.811965699999995,60.62356841999999,"[(56.8100911, 60.6231807), (56.810358, 60.6257902), (56.8147776, 60.6240975), (56.8145107, 60.621593), (56.8100911, 60.6231807)]",79839.44614219666,2020
way/856787152,56.81163124166667,60.61859068333334,"[(56.8125076, 60.6194063), (56.8123307, 60.6194528), (56.8121944, 60.6194876), (56.8120762, 60.6180029), (56.811561, 60.6181914), (56.8115318, 60.6172881), (56.8114354, 60.6163316), (56.8111141, 60.6158187), (56.8094591, 60.6164128), (56.810173, 60.6219319), (56.812684, 60.6213578), (56.8125076, 60.6194063)]",87310.4945445992,4812
way/856787153,56.81553642,60.618503069999996,"[(56.8144285, 60.617921), (56.8147603, 60.6207668), (56.816616, 60.6201687), (56.8164794, 60.618866), (56.8159114, 60.6190716), (56.8157837, 60.6178528), (56.8162387, 60.6176949), (56.8161858, 60.6171432), (56.8145319, 60.6176247), (56.8144285, 60.617921)]",35221.15268319845,1722
way/856787154,56.814937959999995,60.61600556,"[(56.8143038, 60.6171352), (56.8161212, 60.6166155), (56.8159201, 60.6141901), (56.8140409, 60.6149518), (56.8143038, 60.6171352)]",29977.460421204567,2112
way/856787155,56.81369764,60.59800804,"[(56.8143491, 60.5969877), (56.8125545, 60.5975521), (56.8127344, 60.5995439), (56.8145011, 60.5989688), (56.8143491, 60.5969877)]",24700.030744850636,2502
way/857250670,56.84386378000001,60.641862960000005,"[(56.8428683, 60.6403926), (56.8433363, 60.6447726), (56.8453694, 60.6441557), (56.8448766, 60.6396013), (56.8428683, 60.6403926)]",63642.418215334415,1545
way/857250671,56.8435542,60.63781054444444,"[(56.8423525, 60.6361667), (56.8427932, 60.6400477), (56.843306, 60.639835), (56.8432316, 60.6388628), (56.8433644, 60.6388033), (56.8433362, 60.6386165), (56.843226, 60.6385183), (56.8430169, 60.6367081), (56.843567, 60.6364875), (56.8438534, 60.6363654), (56.8438692, 60.6364409), (56.8440955, 60.6363631), (56.8443258, 60.6383974), (56.8440157, 60.6386097), (56.8440928, 60.6395829), (56.8448309, 60.6392445), (56.844346, 60.6353733), (56.8423525, 60.6361667)]",34333.69384185225,1985
way/857250673,56.8408422,60.64014204615384,"[(56.8427025, 60.6451227), (56.8423351, 60.6422533), (56.8418669, 60.6378469), (56.8417597, 60.6376842), (56.8417198, 60.6372394), (56.8416276, 60.6365127), (56.8389433, 60.6375053), (56.8390796, 60.6383673), (56.8395301, 60.6382155), (56.8396917, 60.639773), (56.8391239, 60.64), (56.8398659, 60.6462036), (56.8427025, 60.6451227)]",166478.79726876318,7240
way/857250674,56.84271474444444,60.66153091111111,"[(56.8418533, 60.663606), (56.8436803, 60.662883), (56.8435563, 60.6617725), (56.8427876, 60.6620622), (56.8426028, 60.660662), (56.8434067, 60.6603509), (56.8432584, 60.6590641), (56.841434, 60.6597715), (56.8418533, 60.663606)]",41688.003489643335,1802
way/857250675,56.837704136363634,60.66295165454546,"[(56.8391727, 60.6619066), (56.8380441, 60.6623402), (56.8379168, 60.6612012), (56.8365303, 60.6618047), (56.8367159, 60.6633067), (56.8370409, 60.6631538), (56.8371407, 60.663929), (56.8367533, 60.6640685), (56.8368478, 60.6649542), (56.8394103, 60.6638967), (56.8391727, 60.6619066)]",45537.90359261632,2928
way/857250676,56.84013746923077,60.66176717692308,"[(56.8409714, 60.6599566), (56.8402963, 60.6602079), (56.8403981, 60.6610409), (56.8398906, 60.6612812), (56.8399124, 60.6615328), (56.8397373, 60.6615839), (56.8396358, 60.6608853), (56.8392395, 60.661047), (56.8395462, 60.6637988), (56.8397735, 60.66376), (56.8400376, 60.6641945), (56.841377, 60.6637278), (56.8409714, 60.6599566)]",39958.23264051601,2638
way/857250677,56.83918582,60.65736236,"[(56.8380431, 60.6561505), (56.8385243, 60.6601283), (56.840879, 60.6591653), (56.8404396, 60.6552172), (56.8380431, 60.6561505)]",66951.26730155945,2998
way/857250678,56.83612646363636,60.65512754545455,"[(56.8353463, 60.65686), (56.8366081, 60.6563276), (56.8365289, 60.6556892), (56.8355898, 60.6560433), (56.8354401, 60.6547666), (56.8362427, 60.6544796), (56.8362237, 60.6543374), (56.8375647, 60.6537956), (56.8374753, 60.6531492), (56.8350252, 60.6540945), (56.8353463, 60.65686)]",21617.46033960581,1628
way/857250679,56.836709000000006,60.65884584166667,"[(56.8353807, 60.6572071), (56.8354957, 60.6582453), (56.8363094, 60.657977), (56.8364658, 60.6593129), (56.8372625, 60.6590152), (56.8373269, 60.6597444), (56.8373388, 60.6598788), (56.8365787, 60.660249), (56.8366592, 60.6609154), (56.8384051, 60.6602483), (56.8379045, 60.6561496), (56.8353807, 60.6572071)]",51523.51959498227,2255
way/857250680,56.83811625714286,60.64919832857142,"[(56.8371069, 60.6479108), (56.8373981, 60.6505139), (56.8375882, 60.6522131), (56.8399335, 60.6511684), (56.8395212, 60.6470606), (56.838159, 60.6476107), (56.8371069, 60.6479108)]",70315.7684353292,2692
way/857250681,56.83544925,60.650508366666664,"[(56.8344108, 60.6490025), (56.8347032, 60.6516849), (56.8349251, 60.6531853), (56.8373132, 60.6522199), (56.8369324, 60.6479551), (56.8344108, 60.6490025)]",74072.0833799839,1745
way/857250682,56.833441830000005,60.65276833,"[(56.8325499, 60.654182), (56.8332654, 60.6538718), (56.8331996, 60.6532976), (56.8337816, 60.6530939), (56.8338407, 60.6536546), (56.8347788, 60.6532944), (56.8342868, 60.6489381), (56.8336823, 60.6491581), (56.8324833, 60.6540108), (56.8325499, 60.654182)]",43255.467740267515,5630
way/857250683,56.83072601428571,60.65304918571428,"[(56.8305629, 60.6549304), (56.8317448, 60.6508548), (56.8312308, 60.6503322), (56.8305328, 60.652719), (56.8304077, 60.6531523), (56.8300402, 60.6544252), (56.8305629, 60.6549304)]",18588.360852092505,590
way/857250684,56.83160591666667,60.653893933333336,"[(56.8315745, 60.6566021), (56.8329924, 60.6513924), (56.8335385, 60.6491017), (56.8326522, 60.6483614), (56.8312551, 60.6531879), (56.8316008, 60.6535529), (56.8313418, 60.6545305), (56.8309665, 60.6541849), (56.830286, 60.6565355), (56.8306444, 60.6567318), (56.8308443, 60.655944), (56.8315745, 60.6566021)]",60534.33072710037,3065
way/858182313,56.85382488571428,60.617361366666664,"[(56.8523325, 60.6186162), (56.8529571, 60.6185088), (56.8531266, 60.6194436), (56.853325, 60.6193991), (56.8539975, 60.6186231), (56.8542568, 60.6183978), (56.8553205, 60.6172342), (56.8559512, 60.6160592), (56.8563799, 60.6154356), (56.8562492, 60.6147386), (56.8537696, 60.6156752), (56.8537949, 60.6159876), (56.8541467, 60.6163364), (56.8542358, 60.616944), (56.8541112, 60.6172646), (56.853223, 60.6175918), (56.8531267, 60.6169632), (56.8527332, 60.617082), (56.8527218, 60.6177593), (56.8522309, 60.6179122), (56.8523325, 60.6186162)]",49375.998013217,3812
way/858182314,56.849934958333336,60.62036279583333,"[(56.8490192, 60.6174776), (56.8491098, 60.6185264), (56.8491637, 60.6189618), (56.8491708, 60.6190586), (56.8492393, 60.6196114), (56.8493057, 60.6199896), (56.8493738, 60.6205634), (56.8494127, 60.6209141), (56.8494857, 60.6214987), (56.8495351, 60.6218733), (56.8496032, 60.6224036), (56.8496683, 60.6229157), (56.8496882, 60.6230766), (56.8498951, 60.6230993), (56.8503869, 60.6228908), (56.850483, 60.6222921), (56.8512703, 60.6219885), (56.8512009, 60.6213383), (56.8517163, 60.6211402), (56.8515257, 60.6206409), (56.8510965, 60.6167942), (56.8503425, 60.6169779), (56.8497271, 60.6171965), (56.8490192, 60.6174776)]",76495.24994780868,4955
way/858182318,56.837404760000005,60.5829424,"[(56.8364261, 60.5822048), (56.8367152, 60.5849004), (56.8388881, 60.5841172), (56.8385683, 60.5812848), (56.8364261, 60.5822048)]",42294.98959386349,2378
way/858182320,56.849089379999995,60.64620324,"[(56.8484817, 60.648255), (56.8504866, 60.6474274), (56.850024, 60.6431383), (56.8479729, 60.6439405), (56.8484817, 60.648255)]",61967.16501665115,5400
way/859283359,56.841951538461544,60.62133099230769,"[(56.8429838, 60.6219923), (56.8428732, 60.6218271), (56.842789, 60.6199515), (56.8423899, 60.6199624), (56.8423482, 60.6200287), (56.8409641, 60.6204666), (56.840981, 60.6207349), (56.8409868, 60.6212591), (56.8409514, 60.6221538), (56.8412225, 60.6223746), (56.8416295, 60.6224055), (56.8422668, 60.6221541), (56.8429838, 60.6219923)]",26300.863897565752,2088
way/859283360,56.842734799999995,60.623970480000004,"[(56.8432277, 60.6247258), (56.8430517, 60.6224298), (56.8419661, 60.6228697), (56.8422008, 60.6251013), (56.8432277, 60.6247258)]",16819.033380627632,780
way/859283361,56.84281575999999,60.629540899999995,"[(56.8435328, 60.628159), (56.8414145, 60.6289744), (56.8417666, 60.6316674), (56.8438321, 60.6307447), (56.8435328, 60.628159)]",39445.77526575327,2930
way/859283362,56.84251415999999,60.626538419999996,"[(56.8432879, 60.6251656), (56.8410814, 60.6260348), (56.8413705, 60.6285667), (56.8435431, 60.6277594), (56.8432879, 60.6251656)]",39686.06918281317,2368
way/859283363,56.84492717142857,60.62143133571429,"[(56.8457215, 60.623846), (56.8456452, 60.6227249), (56.8448678, 60.6229609), (56.8447123, 60.6214052), (56.8455279, 60.6212121), (56.8453893, 60.6195103), (56.8452822, 60.6187636), (56.845145, 60.6188132), (56.8451274, 60.6196412), (56.8447958, 60.6197701), (56.844166, 60.6212449), (56.8433633, 60.6216281), (56.8435152, 60.6246722), (56.8457215, 60.623846)]",47498.5451025106,2428
way/859283364,56.84497044,60.62616935999999,"[(56.8459012, 60.6269171), (56.8457347, 60.6242431), (56.8435328, 60.6250369), (56.8437823, 60.6277326), (56.8459012, 60.6269171)]",40554.04051464796,1502
way/859283365,56.84611167333333,60.6272187,"[(56.8459504, 60.6241357), (56.8461792, 60.6272739), (56.8447489, 60.6278157), (56.8449265, 60.6297957), (56.8442503, 60.630043), (56.8442152, 60.6298937), (56.8440108, 60.6299399), (56.8440822, 60.6306614), (56.8455733, 60.6301063), (56.8485437, 60.6260535), (56.8484973, 60.6256194), (56.8483867, 60.6253262), (56.8482351, 60.6241772), (56.8481251, 60.6233032), (56.8459504, 60.6241357)]",89129.17732319236,4572
way/859283366,56.84700835151515,60.619547966666666,"[(56.8489026, 60.6196432), (56.848894, 60.6195634), (56.8487826, 60.6186064), (56.8486207, 60.6176167), (56.8481121, 60.6177528), (56.8479824, 60.6177992), (56.8475869, 60.6179146), (56.846652, 60.6182597), (56.8455788, 60.6186513), (56.8455476, 60.6186605), (56.8455673, 60.6188718), (56.8455748, 60.6189505), (56.8455778, 60.6189835), (56.8455874, 60.6190858), (56.8456128, 60.6193456), (56.845688, 60.6201564), (56.8456983, 60.6202961), (56.8457335, 60.6206508), (56.8457626, 60.6208982), (56.8462046, 60.6207228), (56.8462085, 60.6207459), (56.84623, 60.6207383), (56.8462383, 60.6207117), (56.8464701, 60.6206163), (56.8471176, 60.6203598), (56.8474167, 60.6202262), (56.8476261, 60.6201524), (56.8478698, 60.6200556), (56.8479309, 60.6200313), (56.8484462, 60.6198216), (56.8485253, 60.6197913), (56.8486267, 60.61976), (56.8489026, 60.6196432)]",47705.43982297089,3788
way/859283368,56.841764100000006,60.61847796666666,"[(56.8426064, 60.6170371), (56.8404855, 60.6177945), (56.8407141, 60.6197385), (56.8413109, 60.6194964), (56.8413049, 60.6193013), (56.8420865, 60.619011), (56.8420374, 60.6185476), (56.8427248, 60.6183382), (56.8426064, 60.6170371)]",24316.272467821836,598
way/859283372,56.841255739999994,60.60813366,"[(56.8418025, 60.6083053), (56.8417153, 60.6074148), (56.8404242, 60.6078729), (56.8405342, 60.60877), (56.8418025, 60.6083053)]",8082.67896014452,500
way/859283376,56.843930918181826,60.61494602727273,"[(56.8434813, 60.6161827), (56.8446595, 60.6158638), (56.8444008, 60.6136364), (56.8442158, 60.613641), (56.8442497, 60.6142579), (56.8440701, 60.6143545), (56.8440689, 60.6145965), (56.8435676, 60.6147111), (56.8436112, 60.6154459), (56.8434339, 60.6155338), (56.8434813, 60.6161827)]",11841.606878310908,1400
way/859283378,56.84698999285714,60.6164749,"[(56.8483725, 60.6150349), (56.8477452, 60.6152543), (56.8477106, 60.615267), (56.8476678, 60.6152826), (56.8462362, 60.6157821), (56.8453291, 60.6160994), (56.8453529, 60.6163268), (56.8453638, 60.616431), (56.8453711, 60.6165012), (56.8453813, 60.6165984), (56.8454692, 60.6174396), (56.8454798, 60.6175501), (56.8454875, 60.6176201), (56.8455003, 60.6177362), (56.8455215, 60.6179397), (56.8464281, 60.6176228), (56.8465154, 60.6175923), (56.847571, 60.6172234), (56.8476739, 60.6171874), (56.8477906, 60.6171466), (56.848565, 60.6168759), (56.8485423, 60.6166586), (56.8485345, 60.6165836), (56.8485131, 60.6163792), (56.8484235, 60.615523), (56.8484044, 60.6153399), (56.8483967, 60.6152662), (56.8483725, 60.6150349)]",39452.81445573829,2322
way/859283379,56.84928909,60.59599216,"[(56.8507456, 60.5940073), (56.8507429, 60.5938245), (56.8501644, 60.5929912), (56.8493926, 60.5947556), (56.8490945, 60.5949966), (56.8480024, 60.5975228), (56.8479335, 60.5977911), (56.8479804, 60.5999529), (56.848089, 60.6000723), (56.8507456, 60.5940073)]",43601.015398427844,2308
way/859283380,56.85085215555556,60.596453133333334,"[(56.8520066, 60.5959109), (56.8510107, 60.5943793), (56.8509502, 60.594413), (56.8509009, 60.5943948), (56.8495205, 60.5977777), (56.8495704, 60.598754), (56.8507617, 60.5983603), (56.8509418, 60.5981773), (56.8520066, 60.5959109)]",37966.266921633855,3315
way/859283381,56.85765418333333,60.60825883333333,"[(56.8569796, 60.6071842), (56.8572377, 60.6101775), (56.858276, 60.610038), (56.8582994, 60.6080317), (56.8581528, 60.6069374), (56.8569796, 60.6071842)]",24223.60804527998,878
way/859283382,56.8575882875,60.6038821125,"[(56.8571497, 60.6051564), (56.8572436, 60.605253), (56.8581645, 60.6051886), (56.8582466, 60.6049847), (56.858129, 60.6024152), (56.8581195, 60.6013618), (56.8565037, 60.6015408), (56.8571497, 60.6051564)]",34504.888946428895,2015
way/859283383,56.85287152857143,60.5994935,"[(56.8535553, 60.6008729), (56.8541821, 60.5992434), (56.8541735, 60.5989176), (56.8522911, 60.5961845), (56.8510686, 60.5988666), (56.8512748, 60.6014966), (56.8535553, 60.6008729)]",70785.63463959098,3440
way/859283384,56.85465426470588,60.60218694117648,"[(56.8539336, 60.6041822), (56.8551228, 60.6038576), (56.8550856, 60.6033164), (56.8548733, 60.6033782), (56.8548371, 60.6029407), (56.854742, 60.602969), (56.854715, 60.6024337), (56.8546744, 60.6015035), (56.8552512, 60.6013327), (56.8556238, 60.6012306), (56.8555716, 60.6008728), (56.8550498, 60.600028), (56.8544631, 60.6013691), (56.8539187, 60.6007191), (56.8536748, 60.6013163), (56.8536521, 60.6015459), (56.8539336, 60.6041822)]",26774.522429138422,1502
way/859283385,56.8522482375,60.6032692375,"[(56.8516335, 60.6049122), (56.8536677, 60.604324), (56.853599, 60.6035606), (56.8533698, 60.6014169), (56.8513319, 60.6020209), (56.8513522, 60.6022223), (56.8513983, 60.6027848), (56.8516335, 60.6049122)]",41536.75090512633,2212
way/859283386,56.8504149,60.603271240000005,"[(56.8499415, 60.6040943), (56.8512703, 60.6037), (56.8511251, 60.6020607), (56.8497961, 60.6024069), (56.8499415, 60.6040943)]",15384.328234314919,162
way/859283387,56.85125918888889,60.610100683333336,"[(56.8540038, 60.6076134), (56.8524158, 60.6081337), (56.852404, 60.6079835), (56.8501714, 60.6085308), (56.8499591, 60.6088981), (56.8498564, 60.6086996), (56.8493304, 60.6095175), (56.8487124, 60.6085602), (56.8480641, 60.6100461), (56.8481219, 60.6105721), (56.8484498, 60.6104914), (56.8499131, 60.6126997), (56.8525463, 60.611811), (56.8526769, 60.6131181), (56.8531868, 60.6129529), (56.8543729, 60.6124856), (56.8544765, 60.6120852), (56.8540038, 60.6076134)]",156748.71515289694,3892
way/859283388,56.85525366666666,60.60779114,"[(56.8547157, 60.6123585), (56.8567384, 60.6116453), (56.8563034, 60.6070238), (56.8560607, 60.6064202), (56.8559239, 60.6049125), (56.8558059, 60.6049314), (56.8557671, 60.6046566), (56.8556048, 60.6044569), (56.8552081, 60.6045697), (56.8539946, 60.6049673), (56.8542167, 60.607274), (56.854389, 60.6081382), (56.8547193, 60.6115667), (56.8546417, 60.6115875), (56.8547157, 60.6123585)]",99560.05227512121,3380
way/859283389,56.85312674444444,60.614619733333335,"[(56.8521503, 60.6152281), (56.8521811, 60.6156868), (56.8547858, 60.614811), (56.8545475, 60.6129334), (56.8533686, 60.613372), (56.8534903, 60.6145471), (56.8527194, 60.6147504), (56.8527474, 60.6150207), (56.8521503, 60.6152281)]",21575.092615827918,1625
way/859283390,56.84955929615384,60.615709403846154,"[(56.8488639, 60.6168072), (56.8495488, 60.6165668), (56.849736, 60.616503), (56.8503468, 60.6162892), (56.8505453, 60.6162197), (56.8511271, 60.6160161), (56.8510537, 60.6153146), (56.8510291, 60.6150797), (56.8509699, 60.6145141), (56.8509313, 60.6141453), (56.8508286, 60.6141812), (56.8498806, 60.614513), (56.8495802, 60.6146181), (56.8486685, 60.6149371), (56.8486902, 60.6151446), (56.8487011, 60.6152491), (56.8487069, 60.6153039), (56.8487561, 60.6157745), (56.8487597, 60.6158083), (56.8487806, 60.6160081), (56.8487927, 60.6161239), (56.8488317, 60.6164962), (56.8488425, 60.6166033), (56.8488457, 60.6166395), (56.8488608, 60.6167808), (56.8488639, 60.6168072)]",29811.895822988823,1625
way/859283391,56.839444325,60.597295987500004,"[(56.8385389, 60.5982135), (56.8392417, 60.5979662), (56.8405893, 60.597492), (56.8404392, 60.5963766), (56.8402877, 60.5963616), (56.8394777, 60.5966777), (56.8384412, 60.5970668), (56.8385389, 60.5982135)]",16569.66326998733,1592
way/859284743,56.82514264,60.59367416,"[(56.8258673, 60.5922939), (56.8237609, 60.5930991), (56.8240498, 60.5957003), (56.8261679, 60.5949836), (56.8258673, 60.5922939)]",39517.512797534466,2478
way/859284744,56.8251732,60.59097688333333,"[(56.8250669, 60.5919078), (56.8256747, 60.591883), (56.8253918, 60.5893111), (56.8248191, 60.5895003), (56.8250198, 60.5913513), (56.8250669, 60.5919078)]",10101.337489441037,1560
way/859284745,56.8240804,60.587795359999994,"[(56.8231716, 60.5872929), (56.8233918, 60.5893394), (56.8254612, 60.5885911), (56.8252058, 60.5864605), (56.8231716, 60.5872929)]",30414.615841448307,2350
way/859284746,56.819123325,60.589562387499996,"[(56.8166512, 60.5905947), (56.8167348, 60.5915362), (56.8231643, 60.589385), (56.8230116, 60.5878105), (56.8226902, 60.5873895), (56.8172589, 60.589031), (56.8168244, 60.5901575), (56.8166512, 60.5905947)]",94302.98858207464,6022
way/859284747,56.815447400000004,60.59281468333333,"[(56.8163723, 60.5957687), (56.8158438, 60.5892348), (56.815004, 60.5894709), (56.8142935, 60.5904579), (56.8147985, 60.5961871), (56.8163723, 60.5957687)]",70270.2214717269,4712
way/859284748,56.81588784,60.59776677999999,"[(56.8165516, 60.5984743), (56.8164152, 60.5963752), (56.8148922, 60.5967055), (56.8150286, 60.5988046), (56.8165516, 60.5984743)]",22048.05938270688,1790
way/859284749,56.81612728,60.60073616,"[(56.8168093, 60.6016912), (56.8165689, 60.5988847), (56.8151042, 60.5993036), (56.8153447, 60.6021101), (56.8168093, 60.6016912)]",28639.773812770844,2080
way/859284750,56.81619488,60.605068419999995,"[(56.8157439, 60.6071734), (56.8173, 60.6066048), (56.8168831, 60.6019699), (56.8153035, 60.6024206), (56.8157439, 60.6071734)]",51533.662688195705,2928
way/859284751,56.81496132857143,60.5866459,"[(56.8157087, 60.5876791), (56.8154562, 60.5842781), (56.8142641, 60.5846965), (56.8137825, 60.5856085), (56.8141819, 60.5886555), (56.8156272, 60.5879245), (56.8157087, 60.5876791)]",41659.743793934584,2862
way/859285182,56.8250011625,60.6397431125,"[(56.8256065, 60.6384936), (56.823879, 60.6390863), (56.8239054, 60.6394726), (56.8239906, 60.6394619), (56.8249283, 60.6393385), (56.8251511, 60.6392538), (56.8253318, 60.6392134), (56.8253301, 60.6398051), (56.8254485, 60.6398342), (56.8253711, 60.6408062), (56.8249825, 60.6407375), (56.8247038, 60.6405597), (56.8246305, 60.6410471), (56.8253908, 60.6415433), (56.8257621, 60.638743), (56.8256065, 60.6384936)]",12484.56317788735,535
way/859285183,56.8274747625,60.64139635,"[(56.8268245, 60.6380464), (56.8269949, 60.639817), (56.8271457, 60.6400423), (56.8271902, 60.6403934), (56.8267386, 60.6406151), (56.8265977, 60.6410055), (56.8262473, 60.6413503), (56.8260229, 60.6412697), (56.8259339, 60.6421138), (56.8259108, 60.6425839), (56.8256865, 60.6437419), (56.8259957, 60.6439125), (56.8257196, 60.6457436), (56.8270991, 60.646795), (56.8271813, 60.6464839), (56.8287311, 60.6469989), (56.8299103, 60.6422466), (56.8303636, 60.640962), (56.830599, 60.6401478), (56.8298053, 60.6393278), (56.8294737, 60.6369487), (56.8285186, 60.6373248), (56.8278795, 60.6375951), (56.8268245, 60.6380464)]",211696.29145778716,6905
way/859285184,56.8264584,60.656938385714284,"[(56.825608, 60.6587577), (56.8260835, 60.659337), (56.8265532, 60.6580335), (56.8264299, 60.6578404), (56.827695, 60.6531143), (56.8272312, 60.6527281), (56.825608, 60.6587577)]",24852.506692931056,1535
way/859285185,56.82560148571429,60.655489228571426,"[(56.8245542, 60.6575668), (56.8253277, 60.658409), (56.8270492, 60.6526154), (56.8264299, 60.6527603), (56.8260747, 60.6547022), (56.8252205, 60.6548041), (56.8245542, 60.6575668)]",30572.683241307735,1595
way/859735724,56.83292483333333,60.58005563333333,"[(56.8337798, 60.5807376), (56.8335913, 60.5789995), (56.8326111, 60.5783665), (56.8318128, 60.5800617), (56.8319742, 60.5814309), (56.8337798, 60.5807376)]",27335.465441286564,2025
way/859735725,56.835327,60.584018571428565,"[(56.8345407, 60.5856996), (56.8361752, 60.5851123), (56.8360462, 60.5836424), (56.8359195, 60.5824991), (56.8358591, 60.582422), (56.8342076, 60.583055), (56.8345407, 60.5856996)]",31737.215287178755,1572
way/859735726,56.83350312,60.58500442,"[(56.8342765, 60.5857559), (56.8340272, 60.5832347), (56.832325, 60.5838853), (56.8326104, 60.5863903), (56.8342765, 60.5857559)]",29938.180973529816,2030
way/859735727,56.833511324999996,60.588104290000004,"[(56.8346072, 60.5886724), (56.8343278, 60.5861407), (56.8341606, 60.5862053), (56.8336948, 60.5863711), (56.8337175, 60.5865799), (56.8329845, 60.5870198), (56.8328328, 60.5872723), (56.8329447, 60.5882921), (56.8329522, 60.5883158), (56.8329687, 60.5884392), (56.8328664, 60.5884962), (56.8329434, 60.589094), (56.8330171, 60.5890644), (56.8330495, 60.5892701), (56.8333621, 60.5891356), (56.8334704, 60.5890582), (56.8334288, 60.588692), (56.8341219, 60.5884542), (56.8341689, 60.5888401), (56.8346072, 60.5886724)]",24305.789449363947,1985
way/859735728,56.83421597777778,60.590573911111115,"[(56.834837, 60.5912296), (56.834705, 60.5894883), (56.834661, 60.5890457), (56.8341606, 60.5892308), (56.8330789, 60.5897081), (56.8333562, 60.591974), (56.8340936, 60.5917347), (56.8342145, 60.5915244), (56.834837, 60.5912296)]",24775.5332249552,2450
way/859735735,56.83475497777778,60.59660354444444,"[(56.8338913, 60.5960488), (56.8340319, 60.5973377), (56.8341011, 60.5973299), (56.834089, 60.5972343), (56.8356548, 60.5966511), (56.8357318, 60.5966824), (56.8358103, 60.5966717), (56.8355933, 60.5954272), (56.8338913, 60.5960488)]",14886.318599715829,1695
way/859735737,56.829366883333336,60.594804399999994,"[(56.8300225, 60.593934), (56.8283099, 60.5945939), (56.8284471, 60.5956936), (56.8293034, 60.595377), (56.8300959, 60.5952939), (56.8300225, 60.593934)]",13819.93011263758,358
way/859735738,56.828829999999996,60.589739599999994,"[(56.8293944, 60.5905652), (56.829142, 60.5880868), (56.8279695, 60.5884382), (56.8282497, 60.5910426), (56.8293944, 60.5905652)]",20768.075502038002,522
way/859735739,56.82922036,60.59217668,"[(56.829729, 60.5908978), (56.8281485, 60.5914665), (56.8284904, 60.5941379), (56.8300049, 60.5934834), (56.829729, 60.5908978)]",28937.51985323429,688
way/859735740,56.8272786,60.59318114166666,"[(56.8265192, 60.5947087), (56.8279828, 60.5941133), (56.8282204, 60.5936551), (56.828013, 60.592109), (56.8278096, 60.5917302), (56.8274496, 60.5919226), (56.8274938, 60.5925761), (56.8272512, 60.5928463), (56.8268475, 60.5930032), (56.8267925, 60.593318), (56.8264444, 60.5934825), (56.8265192, 60.5947087)]",20008.54469898343,2438
way/859735741,56.82748248571429,60.59692388571428,"[(56.8267, 60.5979748), (56.8285536, 60.5973284), (56.8284117, 60.5961801), (56.8278516, 60.5963363), (56.8276118, 60.5963685), (56.8265487, 60.5963043), (56.8267, 60.5979748)]",17268.973843175918,1180
way/859735749,56.834026619999996,60.608700999999996,"[(56.8349413, 60.6091475), (56.8347241, 60.6072271), (56.8326594, 60.6080931), (56.832867, 60.6098898), (56.8349413, 60.6091475)]",27306.185615479946,765
way/859735751,56.833562058333335,60.613586950000006,"[(56.8334162, 60.6145006), (56.8339141, 60.6142945), (56.8338206, 60.6135488), (56.8337786, 60.6135365), (56.8337601, 60.6133718), (56.8336481, 60.6134009), (56.8335833, 60.6127558), (56.8333777, 60.6128238), (56.8334128, 60.6132184), (56.8332822, 60.6133025), (56.8333348, 60.6137892), (56.8334162, 60.6145006)]",4499.825002063066,848
way/859735752,56.83110054,60.607869359999995,"[(56.830352, 60.6084841), (56.8323059, 60.6078923), (56.8322707, 60.6075811), (56.8302221, 60.6069052), (56.830352, 60.6084841)]",12833.534484237432,655
way/859735753,56.83058016,60.609018260000006,"[(56.830454, 60.609169), (56.8307841, 60.6090564), (56.8307665, 60.6087934), (56.8304422, 60.6089035), (56.830454, 60.609169)]",598.910184301436,2
way/859735755,56.832347920000004,60.61465274,"[(56.8319205, 60.615143), (56.8330823, 60.6145847), (56.8329993, 60.6138866), (56.831817, 60.6145064), (56.8319205, 60.615143)]",5690.395903468132,818
way/859735756,56.83210778,60.61694676,"[(56.831299, 60.6179739), (56.8335385, 60.6171298), (56.8332281, 60.6153085), (56.8311743, 60.6163477), (56.831299, 60.6179739)]",26546.408618032932,1162
way/859735757,56.82951123043479,60.607512147826085,"[(56.8296426, 60.6087268), (56.829636, 60.6086672), (56.829561, 60.6079996), (56.8293658, 60.6080599), (56.8293298, 60.6077139), (56.829889, 60.6075302), (56.8299585, 60.608162), (56.8301132, 60.6081151), (56.8301673, 60.6081062), (56.830104, 60.6073947), (56.8300519, 60.6068408), (56.8299036, 60.6067711), (56.8298156, 60.6067322), (56.8298156, 60.6067067), (56.8296591, 60.6066466), (56.8292783, 60.6067776), (56.8292702, 60.6066987), (56.8287891, 60.6065347), (56.8287927, 60.6068677), (56.8287883, 60.606924), (56.8284911, 60.607042), (56.828693, 60.6090349), (56.8296426, 60.6087268)]",17965.628152715042,162
way/859735758,56.82977082,60.61024242,"[(56.8303791, 60.6108266), (56.830181, 60.6088579), (56.8288573, 60.6093474), (56.8290576, 60.6113536), (56.8303791, 60.6108266)]",18558.287682652473,1148
way/859735759,56.829928571428574,60.61251564285714,"[(56.8306095, 60.613246), (56.8304304, 60.6112986), (56.8291801, 60.6117305), (56.8292418, 60.6123528), (56.8296498, 60.6121892), (56.8297789, 60.6135464), (56.8306095, 60.613246)]",13209.253665685654,1280
way/859735760,56.83037668181819,60.61515414545455,"[(56.8305151, 60.6157697), (56.8304775, 60.615349), (56.830621, 60.6152898), (56.8305638, 60.6147325), (56.8307285, 60.6146784), (56.8306929, 60.6142608), (56.8300081, 60.6145527), (56.8299483, 60.6149721), (56.8300061, 60.6153924), (56.8300671, 60.6159285), (56.8305151, 60.6157697)]",5752.736060492694,10
way/859735761,56.83024812,60.617733939999994,"[(56.8311317, 60.618137), (56.8309243, 60.6163096), (56.8289175, 60.6171298), (56.8291354, 60.6189563), (56.8311317, 60.618137)]",26044.331521749496,1545
way/859735762,56.830477740000006,60.6201679,"[(56.8313895, 60.620799), (56.8311848, 60.6184816), (56.8290892, 60.6192487), (56.8293357, 60.6215112), (56.8313895, 60.620799)]",33432.24468970299,1608
way/859735763,56.830926520000006,60.622337970000004,"[(56.831489, 60.6227016), (56.8313831, 60.6215308), (56.8306135, 60.6217547), (56.8303751, 60.6217889), (56.8305136, 60.6222643), (56.8307055, 60.6224145), (56.830773, 60.6227069), (56.8309513, 60.6226595), (56.8309721, 60.6228569), (56.831489, 60.6227016)]",6553.850936491042,588
way/859735764,56.834567095,60.616613574999995,"[(56.8357718, 60.6192058), (56.8353169, 60.6151879), (56.83538, 60.6151155), (56.8352697, 60.6142604), (56.8345648, 60.6145248), (56.8347116, 60.6155773), (56.8349021, 60.6166905), (56.834783, 60.6167576), (56.8348586, 60.6175961), (56.8341948, 60.6178585), (56.8340789, 60.6169647), (56.8341998, 60.6169033), (56.8340723, 60.6159644), (56.8339277, 60.6160178), (56.833824, 60.6149226), (56.8336678, 60.6149987), (56.8334842, 60.6150755), (56.8340652, 60.6198013), (56.8344969, 60.619643), (56.8357718, 60.6192058)]",44317.65812499821,2615
way/859735765,56.83536962000001,60.62109102000001,"[(56.8361503, 60.6215715), (56.8359486, 60.6196089), (56.834227, 60.6203485), (56.8343719, 60.6223547), (56.8361503, 60.6215715)]",24501.87615954876,1408
way/859735766,56.833481600000006,60.62653126086957,"[(56.8348004, 60.628202), (56.8346895, 60.6272332), (56.8345901, 60.6272673), (56.8342454, 60.6267341), (56.8341032, 60.6267483), (56.8339997, 60.625532), (56.834424, 60.6250994), (56.8344194, 60.624952), (56.8329576, 60.6255124), (56.8328107, 60.6254529), (56.8326471, 60.6246071), (56.8320873, 60.624764), (56.8321792, 60.6256393), (56.8323802, 60.6256923), (56.8324439, 60.6260017), (56.8328042, 60.6258989), (56.8329472, 60.6271923), (56.8335925, 60.6269012), (56.833721, 60.6278068), (56.8333811, 60.6279444), (56.8329918, 60.6281065), (56.8330609, 60.6287289), (56.8348004, 60.628202)]",32739.863694159314,2112
way/859735767,56.83580006923077,60.62426644615385,"[(56.8361669, 60.6222253), (56.8343866, 60.6228751), (56.8346346, 60.6255224), (56.8352455, 60.6252935), (56.835367, 60.6252491), (56.8354251, 60.6251176), (56.8362752, 60.6247571), (56.836297, 60.6249437), (56.8363107, 60.6250593), (56.836487, 60.625035), (56.8364653, 60.6248684), (56.8361731, 60.622292), (56.8361669, 60.6222253)]",32900.16362620145,1858
way/859735768,56.83783125789474,60.623849557894744,"[(56.8384524, 60.625399), (56.8383511, 60.623889), (56.8381614, 60.6224734), (56.8390452, 60.622094), (56.8392347, 60.6220313), (56.8391242, 60.6210753), (56.8376327, 60.6216537), (56.8376346, 60.6217327), (56.8372305, 60.6218782), (56.8372667, 60.6222611), (56.8370763, 60.6223427), (56.8372622, 60.6239659), (56.8367149, 60.6241968), (56.8370699, 60.627145), (56.8378504, 60.6268459), (56.8377899, 60.6263267), (56.8372581, 60.6265275), (56.8371863, 60.6259044), (56.8384524, 60.625399)]",45929.21071393788,3252
way/859735769,56.8400646125,60.6307731875,"[(56.8412854, 60.6317854), (56.8405988, 60.6262171), (56.8370835, 60.6275689), (56.8378112, 60.632987), (56.840787, 60.6319578), (56.8408202, 60.6319463), (56.8408454, 60.6319376), (56.8412854, 60.6317854)]",136612.31232067384,5800
way/859735770,56.83137060833334,60.627320841666666,"[(56.8321583, 60.6288597), (56.8320762, 60.6280237), (56.8319351, 60.6280618), (56.8318041, 60.626467), (56.8319138, 60.6262488), (56.8316916, 60.6239306), (56.8307386, 60.624294), (56.8298395, 60.6247963), (56.8303083, 60.629682), (56.8307263, 60.6295535), (56.8310972, 60.629073), (56.8321583, 60.6288597)]",62295.78188622743,3155
way/859735771,56.83308710909091,60.63280520909091,"[(56.8308338, 60.6350146), (56.8312817, 60.6348298), (56.8313289, 60.6352191), (56.837413, 60.6328289), (56.8372664, 60.6316691), (56.8371608, 60.6308644), (56.832728, 60.632667), (56.8325372, 60.6326308), (56.8321771, 60.6297304), (56.8303975, 60.6303886), (56.8308338, 60.6350146)]",127633.8633703813,8360
way/859735772,56.831622784615384,60.63847673846154,"[(56.8310378, 60.636387), (56.8312201, 60.6381354), (56.8313334, 60.6393145), (56.8311343, 60.6400621), (56.8301041, 60.643212), (56.8305391, 60.6436622), (56.8316485, 60.6392741), (56.8315369, 60.6382441), (56.8325583, 60.6376219), (56.8330984, 60.6363881), (56.8330208, 60.6358025), (56.8328267, 60.6357067), (56.8310378, 60.636387)]",37145.56185308099,2412
way/859735773,56.8285351625,60.6221026,"[(56.8292829, 60.6243503), (56.8293298, 60.6240713), (56.8287898, 60.6194258), (56.8280267, 60.6197154), (56.8280501, 60.6200158), (56.8274983, 60.6202197), (56.8280208, 60.6246722), (56.8292829, 60.6243503)]",44084.87643775344,590
way/859735775,56.82790226666666,60.63481008333334,"[(56.8304585, 60.635409), (56.8299577, 60.6305552), (56.8280208, 60.6311846), (56.8284164, 60.6341721), (56.8275509, 60.6345363), (56.8277026, 60.6362181), (56.8276679, 60.6362328), (56.8263362, 60.6367983), (56.8261165, 60.6349632), (56.8259451, 60.6350276), (56.8261961, 60.6372148), (56.8304585, 60.635409)]",83809.81285256147,6995
way/859735777,56.82497295454545,60.61634111818182,"[(56.8241321, 60.6178672), (56.8263381, 60.6170653), (56.8262776, 60.6163548), (56.8256777, 60.6165221), (56.8255082, 60.6150216), (56.8248484, 60.6152411), (56.8246848, 60.6154454), (56.8245376, 60.6155569), (56.8245861, 60.6162733), (56.8239798, 60.6165374), (56.8241321, 60.6178672)]",24847.304916843772,988
way/859735778,56.82271171666667,60.61667963333333,"[(56.8237617, 60.6175764), (56.8235004, 60.6147802), (56.8223614, 60.6151771), (56.8213398, 60.6165612), (56.8215453, 60.6184065), (56.8237617, 60.6175764)]",40587.958642184734,792
way/859735779,56.823083958333335,60.62151841666667,"[(56.824792, 60.6259167), (56.8238503, 60.6193091), (56.8235478, 60.6193618), (56.8232388, 60.6194927), (56.8231965, 60.6190506), (56.8226239, 60.619191), (56.8223844, 60.619604), (56.8221083, 60.6195135), (56.8217302, 60.6196484), (56.8222234, 60.62442), (56.8225199, 60.6267965), (56.824792, 60.6259167)]",108691.52960982546,13230
way/859735781,56.824583919999995,60.63384742000001,"[(56.8254203, 60.6344689), (56.8251999, 60.6322285), (56.8233233, 60.6329367), (56.8235558, 60.6351341), (56.8254203, 60.6344689)]",29277.96665620804,1470
way/859735782,56.82449494,60.636897399999995,"[(56.8236956, 60.6379625), (56.8259001, 60.6372544), (56.8256872, 60.6352204), (56.8234962, 60.6360872), (56.8236956, 60.6379625)]",30311.84091168642,1900
way/859735783,56.821641320000005,60.63007448,"[(56.8224156, 60.6308083), (56.8222064, 60.6289584), (56.8204727, 60.6287312), (56.8206963, 60.6310662), (56.8224156, 60.6308083)]",24587.554872959852,3250
way/859735784,56.821984992857146,60.637694471428574,"[(56.8213897, 60.6369948), (56.8214245, 60.6374439), (56.8215014, 60.6376064), (56.8215529, 60.6377843), (56.8217019, 60.6377947), (56.8217672, 60.6378579), (56.8218246, 60.6379403), (56.8219123, 60.6379777), (56.8220749, 60.6382292), (56.8222978, 60.6381377), (56.8224408, 60.6384447), (56.8233524, 60.6383535), (56.8231598, 60.6361627), (56.8213897, 60.6369948)]",20333.09059211798,1705
way/859735785,56.819977550000004,60.63843725,"[(56.8207937, 60.6370532), (56.8187856, 60.6378686), (56.8189089, 60.6394136), (56.8195313, 60.6399715), (56.8210521, 60.6392634), (56.8207937, 60.6370532)]",31511.15441739559,1348
way/859735786,56.81954316071428,60.63283106785714,"[(56.8196904, 60.6286694), (56.8193171, 60.6286736), (56.818692, 60.6288831), (56.818837, 60.6303793), (56.8183856, 60.6310581), (56.8184451, 60.6315869), (56.8185477, 60.6320619), (56.8186132, 60.6328512), (56.8186896, 60.6340605), (56.8189281, 60.6362335), (56.8191908, 60.636828), (56.8206452, 60.6361154), (56.8206135, 60.6356381), (56.8201646, 60.6357602), (56.8201898, 60.6359052), (56.8195259, 60.6361652), (56.8193895, 60.6348449), (56.8204774, 60.634445), (56.8204229, 60.6339021), (56.8203454, 60.6331889), (56.8197129, 60.6333527), (56.8196622, 60.6328716), (56.8193907, 60.6325958), (56.8193592, 60.6322494), (56.8202091, 60.6319328), (56.8201657, 60.631533), (56.8199075, 60.6288147), (56.8196904, 60.6286694)]",68062.38655805914,6788
way/859735787,56.82128351764706,60.60696307058823,"[(56.8203835, 60.6086191), (56.8212268, 60.6082866), (56.8210718, 60.6069732), (56.8217974, 60.6066872), (56.8219217, 60.6078968), (56.82224, 60.6077956), (56.822799, 60.6075629), (56.8226724, 60.6068642), (56.8225143, 60.6053295), (56.8217478, 60.6056071), (56.8216343, 60.6059398), (56.8207304, 60.606241), (56.820663, 60.606088), (56.8199028, 60.6062365), (56.8199659, 60.6068552), (56.8201652, 60.6067704), (56.8203835, 60.6086191)]",32093.289257459342,1230
way/859735788,56.82207747333334,60.610404626666664,"[(56.8213897, 60.6106469), (56.8208145, 60.610875), (56.8209229, 60.6120014), (56.8231847, 60.6111139), (56.8228575, 60.6079661), (56.8224605, 60.6081194), (56.8226901, 60.6100595), (56.8227019, 60.6100595), (56.8227522, 60.610484), (56.8225015, 60.6105852), (56.8225338, 60.6108923), (56.8218256, 60.611186), (56.8217317, 60.6106496), (56.8214058, 60.6107837), (56.8213897, 60.6106469)]",19017.46575126052,155
way/859735789,56.8194229,60.610509507692306,"[(56.8185877, 60.6097147), (56.8185571, 60.6099316), (56.8188387, 60.612283), (56.8189273, 60.6125209), (56.8196921, 60.6122601), (56.8196199, 60.6112386), (56.8201632, 60.6111415), (56.8201565, 60.6098855), (56.8204806, 60.6097022), (56.8203647, 60.6092223), (56.8194216, 60.6095007), (56.8191006, 60.6095078), (56.8185877, 60.6097147)]",26053.38588599302,575
way/859735792,56.81692394,60.61158782,"[(56.8160647, 60.6106563), (56.8162754, 60.6137609), (56.8182895, 60.6129563), (56.8179254, 60.6099093), (56.8160647, 60.6106563)]",42041.09754317999,2025
way/859735793,56.816735509090904,60.60897246363636,"[(56.8160258, 60.6102472), (56.8164368, 60.610081), (56.8162431, 60.6084877), (56.8167804, 60.6082785), (56.8168361, 60.6087452), (56.817071, 60.608654), (56.817209, 60.6097805), (56.8180017, 60.6095338), (56.81767, 60.606975), (56.8157909, 60.607667), (56.8160258, 60.6102472)]",26775.88838300854,762
way/865792209,56.71121772,60.286476140000005,"[(56.7114579, 60.2862432), (56.7108541, 60.2862956), (56.7108541, 60.2868194), (56.7114646, 60.2867793), (56.7114579, 60.2862432)]",2195.3280102983117,2
way/865803228,56.714657339999995,60.28165602,"[(56.7148442, 60.2807974), (56.7143683, 60.280808), (56.7143644, 60.2829528), (56.7148656, 60.2829245), (56.7148442, 60.2807974)]",7116.89902645722,8
way/865920640,56.714356908333336,60.267962374999996,"[(56.7149632, 60.2686278), (56.7148605, 60.2677862), (56.7146597, 60.2671683), (56.7143139, 60.267148), (56.7140724, 60.2672222), (56.7136572, 60.2678363), (56.7137085, 60.2687369), (56.7142272, 60.2686587), (56.7142015, 60.267556), (56.7143172, 60.2675403), (56.7143384, 60.26864), (56.7149632, 60.2686278)]",10137.59913982451,10
way/865920735,56.71426364285714,60.29092287142857,"[(56.7147419, 60.290466), (56.7141197, 60.2904598), (56.714118, 60.2909713), (56.713653, 60.2909805), (56.7137274, 60.2915567), (56.7147436, 60.2915598), (56.7147419, 60.290466)]",6363.055346799549,18
way/875676424,56.92084496,60.61502582000001,"[(56.9186784, 60.6124496), (56.9185373, 60.6136537), (56.9190175, 60.6138468), (56.9187261, 60.6168279), (56.9210224, 60.6176996), (56.9211815, 60.6163394), (56.9210145, 60.6160501), (56.9209265, 60.6159496), (56.9208694, 60.6159174), (56.9209457, 60.6151128), (56.9214345, 60.614917), (56.9219557, 60.6151346), (56.9217591, 60.6168121), (56.9223231, 60.617044), (56.9224958, 60.6157511), (56.9233273, 60.6160676), (56.9236008, 60.6134095), (56.9202414, 60.6121787), (56.9201638, 60.6129053), (56.9186784, 60.6124496)]",119960.62091678008,3515
way/892417292,56.81281512,60.85173898000001,"[(56.8129414, 60.8510481), (56.8123661, 60.8524815), (56.8126683, 60.8527753), (56.8131584, 60.8513419), (56.8129414, 60.8510481)]",3595.298826754093,5
way/920661685,56.810700044444445,60.855282311111104,"[(56.8111957, 60.8546785), (56.8101444, 60.8532033), (56.8093603, 60.8549843), (56.8104233, 60.8565561), (56.8106671, 60.8559928), (56.8110459, 60.8564112), (56.811319, 60.8557514), (56.810949, 60.8552847), (56.8111957, 60.8546785)]",23859.29232764244,5
way/925899036,56.80400163636364,60.641040654545456,"[(56.8037158, 60.6422398), (56.804118, 60.6422299), (56.8044684, 60.6420432), (56.8046467, 60.6418571), (56.8047989, 60.6415018), (56.8043381, 60.6395743), (56.8041826, 60.63925), (56.8041433, 60.6392743), (56.8037361, 60.6390345), (56.8021543, 60.6422025), (56.8037158, 60.6422398)]",33726.134593429044,3125
way/929329199,56.865785716666664,60.68500196666667,"[(56.8658438, 60.6847305), (56.8655329, 60.6849842), (56.8656469, 60.685452), (56.8659578, 60.6851983), (56.8658891, 60.6849163), (56.8658438, 60.6847305)]",1184.255577147007,2
way/968759055,56.775008172,60.58953918,"[(56.774076, 60.5871065), (56.7738276, 60.5890793), (56.7743202, 60.5899553), (56.7741935, 60.5902129), (56.7741212, 60.5903597), (56.7740855, 60.5904322), (56.7743875, 60.5910145), (56.7750073, 60.5922095), (56.7750622, 60.5923073), (56.775174, 60.5921287), (56.7753547, 60.5918202), (56.7754686, 60.5916154), (56.7755291, 60.591515), (56.775565, 60.5914128), (56.7757215, 60.5893184), (56.7756322, 60.589292), (56.7757546, 60.5880115), (56.7757318, 60.5879366), (56.7757379, 60.5878742), (56.7756466, 60.587824), (56.7756599, 60.5877188), (56.775487, 60.5876516), (56.7754914, 60.5875528), (56.774093, 60.5870238), (56.774076, 60.5871065)]",46742.54169116728,228
way/973545446,56.8372479125,60.5320346,"[(56.8372179, 60.5331862), (56.8376453, 60.533209), (56.8374059, 60.5314752), (56.8372368, 60.5307628), (56.8372244, 60.5306174), (56.8370579, 60.5306487), (56.8369772, 60.5331913), (56.8372179, 60.5331862)]",7580.9700119677,20
way/982715015,56.8659526,60.680856219999995,"[(56.8661858, 60.6807939), (56.8659915, 60.6803741), (56.8656341, 60.6808449), (56.8657658, 60.6814743), (56.8661858, 60.6807939)]",2022.145803719759,65
way/994054243,56.8564523625,60.3110291625,"[(56.8565278, 60.3107647), (56.8562458, 60.3105449), (56.8560783, 60.3112157), (56.8562564, 60.311425), (56.8566063, 60.3114002), (56.8566671, 60.3112005), (56.8567094, 60.3109176), (56.8565278, 60.3107647)]",2502.8871827516705,5
way/1032860611,56.82201408181818,60.634106936363644,"[(56.8226869, 60.6330172), (56.8220271, 60.6332181), (56.8220629, 60.6333815), (56.8222469, 60.6335309), (56.8223722, 60.6348852), (56.8215211, 60.6351981), (56.8213576, 60.6337691), (56.8210228, 60.6338999), (56.8212451, 60.6359173), (56.8229254, 60.6353418), (56.8226869, 60.6330172)]",16796.65824957192,2340
way/1063264053,56.831157440000005,60.659295840000006,"[(56.8313563, 60.6587275), (56.8308514, 60.6587681), (56.8307001, 60.6602724), (56.8315231, 60.6599837), (56.8313563, 60.6587275)]",6238.501104082912,162
way/1067204202,56.77920065,60.64630146666667,"[(56.779596, 60.6464214), (56.7792975, 60.6455189), (56.779057, 60.6458888), (56.7787697, 60.6465962), (56.7788877, 60.6469621), (56.779596, 60.6464214)]",4032.496231287718,10
way/1067204206,56.7795389125,60.647563812499996,"[(56.780037, 60.6479216), (56.7796361, 60.6465556), (56.7792886, 60.6468645), (56.7788721, 60.6471857), (56.7790904, 60.6481533), (56.7795982, 60.6477224), (56.7797519, 60.6481858), (56.780037, 60.6479216)]",7243.659382432699,18
way/1068379752,56.86322055,60.36776259166667,"[(56.8634516, 60.3672273), (56.8634419, 60.3669512), (56.8634284, 60.3669088), (56.8633955, 60.3668946), (56.8633278, 60.3669229), (56.8632678, 60.366976), (56.8631807, 60.3671211), (56.8630859, 60.3672025), (56.8629873, 60.3672733), (56.862875, 60.3673299), (56.8628189, 60.3673795), (56.8627861, 60.3674432), (56.8627861, 60.3675281), (56.8629137, 60.3686607), (56.8630995, 60.3685403), (56.8632562, 60.3692588), (56.8633452, 60.3691774), (56.8632987, 60.368827), (56.8633316, 60.368781), (56.863291, 60.368643), (56.8634245, 60.3682713), (56.8635715, 60.3682324), (56.8634767, 60.3675246), (56.8634516, 60.3672273)]",6907.053458055481,5
way/1071836241,56.8134430076923,60.620130961538464,"[(56.8127418, 60.6190763), (56.8129107, 60.6207751), (56.8130764, 60.6208534), (56.8131335, 60.6212589), (56.8141865, 60.6209822), (56.8141302, 60.6201894), (56.8139074, 60.6202323), (56.8139141, 60.6204569), (56.813534, 60.6205606), (56.8134583, 60.6197483), (56.8135715, 60.6196878), (56.8134529, 60.618805), (56.8127418, 60.6190763)]",12858.821398939937,2050
way/1090978184,56.77538508,60.9127318,"[(56.7763198, 60.9130546), (56.7742138, 60.9113628), (56.7740198, 60.9123467), (56.7760522, 60.9138403), (56.7763198, 60.9130546)]",14967.136109769344,2
way/1090978185,56.77496308,60.91392664,"[(56.7758621, 60.9140597), (56.7739539, 60.9125095), (56.7736436, 60.9138474), (56.7754937, 60.9151569), (56.7758621, 60.9140597)]",18880.325986027718,5
way/1093381411,56.8091026875,60.813227425,"[(56.8096217, 60.8121304), (56.8091225, 60.8118836), (56.8085822, 60.8126025), (56.8089933, 60.8131604), (56.8085293, 60.8148341), (56.8089287, 60.8150808), (56.8094221, 60.8139972), (56.8096217, 60.8121304)]",13244.20964667201,8
way/1120786871,56.772509325,60.523240225,"[(56.7712848, 60.5234773), (56.7727408, 60.526633), (56.7737632, 60.5247663), (56.7727348, 60.5229686), (56.7733439, 60.5218677), (56.7727707, 60.5208135), (56.7721516, 60.5219181), (56.7712848, 60.5234773)]",45827.32798051834,5918
way/1147366810,56.81785171818182,60.53051439090909,"[(56.8175479, 60.5299215), (56.8175199, 60.5298073), (56.8171164, 60.530175), (56.8173734, 60.5310578), (56.8176457, 60.5323078), (56.8185544, 60.5312726), (56.8184797, 60.5309688), (56.8185526, 60.5307892), (56.8181698, 60.5295668), (56.8178612, 60.52987), (56.8175479, 60.5299215)]",15522.308592654765,5
way/1155020756,56.79987027,60.621863059999995,"[(56.8003378, 60.6229656), (56.8004356, 60.6225412), (56.8003138, 60.6211644), (56.8003475, 60.6204516), (56.799829, 60.6206937), (56.7995275, 60.6210699), (56.7985882, 60.6208423), (56.7989614, 60.622856), (56.8000241, 60.6230803), (56.8003378, 60.6229656)]",23150.556834235787,1268
way/1155020757,56.80007442,60.62681922666666,"[(56.8014215, 60.6277021), (56.8009901, 60.6258261), (56.8007378, 60.6250924), (56.7995239, 60.624952), (56.7993057, 60.6245345), (56.7988844, 60.6255562), (56.7990949, 60.6259478), (56.7994201, 60.6253413), (56.7997749, 60.62661), (56.7992224, 60.6276108), (56.7987801, 60.6279706), (56.7992592, 60.6305146), (56.8016149, 60.6285774), (56.8016649, 60.6283505), (56.8014215, 60.6277021)]",65485.26128330827,2605
way/1155721829,56.78200126666667,60.612473800000004,"[(56.7823602, 60.6118911), (56.7817166, 60.6119916), (56.7817321, 60.6122312), (56.7816542, 60.6128285), (56.7816806, 60.612917), (56.7820971, 60.6130659), (56.7821523, 60.6127038), (56.7822581, 60.612744), (56.7823602, 60.6118911)]",4029.884644482285,5
way/1157703339,56.721462380000006,60.63829024,"[(56.7216355, 60.6382683), (56.7215106, 60.6379349), (56.7212027, 60.6383618), (56.7213276, 60.6386179), (56.7216355, 60.6382683)]",949.3456580638885,2
way/1165334168,56.72233552,60.632410119999996,"[(56.7224774, 60.6316135), (56.722002, 60.6317074), (56.7221345, 60.6337083), (56.7225863, 60.6334079), (56.7224774, 60.6316135)]",6160.015285886824,5
way/1165334169,56.72326942666667,60.63316314666667,"[(56.7227997, 60.6315331), (56.7226098, 60.6316162), (56.7227055, 60.6334106), (56.7228997, 60.6339471), (56.7232897, 60.6343762), (56.7236488, 60.6345506), (56.7238004, 60.6340275), (56.724186, 60.6343253), (56.7242964, 60.6338156), (56.72369, 60.6333114), (56.7235458, 60.6338317), (56.7229954, 60.6332926), (56.7229174, 60.6320427), (56.7228571, 60.6318335), (56.7227997, 60.6315331)]",10455.950011752546,8
way/1165403106,56.72108016,60.637397039999996,"[(56.7213509, 60.6372852), (56.7211819, 60.6368357), (56.7206731, 60.6375825), (56.720844, 60.6379966), (56.7213509, 60.6372852)]",2339.882262021303,2
way/1165403109,56.72240274999999,60.631246833333336,"[(56.7228669, 60.6313194), (56.7228222, 60.6307991), (56.7217464, 60.6310327), (56.7217677, 60.6315848), (56.7223464, 60.6314256), (56.7228669, 60.6313194)]",3958.6247119531035,10
way/1172058471,56.81658456,60.706061780000006,"[(56.816879, 60.7060515), (56.816401, 60.705365), (56.8161608, 60.7060795), (56.816603, 60.7067614), (56.816879, 60.7060515)]",3429.402201592922,5
way/1172066162,56.77852462,60.8243691,"[(56.7786107, 60.8240702), (56.7783314, 60.8241611), (56.7783955, 60.8248175), (56.7786748, 60.8247265), (56.7786107, 60.8240702)]",1287.6271260976791,2
way/1172066163,56.78042823999999,60.82769858,"[(56.7807633, 60.8275138), (56.7805791, 60.8269511), (56.7798326, 60.8281049), (56.7802029, 60.8284093), (56.7807633, 60.8275138)]",3862.285452514887,2
way/1172066164,56.78119798,60.829047700000004,"[(56.7813663, 60.8290215), (56.7811588, 60.8285579), (56.7809358, 60.8291383), (56.7811627, 60.8294993), (56.7813663, 60.8290215)]",1380.8992448449135,2
way/1177618697,56.7187487,60.633646028571434,"[(56.7194945, 60.6343266), (56.7186205, 60.632741), (56.718403, 60.6318562), (56.7176689, 60.6330737), (56.7183525, 60.6340434), (56.719207, 60.6351547), (56.7194945, 60.6343266)]",15869.12676692009,22
way/1180611989,56.784206080000004,60.497314440000004,"[(56.7872249, 60.4937863), (56.7864322, 60.4924383), (56.7847731, 60.4949511), (56.7842237, 60.4959696), (56.7824455, 60.4994728), (56.7823844, 60.4994269), (56.7820841, 60.5006146), (56.7824, 60.5009812), (56.782868, 60.5017173), (56.7872249, 60.4937863)]",92457.02102226391,888
way/1190144186,56.80773305,60.41062156666667,"[(56.8080475, 60.4111205), (56.8076436, 60.4092385), (56.8071067, 60.409528), (56.8076768, 60.4113586), (56.8078762, 60.4113633), (56.8080475, 60.4111205)]",6771.428204942029,20
way/1190145220,56.86131911428572,60.626409654285716,"[(56.8614207, 60.6254621), (56.8613686, 60.625545), (56.8613479, 60.6255779), (56.8613272, 60.6256108), (56.8612087, 60.6257993), (56.8611753, 60.6258524), (56.8611382, 60.6259115), (56.861084, 60.6259977), (56.8610628, 60.6260303), (56.8610453, 60.6260593), (56.8609597, 60.6261908), (56.8608439, 60.6263715), (56.8607817, 60.6264658), (56.8607227, 60.6265606), (56.8609491, 60.6270321), (56.8609684, 60.6270721), (56.8610072, 60.6271529), (56.8610221, 60.627184), (56.8610842, 60.6273133), (56.8611873, 60.627528), (56.8612741, 60.6273852), (56.861496, 60.6270319), (56.8615151, 60.6270013), (56.8615379, 60.6269647), (56.8615567, 60.6269344), (56.8616207, 60.6268328), (56.8616952, 60.6267197), (56.8618797, 60.6264277), (56.8618375, 60.6263388), (56.8618098, 60.6262805), (56.8617665, 60.6261893), (56.8617528, 60.6261606), (56.8616772, 60.6260016), (56.8616241, 60.6258899), (56.8614207, 60.6254621)]",7983.492957182229,32
way/1191723665,56.8029143,60.85168718333333,"[(56.8032428, 60.8521825), (56.8032105, 60.8512008), (56.8026465, 60.8511257), (56.8025349, 60.8511794), (56.8026083, 60.8522522), (56.8032428, 60.8521825)]",4718.024758420885,2
way/1191723667,56.810976833333335,60.85030138333334,"[(56.8112514, 60.8500367), (56.8109489, 60.849672), (56.8107052, 60.8504364), (56.8107243, 60.8506617), (56.8109798, 60.8509648), (56.8112514, 60.8500367)]",2619.4995458871126,2
way/1191723669,56.806381480000006,60.85203818,"[(56.8066819, 60.8516514), (56.8059051, 60.8518767), (56.8059389, 60.8525875), (56.8066996, 60.8524239), (56.8066819, 60.8516514)]",3912.454872176051,5
way/1191723670,56.80630038333334,60.85133001666666,"[(56.8066261, 60.8514905), (56.8066115, 60.8508146), (56.8058273, 60.8509272), (56.8058802, 60.8516622), (56.8062311, 60.8515951), (56.8066261, 60.8514905)]",3738.667672559619,8
way/1201454006,56.7112149326087,60.54933787608696,"[(56.7124911, 60.5532461), (56.7127509, 60.5537053), (56.713119, 60.554035), (56.7134749, 60.5541895), (56.7136529, 60.5547937), (56.7147733, 60.555145), (56.7148635, 60.5550496), (56.7146154, 60.5538573), (56.7142654, 60.5522684), (56.7134419, 60.5485473), (56.7126094, 60.549229), (56.7122592, 60.5478021), (56.7118073, 60.5458315), (56.7114855, 60.5444233), (56.7111637, 60.5440485), (56.7111185, 60.5441343), (56.7104841, 60.5433008), (56.7104196, 60.5433891), (56.7102906, 60.5432118), (56.7100715, 60.5437207), (56.709851, 60.5434363), (56.7098139, 60.543561), (56.7097009, 60.5435273), (56.709636, 60.5440755), (56.7087937, 60.5461061), (56.7085931, 60.5462587), (56.7081105, 60.5474629), (56.7079119, 60.5479417), (56.7080195, 60.5480556), (56.7086789, 60.5489638), (56.7093637, 60.5473201), (56.7098815, 60.5479872), (56.7111711, 60.5497623), (56.710928, 60.550348), (56.7110638, 60.5504948), (56.7111547, 60.5505893), (56.711461, 60.5501328), (56.7119107, 60.5506803), (56.7116787, 60.5512185), (56.7107584, 60.553503), (56.7104678, 60.5542783), (56.7105944, 60.5542642), (56.7108507, 60.5537318), (56.7118657, 60.5543529), (56.7119785, 60.5543155), (56.7124911, 60.5532461)]",210538.13843300007,72
way/1201491819,56.71114616666667,60.554782655555556,"[(56.7119527, 60.5545014), (56.7108736, 60.5537776), (56.7106301, 60.554352), (56.7115093, 60.5548984), (56.711435, 60.5551085), (56.7104917, 60.5545388), (56.7101995, 60.555314), (56.7112709, 60.5560518), (56.7119527, 60.5545014)]",13193.334124550223,2
way/1201491821,56.710915875000005,60.55182786666666,"[(56.7114193, 60.5510157), (56.7108965, 60.5503946), (56.7098173, 60.5529724), (56.7100121, 60.553318), (56.7109964, 60.550983), (56.711099, 60.5510577), (56.7099378, 60.5539297), (56.7104402, 60.5541866), (56.711386, 60.5518796), (56.711873, 60.5506934), (56.7116936, 60.550488), (56.7114193, 60.5510157)]",20286.933754496276,2
way/1201493618,56.70599742857143,60.54062798571429,"[(56.7065138, 60.5395579), (56.7058063, 60.539301), (56.7056114, 60.5407627), (56.7053166, 60.5414913), (56.7059319, 60.5422385), (56.7062882, 60.5414866), (56.7065138, 60.5395579)]",13601.10290017724,22
way/1201493619,56.70531868333333,60.54001061666667,"[(56.7056829, 60.5392455), (56.7049793, 60.5389127), (56.7047966, 60.5406381), (56.7052837, 60.5412482), (56.7054867, 60.5407737), (56.7056829, 60.5392455)]",9245.38135945797,20
way/1201493621,56.7040663375,60.5399579875,"[(56.7046714, 60.5398925), (56.7047932, 60.5388881), (56.704164, 60.5385923), (56.7027297, 60.5413406), (56.7029598, 60.5417781), (56.7041336, 60.5394612), (56.7044076, 60.5398186), (56.7046714, 60.5398925)]",11703.947995953262,15
way/1201493622,56.704154914285716,60.54073007142857,"[(56.7046647, 60.5401267), (56.7043602, 60.5400096), (56.704164, 60.53972), (56.7030376, 60.5418274), (56.7035754, 60.5426716), (56.7046178, 60.5406285), (56.7046647, 60.5401267)]",14199.635958179832,8
way/1201493632,56.70830802857143,60.54324152857142,"[(56.7088468, 60.5424739), (56.7081263, 60.5421905), (56.7080621, 60.5427019), (56.707504, 60.5442609), (56.7080418, 60.5450743), (56.7087284, 60.5435153), (56.7088468, 60.5424739)]",13866.989055752754,5
way/1201493633,56.7068033,60.541177257142856,"[(56.7073788, 60.5397688), (56.7066347, 60.5395839), (56.706408, 60.5415681), (56.7060664, 60.5423938), (56.7066211, 60.5431148), (56.7071353, 60.5420426), (56.7073788, 60.5397688)]",17104.699570715427,28
way/1201493638,56.70765613076923,60.54920133846154,"[(56.7068974, 60.5475821), (56.7064442, 60.5485496), (56.7068467, 60.5491042), (56.7071241, 60.5496341), (56.7076788, 60.550429), (56.7082876, 60.5511192), (56.7086326, 60.5501394), (56.7085379, 60.5497265), (56.7080711, 60.5493137), (56.7082842, 60.54887), (56.7080644, 60.5485188), (56.7077633, 60.5490487), (56.7068974, 60.5475821)]",21033.578920066357,12
way/1201724755,56.7007604,60.565411700000006,"[(56.7019154, 60.566529), (56.6996999, 60.5626437), (56.6990748, 60.5635822), (56.7011965, 60.5677746), (56.7019154, 60.566529)]",34669.16432368755,22
way/1212915230,56.843017149999994,60.67463047727272,"[(56.8436487, 60.6732819), (56.8435486, 60.6732242), (56.8430276, 60.6730783), (56.842902, 60.6730632), (56.8427847, 60.6731102), (56.842591, 60.6731263), (56.8424429, 60.6730726), (56.8421993, 60.6739122), (56.8422111, 60.675028), (56.8422169, 60.6759506), (56.8422654, 60.6759453), (56.8426028, 60.675948), (56.842638, 60.675956), (56.8427098, 60.6760915), (56.8427333, 60.6761733), (56.8428144, 60.676573), (56.8431646, 60.6765032), (56.843571, 60.676361), (56.8448736, 60.6760472), (56.8440081, 60.6729412), (56.8437748, 60.6732014), (56.8436487, 60.6732819)]",47730.98319280101,5922
way/1212921012,56.82824253333333,60.69455013333334,"[(56.8292183, 60.6947744), (56.8292403, 60.6947476), (56.8289116, 60.6937203), (56.8288118, 60.6936988), (56.8275838, 60.693493), (56.8275921, 60.6935191), (56.8278916, 60.6943881), (56.8275677, 60.6947343), (56.8273985, 60.6949152), (56.8276167, 60.6955594), (56.8278597, 60.696277), (56.8292183, 60.6947744)]",19951.530512550846,2665
way/1213502021,56.83866235,60.69217868333334,"[(56.8402188, 60.6900269), (56.8401851, 60.6899142), (56.836143, 60.689642), (56.8361004, 60.6912768), (56.8360843, 60.6920452), (56.8365743, 60.6920814), (56.8367621, 60.6918642), (56.8373241, 60.6927145), (56.837685, 60.6927359), (56.8376821, 60.6932402), (56.8378024, 60.6932509), (56.838266, 60.6933045), (56.8383878, 60.6933555), (56.8384968, 60.6930988), (56.8391085, 60.6930848), (56.8393913, 60.6931543), (56.8399634, 60.69317), (56.8399909, 60.6933232), (56.8402984, 60.6929425), (56.8403393, 60.6928763), (56.8402906, 60.6927295), (56.8402908, 60.6917164), (56.8402922, 60.6907135), (56.8402188, 60.6900269)]",86689.4335069824,5370
way/1213985687,56.70442101578947,60.489803168421055,"[(56.7044099, 60.4976184), (56.7053596, 60.4977286), (56.7079568, 60.4958725), (56.7062254, 60.4874933), (56.7047471, 60.4824829), (56.7044049, 60.4819646), (56.7041463, 60.4832768), (56.7032835, 60.4822415), (56.7026827, 60.4819626), (56.7019906, 60.4853046), (56.7034808, 60.4856962), (56.7050121, 60.4879117), (56.7056911, 60.4913664), (56.70475, 60.4922891), (56.7046882, 60.4933888), (56.7033424, 60.4926967), (56.7032245, 60.4945421), (56.7041935, 60.494805), (56.7044099, 60.4976184)]",252535.62754056603,5690
way/1213993819,56.79902772941176,60.59804414705883,"[(56.7993347, 60.5969918), (56.7992026, 60.5970401), (56.7991952, 60.5970588), (56.7986646, 60.5972607), (56.7986951, 60.5980626), (56.7986687, 60.5980727), (56.7986716, 60.598237), (56.7986173, 60.5982417), (56.7986268, 60.5984844), (56.798604, 60.5986574), (56.7990263, 60.5987969), (56.7990267, 60.5988619), (56.7994434, 60.5987433), (56.7994427, 60.5985314), (56.7994508, 60.5984227), (56.7994662, 60.5982953), (56.7993347, 60.5969918)]",8479.668469305616,2145
way/1214216176,56.80149848,60.604346299999996,"[(56.8017527, 60.6036422), (56.8009562, 60.6038716), (56.8011324, 60.605422), (56.8018984, 60.6051535), (56.8017527, 60.6036422)]",8409.268406271935,780
way/1215436974,56.79592647142857,60.649022464285714,"[(56.7955761, 60.6509417), (56.7959345, 60.6500861), (56.7963421, 60.6491098), (56.7965015, 60.6484365), (56.7965867, 60.6475139), (56.7963289, 60.6481844), (56.7960844, 60.6481549), (56.7960447, 60.6481254), (56.7959293, 60.6483595), (56.7955099, 60.6483728), (56.7955104, 60.6483984), (56.7955183, 60.6488603), (56.7955277, 60.6508291), (56.7955761, 60.6509417)]",11199.245599395595,595
way/1215437069,56.79598842,60.64785144,"[(56.7965867, 60.6475139), (56.7958053, 60.6466395), (56.7954997, 60.6473235), (56.7955086, 60.6483266), (56.7955099, 60.6483728), (56.7959293, 60.6483595), (56.7960447, 60.6481254), (56.7960844, 60.6481549), (56.7963289, 60.6481844), (56.7965867, 60.6475139)]",8310.268777645193,975
way/1215443503,56.785519925,60.6514349875,"[(56.7850151, 60.6514406), (56.7853427, 60.6522211), (56.7857144, 60.6523043), (56.7861024, 60.6517913), (56.7857069, 60.6508916), (56.7856747, 60.6508), (56.7855881, 60.6505904), (56.7850151, 60.6514406)]",7047.939349465072,750
way/1215464704,56.780536684615385,60.64669866923077,"[(56.7799934, 60.6470408), (56.7801941, 60.6476641), (56.7805262, 60.6473395), (56.7806996, 60.6473368), (56.7812447, 60.6471936), (56.7810627, 60.6463805), (56.7809143, 60.6457582), (56.7807128, 60.6458965), (56.780438, 60.6461781), (56.7804063, 60.6462308), (56.7804621, 60.6464372), (56.7803293, 60.6465858), (56.7799934, 60.6470408)]",8399.471343454206,665
way/1216410205,56.77682076153846,60.66526906153846,"[(56.7766851, 60.6641536), (56.7757315, 60.6656198), (56.7759088, 60.6659023), (56.7763164, 60.6672412), (56.7767671, 60.6666897), (56.7768233, 60.66657), (56.7772771, 60.6659729), (56.7776254, 60.664629), (56.7775695, 60.6644037), (56.7773921, 60.6644538), (56.7771184, 60.6643635), (56.7767701, 60.6643447), (56.7766851, 60.6641536)]",21253.0935674645,1955
way/1216411821,56.778330966666665,60.67388507777778,"[(56.7781097, 60.6740032), (56.7785772, 60.6748626), (56.7786889, 60.6746213), (56.7783892, 60.6741504), (56.7786148, 60.6733495), (56.7784444, 60.6732007), (56.7781234, 60.672937), (56.7779214, 60.6738378), (56.7781097, 60.6740032)]",4386.790459230542,655
way/1216416745,56.78152238,60.67249592,"[(56.7819515, 60.6711817), (56.7817649, 60.6711093), (56.7811132, 60.6726395), (56.7810589, 60.6728594), (56.7807796, 60.673475), (56.7809884, 60.6742019), (56.7810596, 60.6741998), (56.782515, 60.6728353), (56.7820412, 60.6712756), (56.7819515, 60.6711817)]",18152.38472436811,2960
way/1216418531,56.779055944444444,60.67638207777778,"[(56.7786596, 60.6763001), (56.779142, 60.6769672), (56.7792654, 60.6770718), (56.77928, 60.6769806), (56.7793847, 60.6763202), (56.7791244, 60.6759656), (56.7790409, 60.6758356), (56.7789469, 60.6756975), (56.7786596, 60.6763001)]",3457.8143931999803,2
way/1216451191,56.80594155,60.6260829875,"[(56.8056004, 60.6255068), (56.8056761, 60.6258456), (56.8056562, 60.6259207), (56.8056974, 60.6261624), (56.8054896, 60.6263445), (56.8054727, 60.6264424), (56.8055023, 60.6264816), (56.8057868, 60.6268038), (56.8060125, 60.6270593), (56.806052, 60.6271018), (56.8063244, 60.6263848), (56.8066636, 60.6262786), (56.8065851, 60.625675), (56.8064983, 60.6250181), (56.806447, 60.6247956), (56.8056004, 60.6255068)]",10325.314264204353,2442
way/1216451192,56.80646581818182,60.62708309090909,"[(56.8066636, 60.6262786), (56.8063244, 60.6263848), (56.806052, 60.6271018), (56.8060446, 60.627121), (56.8060576, 60.6271416), (56.8065014, 60.6276165), (56.806561, 60.627607), (56.8067187, 60.6275564), (56.8067776, 60.6275341), (56.8067595, 60.6272936), (56.8066636, 60.6262786)]",4347.107329920866,880
way/1216478483,56.81595145,60.62595685625,"[(56.8149981, 60.6244844), (56.8153505, 60.6280464), (56.8158129, 60.6278452), (56.8159641, 60.6277138), (56.8161344, 60.6275663), (56.8161021, 60.6273705), (56.8161491, 60.6272122), (56.8162467, 60.6267294), (56.8162673, 60.6266972), (56.8165851, 60.6249605), (56.8165748, 60.624766), (56.8165381, 60.6244844), (56.8162886, 60.6245702), (56.8162269, 60.6239668), (56.8149864, 60.624412), (56.8149981, 60.6244844)]",29748.290359128267,1498
way/1216631588,56.82487940909091,60.61942979090909,"[(56.8247405, 60.6187162), (56.8247592, 60.618896), (56.8247867, 60.6191611), (56.8247362, 60.6191786), (56.8248006, 60.6197977), (56.8248213, 60.6199968), (56.824567, 60.6200851), (56.8246139, 60.6205363), (56.8256429, 60.620179), (56.8254647, 60.6184647), (56.8247405, 60.6187162)]",10005.683696866035,1532
way/1216802622,56.82845546,60.610320120000004,"[(56.8286261, 60.6094391), (56.8280009, 60.609647), (56.8281995, 60.6116416), (56.8288247, 60.6114338), (56.8286261, 60.6094391)]",8758.754097744823,1152
way/1216906195,56.82981806363637,60.608153854545456,"[(56.8301673, 60.6081062), (56.8301132, 60.6081151), (56.8299585, 60.608162), (56.829889, 60.6075302), (56.8293298, 60.6077139), (56.8293658, 60.6080599), (56.829561, 60.6079996), (56.829636, 60.6086672), (56.8296426, 60.6087268), (56.8301682, 60.6085053), (56.8301673, 60.6081062)]",3735.5617897436023,162
way/1217040744,56.82198612222222,60.60977609444444,"[(56.8224605, 60.6081194), (56.8216803, 60.6084743), (56.8217552, 60.6090349), (56.8216142, 60.6091288), (56.8216216, 60.6092629), (56.8216686, 60.6092414), (56.8216906, 60.6095472), (56.8212664, 60.6096947), (56.8213897, 60.6106469), (56.8214058, 60.6107837), (56.8217317, 60.6106496), (56.8218256, 60.611186), (56.8225338, 60.6108923), (56.8225015, 60.6105852), (56.8227522, 60.610484), (56.8227019, 60.6100595), (56.8226901, 60.6100595), (56.8224605, 60.6081194)]",19477.21276997216,748
way/1217989382,56.822857636363636,60.64101397272727,"[(56.8227723, 60.6404141), (56.8224847, 60.6408057), (56.8223709, 60.6408982), (56.8223004, 60.6413662), (56.8223724, 60.6415071), (56.8231466, 60.6419241), (56.8233789, 60.6417277), (56.8235341, 60.6409653), (56.8235048, 60.6406555), (56.8227966, 60.6404757), (56.8227723, 60.6404141)]",8686.3281359002,1400
way/1218092190,56.83268834545454,60.656619027272725,"[(56.8334926, 60.6546096), (56.8322538, 60.6551461), (56.8317979, 60.6568843), (56.8321797, 60.6572315), (56.8322927, 60.65719), (56.8323913, 60.657204), (56.8326048, 60.6572452), (56.8326158, 60.657517), (56.8326436, 60.6578064), (56.833807, 60.6573656), (56.8334926, 60.6546096)]",28644.400130607188,1235
way/1218672013,56.858289963157894,60.66079676842105,"[(56.8589639, 60.6626398), (56.8605283, 60.6610939), (56.8604901, 60.6609276), (56.8583669, 60.6563866), (56.856481, 60.6593907), (56.8566906, 60.659818), (56.8570618, 60.6592727), (56.8574022, 60.6599034), (56.8575897, 60.6596106), (56.8580222, 60.6605886), (56.8577466, 60.6610144), (56.8580663, 60.6616974), (56.8580941, 60.6616759), (56.8583361, 60.6613916), (56.858405, 60.6612414), (56.8586059, 60.6611448), (56.8588211, 60.6623762), (56.8588736, 60.6623252), (56.8589639, 60.6626398)]",74778.86715017259,3528
way/1218904256,56.861883712,60.656120744,"[(56.8625407, 60.6577239), (56.8627815, 60.6542991), (56.8621514, 60.6541309), (56.8621353, 60.6543455), (56.8615664, 60.654214), (56.8615253, 60.6548899), (56.8615155, 60.6550782), (56.8617497, 60.6551233), (56.8617764, 60.6551391), (56.8617955, 60.6551495), (56.8620647, 60.6553025), (56.8620129, 60.6560567), (56.8619167, 60.6561674), (56.8613602, 60.6560539), (56.8614198, 60.6564456), (56.8611734, 60.6565502), (56.8612381, 60.6567804), (56.8614623, 60.6569177), (56.8616896, 60.6571215), (56.8618628, 60.6574377), (56.8620825, 60.6575105), (56.8620737, 60.6576982), (56.8622783, 60.6574568), (56.8623794, 60.6577022), (56.8625407, 60.6577239)]",22667.94759797491,70
way/1223363234,56.79603857272728,60.500822472727265,"[(56.7957837, 60.4980273), (56.794451, 60.5004537), (56.7957686, 60.5028382), (56.7959845, 60.502452), (56.7956349, 60.5018243), (56.7960946, 60.5010036), (56.7965529, 60.501819), (56.7967938, 60.5013563), (56.7965926, 60.5009834), (56.796984, 60.5002621), (56.7957837, 60.4980273)]",38912.15471625328,32
way/1223753400,56.79146693846154,60.49203896153846,"[(56.7909798, 60.4897597), (56.7906221, 60.490256), (56.7906603, 60.4904316), (56.7907698, 60.4906625), (56.7914446, 60.4918742), (56.7906822, 60.4932317), (56.7911047, 60.4939842), (56.7917261, 60.4928738), (56.7927823, 60.4948667), (56.7929306, 60.4945716), (56.7929982, 60.4936007), (56.7913897, 60.4906341), (56.7909798, 60.4897597)]",28664.45441558957,2600
way/1223753460,56.80120330714286,60.49788312142857,"[(56.8008575, 60.49676), (56.8008503, 60.4968561), (56.800778, 60.4978158), (56.8010448, 60.4978884), (56.8013288, 60.4979656), (56.8011933, 60.4986184), (56.8011497, 60.4988281), (56.8013042, 60.4989691), (56.8015531, 60.4991421), (56.8015833, 60.4989879), (56.801675, 60.4982248), (56.8017749, 60.4968783), (56.8008959, 60.4966691), (56.8008575, 60.49676)]",10185.487371467054,390
way/1223753480,56.800352849999996,60.50178576666667,"[(56.8003305, 60.5005047), (56.8001556, 60.5009859), (56.8001381, 60.5009808), (56.8000331, 60.5010585), (56.7998591, 60.5018655), (56.800473, 60.5023125), (56.8003569, 60.5028892), (56.8003751, 60.5029731), (56.8003625, 60.5030284), (56.800672, 60.5032365), (56.8011478, 60.5010894), (56.8003305, 60.5005047)]",12479.091028208379,422
way/1225479327,56.7980348,60.51479843333334,"[(56.7980397, 60.5135196), (56.797974, 60.5133967), (56.796923, 60.5153145), (56.798101, 60.5174697), (56.7991314, 60.5155705), (56.7980397, 60.5135196)]",30491.588266178966,850
way/1227530225,56.81289891818182,60.57120359090909,"[(56.813347, 60.5693624), (56.8127481, 60.570919), (56.8124527, 60.570561), (56.8121495, 60.5713709), (56.8120692, 60.5716811), (56.8123687, 60.5720687), (56.8124678, 60.5718085), (56.8133326, 60.5728881), (56.8133759, 60.5727741), (56.8142296, 60.5704433), (56.813347, 60.5693624)]",24810.078783094883,975
way/1227539011,56.810572416666666,60.57684711666667,"[(56.8101649, 60.5761993), (56.8099549, 60.5767921), (56.8108652, 60.5779374), (56.8110128, 60.5775458), (56.8111134, 60.5772923), (56.8111046, 60.5772226), (56.8106193, 60.5766298), (56.8105804, 60.5766311), (56.8105378, 60.5767411), (56.8103664, 60.5765104), (56.8103844, 60.5764642), (56.8101649, 60.5761993)]",5798.084392237477,98
way/1227545124,56.79914851666666,60.58434065,"[(56.7990554, 60.5838676), (56.7990472, 60.5838573), (56.7987741, 60.5845876), (56.799343, 60.585297), (56.799616, 60.5845668), (56.7990554, 60.5838676)]",4144.160646121949,878
way/1227994550,56.8124921375,60.6075405875,"[(56.8122398, 60.6083157), (56.8131072, 60.6080022), (56.8129753, 60.6063188), (56.8124231, 60.6065249), (56.8124942, 60.6073098), (56.8122542, 60.6074658), (56.8122035, 60.6080718), (56.8122398, 60.6083157)]",8221.244436398149,752
way/1228728146,56.772080654545455,60.53601811818182,"[(56.7716328, 60.5350528), (56.7705517, 60.5369854), (56.7714006, 60.5382179), (56.7720429, 60.5371785), (56.7732125, 60.5363529), (56.7728887, 60.5357757), (56.7726815, 60.5356402), (56.772647, 60.535659), (56.7723508, 60.5356322), (56.7718459, 60.5346519), (56.7716328, 60.5350528)]",28322.82761855796,65
way/1228984333,56.74713242,60.5712984,"[(56.7472081, 60.5703633), (56.7465005, 60.5720197), (56.7470337, 60.5727392), (56.7477117, 60.5710065), (56.7472081, 60.5703633)]",9201.109311819077,32
way/1229022922,56.7439108,60.564898359999994,"[(56.744058, 60.5640235), (56.7432493, 60.5650133), (56.74369, 60.5662107), (56.7444987, 60.5652208), (56.744058, 60.5640235)]",9570.039584875107,35
way/1229026659,56.74493126,60.563730080000006,"[(56.7450632, 60.562888), (56.744301, 60.5638305), (56.7447334, 60.5649932), (56.7454955, 60.5640507), (56.7450632, 60.562888)]",8814.280658245087,2
way/1229030411,56.743227833333336,60.56333401111111,"[(56.7439576, 60.563756), (56.7430506, 60.5613209), (56.7422479, 60.5623151), (56.742768, 60.5637114), (56.7430904, 60.563312), (56.7431032, 60.5633464), (56.7433979, 60.5641375), (56.7434773, 60.5643508), (56.7439576, 60.563756)]",16127.685245204717,32
way/1230288164,56.75943056363636,60.5868674,"[(56.7594286, 60.5861677), (56.7593441, 60.5861986), (56.7592037, 60.5861932), (56.7590868, 60.5868141), (56.7590559, 60.586798), (56.758892, 60.5876416), (56.7597984, 60.5882558), (56.7599145, 60.5876952), (56.7597852, 60.587419), (56.7597984, 60.5861905), (56.7594286, 60.5861677)]",9617.193122556433,845
way/1230312885,56.7675165,60.603703900000006,"[(56.7673536, 60.6030512), (56.7674562, 60.6038555), (56.7671026, 60.603999), (56.7672059, 60.604802), (56.7681441, 60.6043875), (56.7679995, 60.6027809), (56.7673536, 60.6030512)]",9051.49181124568,1008
way/1230642373,56.8289441,60.58674426,"[(56.8292038, 60.5861526), (56.8284362, 60.5863987), (56.8285545, 60.5876318), (56.8293222, 60.5873856), (56.8292038, 60.5861526)]",6633.107476770878,32
way/1230808825,56.83723358333333,60.56735494166667,"[(56.8375254, 60.5668098), (56.8373358, 60.5667458), (56.8369927, 60.566699), (56.836746, 60.5666654), (56.8366961, 60.5681433), (56.8367321, 60.568209), (56.8374077, 60.5683082), (56.8374103, 60.5682166), (56.8374334, 60.5674164), (56.837466, 60.5674211), (56.8375321, 60.5668149), (56.8375254, 60.5668098)]",7701.618002349045,65
way/1230870733,56.83685611428571,60.56413805714286,"[(56.8377401, 60.5625785), (56.8357908, 60.5623993), (56.8356309, 60.5659211), (56.8366903, 60.5660954), (56.8367436, 60.5646229), (56.837657, 60.5647707), (56.8377401, 60.5625785)]",38942.62940476835,232
way/1232153794,56.84847594,60.593732676,"[(56.8483031, 60.5906215), (56.847404, 60.5928357), (56.8472815, 60.5933306), (56.847591, 60.5937678), (56.8475998, 60.5937476), (56.8476607, 60.5938214), (56.8475815, 60.5941768), (56.847998, 60.5947387), (56.8480494, 60.594842), (56.8480464, 60.5950351), (56.8480516, 60.5951518), (56.8480677, 60.5952162), (56.8480992, 60.5952993), (56.8482929, 60.5955769), (56.8484197, 60.5957405), (56.848532, 60.595884), (56.8490131, 60.5947763), (56.8497376, 60.5929939), (56.8497472, 60.592939), (56.8497574, 60.592782), (56.8497457, 60.5926466), (56.8497068, 60.5925044), (56.8496408, 60.5923744), (56.8492683, 60.5918929), (56.8483031, 60.5906215)]",47810.33294586465,1015
way/1232244962,56.86596643846154,60.60849251538461,"[(56.8678136, 60.6101453), (56.8676392, 60.6070903), (56.867431, 60.6039897), (56.8634109, 60.604966), (56.863512, 60.6069106), (56.8645135, 60.6067926), (56.8646, 60.6098449), (56.8645135, 60.6100541), (56.8645164, 60.6101882), (56.8666705, 60.6100722), (56.8674075, 60.6100917), (56.867722, 60.6101118), (56.8678136, 60.6101453)]",136170.32341427356,2378
way/1232644678,56.7957529,60.763806224999996,"[(56.7979321, 60.7600969), (56.7979071, 60.7595819), (56.7974503, 60.7595041), (56.7967835, 60.7594612), (56.795864, 60.7599601), (56.7945039, 60.7646352), (56.7939941, 60.7652467), (56.7939295, 60.7654345), (56.7939295, 60.7656759), (56.7939677, 60.7659253), (56.7940397, 60.7663894), (56.7941087, 60.7692593), (56.7959007, 60.7688597), (56.7959052, 60.7686183), (56.7978983, 60.7621542), (56.7979321, 60.7600969)]",157093.39496823773,1185
way/1233205828,56.8204596,60.55126711666667,"[(56.8209521, 60.5505389), (56.8207071, 60.5510536), (56.8204355, 60.5507024), (56.8202638, 60.5510804), (56.8201471, 60.5511045), (56.8196522, 60.5503859), (56.8196018, 60.5505493), (56.8201097, 60.5520835), (56.8204282, 60.5526361), (56.8207438, 60.553135), (56.8215218, 60.5513969), (56.8209521, 60.5505389)]",16564.061082670465,812
way/1233221284,56.82476875555555,60.54485661111111,"[(56.825648, 60.5442034), (56.8245213, 60.5439312), (56.8239597, 60.5451429), (56.8240023, 60.5451956), (56.8240865, 60.5450413), (56.8242533, 60.5451085), (56.8252249, 60.5454021), (56.8255748, 60.5454811), (56.825648, 60.5442034)]",11773.111589360982,228
way/1233226805,56.82077319166667,60.546065166666665,"[(56.820848, 60.5448791), (56.8208348, 60.5448657), (56.8200759, 60.5457214), (56.8202359, 60.5462169), (56.8205145, 60.5470718), (56.8206822, 60.5475251), (56.8207218, 60.5475318), (56.8212157, 60.5464885), (56.8212062, 60.5462927), (56.8210095, 60.5456945), (56.8210858, 60.5456154), (56.820848, 60.5448791)]",11240.255112940911,98
way/1233990028,56.86188570909091,60.56157509090909,"[(56.8614374, 60.5597519), (56.8614564, 60.5608678), (56.8619139, 60.5608517), (56.8619176, 60.5609778), (56.8620268, 60.5609831), (56.8620561, 60.5629626), (56.8614416, 60.5629706), (56.8614654, 60.5643326), (56.8628039, 60.5642044), (56.8627863, 60.5596716), (56.8614374, 60.5597519)]",33279.90403300105,3840
way/1233990029,56.861200469230766,60.561468869230765,"[(56.860147, 60.5597332), (56.8601764, 60.5624047), (56.8606997, 60.5623493), (56.8609763, 60.5627496), (56.8613993, 60.5627301), (56.8614023, 60.5629517), (56.8620435, 60.5629221), (56.8620172, 60.5610138), (56.8618714, 60.5610205), (56.8618696, 60.5608884), (56.8614366, 60.5609084), (56.8614198, 60.5596903), (56.860147, 60.5597332)]",32619.410955280066,35
way/1233998724,56.889400442857145,60.566066285714285,"[(56.8898166, 60.5649662), (56.8888598, 60.5639255), (56.8879572, 60.5662429), (56.8898986, 60.5683324), (56.8901711, 60.5674982), (56.8892832, 60.5665326), (56.8898166, 60.5649662)]",29187.213071346283,2
way/1234189121,56.90511663846154,60.58373054615385,"[(56.905344, 60.5826473), (56.9052939, 60.5827799), (56.9051781, 60.5830863), (56.9051482, 60.5831652), (56.9051171, 60.5832476), (56.905003, 60.5835495), (56.904972, 60.5836316), (56.9049427, 60.5837088), (56.9047389, 60.5842462), (56.9042441, 60.5855575), (56.9050306, 60.5865526), (56.9061597, 60.5836773), (56.905344, 60.5826473)]",23384.592297174037,2345
way/1234567776,56.93322353333334,60.610204366666665,"[(56.9329267, 60.6102178), (56.9328549, 60.6106898), (56.9324605, 60.6108158), (56.9325491, 60.6119411), (56.9342277, 60.6120645), (56.9348691, 60.6107922), (56.9336226, 60.6085573), (56.9331747, 60.6088981), (56.9332098, 60.6090671), (56.9329098, 60.6092548), (56.9329508, 60.6099361), (56.9329267, 60.6102178)]",35549.01868583262,1108
way/1235414878,56.8722982,60.524313325,"[(56.8715421, 60.5243257), (56.8728948, 60.5261723), (56.8733054, 60.5251652), (56.8725097, 60.5240791), (56.872555, 60.523968), (56.8720386, 60.523263), (56.8719979, 60.5232076), (56.8715421, 60.5243257)]",15053.087026193738,195
way/1235425523,56.80416742,60.5642524,"[(56.8037079, 60.5640418), (56.8046223, 60.5651906), (56.8048567, 60.5645683), (56.8039423, 60.5634195), (56.8037079, 60.5640418)]",5702.900506734848,1105
way/1235633464,56.80782088181818,60.71784738181818,"[(56.8077186, 60.7162616), (56.8077003, 60.7162428), (56.807038, 60.7170086), (56.8076041, 60.7187024), (56.8076863, 60.7186756), (56.8078288, 60.7190752), (56.8079286, 60.7191932), (56.8080197, 60.7191557), (56.8085262, 60.7180694), (56.8082605, 60.7176751), (56.8077186, 60.7162616)]",14728.163305509835,1140
way/1235764212,56.78082216,60.75397908,"[(56.7806638, 60.7525974), (56.7799001, 60.7545837), (56.7810619, 60.7559993), (56.7818212, 60.7541176), (56.7806638, 60.7525974)]",22874.972405910492,32
way/1235770235,56.79868906,60.765562720000005,"[(56.8000441, 60.7635194), (56.7989015, 60.7634711), (56.7983022, 60.7628435), (56.797935, 60.7628113), (56.7967218, 60.7667649), (56.7977676, 60.7677305), (56.7977676, 60.7689536), (56.7994008, 60.7689589), (56.8000059, 60.7670546), (56.8000441, 60.7635194)]",98797.87349367235,6472
way/1235771985,56.78868268,60.780782640000005,"[(56.7883248, 60.7796985), (56.7878853, 60.7811098), (56.7892188, 60.7824411), (56.7896597, 60.7809653), (56.7883248, 60.7796985)]",16999.319262623787,370
way/1235776323,56.75924522857143,60.80822225714286,"[(56.7580245, 60.8080468), (56.7603571, 60.8109865), (56.7608887, 60.8095772), (56.759322, 60.8074298), (56.759407, 60.8072217), (56.7586928, 60.806247), (56.7580245, 60.8080468)]",36633.38346931338,1008
way/1235776324,56.760253492857146,60.81035624285715,"[(56.7608887, 60.8095772), (56.7603571, 60.8109865), (56.7580245, 60.8080468), (56.75789, 60.8084089), (56.7571224, 60.8073521), (56.7567813, 60.8084249), (56.7613862, 60.8143258), (56.7617538, 60.8133119), (56.7623595, 60.8140093), (56.7629652, 60.8120781), (56.7611088, 60.8095444), (56.7610393, 60.8096373), (56.7609834, 60.809707), (56.7608887, 60.8095772)]",94909.58518628776,318
way/1235811226,56.88049865833333,60.61700575,"[(56.8812458, 60.6163654), (56.881174, 60.6163278), (56.8806435, 60.6163466), (56.8799811, 60.6163868), (56.8799664, 60.6168509), (56.8799122, 60.6169447), (56.8798917, 60.6172693), (56.8801746, 60.6177065), (56.8801965, 60.6179237), (56.8802771, 60.6178996), (56.8812752, 60.6176823), (56.8812458, 60.6163654)]",12526.454105954617,68
way/1246107855,56.683209087499996,60.5022841875,"[(56.6833439, 60.5015678), (56.6824761, 60.5019354), (56.6826063, 60.5030758), (56.6830935, 60.5029911), (56.6837136, 60.5027543), (56.6836613, 60.50218), (56.6834341, 60.5022013), (56.6833439, 60.5015678)]",8658.53736630641,18
way/1246107874,56.67059014,60.504747099999996,"[(56.6708715, 60.5052888), (56.6705206, 60.503601), (56.6701979, 60.5039602), (56.6704892, 60.5055967), (56.6708715, 60.5052888)]",4731.128654062748,2
way/1246108387,56.67357134,60.50076758,"[(56.6740827, 60.5015957), (56.6734636, 60.4988842), (56.6728748, 60.4997636), (56.6733529, 60.5019987), (56.6740827, 60.5015957)]",13532.740176141262,2
way/1248001947,56.7790467,60.70103877916667,"[(56.7792602, 60.6966922), (56.7792496, 60.6965842), (56.7792224, 60.6965413), (56.7791886, 60.6965299), (56.7791552, 60.6965453), (56.779132, 60.6965862), (56.7788576, 60.6977221), (56.7788849, 60.6977179), (56.7771625, 60.7046798), (56.7771588, 60.7047603), (56.7771772, 60.7048193), (56.7772169, 60.7048367), (56.7785351, 60.7043434), (56.7796629, 60.7038537), (56.7797694, 60.7037504), (56.7798642, 60.7035452), (56.7800273, 60.7029404), (56.7800361, 60.7028586), (56.7800273, 60.7027888), (56.7799942, 60.7027553), (56.7794432, 60.7028183), (56.7794329, 60.702408), (56.7794021, 60.7021612), (56.7792602, 60.6966922)]",65811.00315491902,3275
way/1266945808,56.750840700000005,60.67149442,"[(56.7510545, 60.6714998), (56.7509348, 60.671026), (56.7505086, 60.6714915), (56.7506511, 60.671955), (56.7510545, 60.6714998)]",1735.465088546276,5
way/1286642857,56.8191100375,60.536116725,"[(56.8192383, 60.5346643), (56.8187216, 60.5352571), (56.8184735, 60.5356353), (56.8190944, 60.5376308), (56.8191165, 60.5376791), (56.8193058, 60.5371078), (56.8196919, 60.5362951), (56.8192383, 60.5346643)]",12747.991513367742,1045
way/1290100870,56.77323535,60.6355973875,"[(56.7729354, 60.6349253), (56.772984, 60.6367814), (56.7735616, 60.636572), (56.7734624, 60.636061), (56.7733943, 60.6354506), (56.7733496, 60.6351382), (56.7732601, 60.6349253), (56.7729354, 60.6349253)]",5692.668089032173,20
way/1291980084,56.84001937727273,60.58702857272727,"[(56.8390084, 60.5874849), (56.8389899, 60.5877407), (56.8390474, 60.5886158), (56.8392006, 60.589199), (56.8395716, 60.5890581), (56.8403228, 60.5880726), (56.8407309, 60.586641), (56.8408337, 60.5863845), (56.8409138, 60.5860456), (56.8408036, 60.5857341), (56.840637, 60.5855623), (56.8405168, 60.5855486), (56.8403677, 60.5853173), (56.8401961, 60.585812), (56.8403539, 60.5860135), (56.8404416, 60.5867166), (56.8401998, 60.5872204), (56.840176, 60.5873876), (56.8400406, 60.587588), (56.8395529, 60.5877334), (56.8395128, 60.5872677), (56.8390084, 60.5874849)]",17147.259516856633,1235
way/1305532049,56.76688332,60.8154223,"[(56.767096, 60.8152874), (56.7667072, 60.8150755), (56.7665404, 60.8156763), (56.766977, 60.8157849), (56.767096, 60.8152874)]",1699.225099556148,2
way/1316181332,56.88410078,60.57566084,"[(56.8843349, 60.5748833), (56.8836194, 60.5750881), (56.8837386, 60.5768377), (56.8844761, 60.5766118), (56.8843349, 60.5748833)]",8767.05361829698,488
way/1318139978,56.851451280000006,60.65892972,"[(56.8514214, 60.6608874), (56.8520107, 60.6606745), (56.8514714, 60.655979), (56.8509315, 60.6562203), (56.8514214, 60.6608874)]",18751.9579859972,912
way/1318267218,56.83467581111111,60.65644774444445,"[(56.8348033, 60.6581227), (56.8352437, 60.6579532), (56.8348195, 60.6541206), (56.8341306, 60.6544348), (56.8342693, 60.6557026), (56.834692, 60.655553), (56.834758, 60.6567602), (56.8345626, 60.6572599), (56.8348033, 60.6581227)]",13608.045667603612,1072
way/1318267220,56.87134892,60.53165208,"[(56.8718054, 60.5331337), (56.8723668, 60.5317605), (56.8706767, 60.5293894), (56.8700903, 60.5308431), (56.8718054, 60.5331337)]",25426.21549630165,945
way/1318267221,56.86889883076923,60.55671704615384,"[(56.8675952, 60.5579281), (56.8678503, 60.558427), (56.8680057, 60.5581802), (56.8684924, 60.5592316), (56.8687299, 60.5588347), (56.8685305, 60.5583572), (56.8695919, 60.5567265), (56.8694922, 60.556469), (56.870634, 60.5547709), (56.8701362, 60.5536833), (56.8697795, 60.5529392), (56.8692518, 60.5538458), (56.8675952, 60.5579281)]",47409.0215511024,1145
way/1318267223,56.88948546666667,60.60643706666667,"[(56.8896825, 60.6058377), (56.8894737, 60.6063688), (56.8891745, 60.6059679), (56.8885096, 60.607781), (56.8891373, 60.6086117), (56.8900979, 60.606012), (56.8898379, 60.6056885), (56.8897733, 60.6058283), (56.8896825, 60.6058377)]",13949.638255775906,1305
way/1318267224,56.89778855714286,60.625050557142856,"[(56.8981568, 60.6251687), (56.8976381, 60.6235824), (56.8970945, 60.6241877), (56.8976941, 60.6260057), (56.8979238, 60.6257297), (56.8978558, 60.625511), (56.8981568, 60.6251687)]",8464.833919078112,325
way/1318267225,56.893295120000005,60.618733399999996,"[(56.8933546, 60.6198071), (56.8938953, 60.6192079), (56.8932059, 60.6171228), (56.8926652, 60.6177221), (56.8933546, 60.6198071)]",10455.170332431793,270
way/1318267226,56.887501855555556,60.61823064444444,"[(56.8869088, 60.6181021), (56.8870004, 60.619651), (56.8886327, 60.6190503), (56.8881081, 60.6174302), (56.8880455, 60.6175258), (56.8875775, 60.6180396), (56.8871821, 60.6181195), (56.8871528, 60.6180552), (56.8869088, 60.6181021)]",15205.430758655071,585
way/1318442744,56.8805417,60.50763602857143,"[(56.8800553, 60.5071822), (56.8806043, 60.5079043), (56.8804682, 60.508251), (56.8809041, 60.5088243), (56.8813448, 60.5077018), (56.8803599, 60.5064064), (56.8800553, 60.5071822)]",9422.196065068245,358
way/1318442745,56.75973208888889,60.6036621,"[(56.7603508, 60.6050897), (56.7601324, 60.6036647), (56.759559, 60.6039352), (56.759416, 60.6029266), (56.7599895, 60.6026561), (56.7598543, 60.6016856), (56.758746, 60.6021973), (56.75919, 60.605714), (56.7603508, 60.6050897)]",24225.67478132248,110
way/1318442746,56.743697742857144,60.61497177142858,"[(56.7434485, 60.6122321), (56.7423219, 60.6144047), (56.7428984, 60.6160676), (56.7435398, 60.6170976), (56.7446017, 60.6176126), (56.7456254, 60.6151557), (56.7434485, 60.6122321)]",66821.20578843355,1620
way/1321849072,56.69939266,60.73954588,"[(56.6996487, 60.7393479), (56.6993652, 60.7389149), (56.6990594, 60.7399394), (56.6992413, 60.7401793), (56.6996487, 60.7393479)]",2291.5024102926254,5
way/1342293407,56.84166545294118,60.64755745882353,"[(56.8428067, 60.6458978), (56.8399254, 60.6469345), (56.840075, 60.6481844), (56.8407734, 60.6479028), (56.8408315, 60.6484009), (56.8409572, 60.6485171), (56.8411712, 60.6484381), (56.841177, 60.6484969), (56.8415974, 60.6483462), (56.8415367, 60.6477798), (56.8415908, 60.6476186), (56.841903, 60.6475165), (56.842258, 60.6476212), (56.8430238, 60.6473395), (56.8429607, 60.646787), (56.8429182, 60.6467977), (56.8428067, 60.6458978)]",30346.580100737512,855
way/1342294361,56.85144699473685,60.60691693157895,"[(56.8497714, 60.6076348), (56.8499298, 60.6074041), (56.850072, 60.6074738), (56.8505414, 60.6072807), (56.850512, 60.6071305), (56.8519025, 60.6066316), (56.8519699, 60.6069159), (56.8525771, 60.6067282), (56.852539, 60.6064117), (56.8534189, 60.6061274), (56.8535685, 60.6074417), (56.8538666, 60.6074671), (56.8539831, 60.6074179), (56.8537347, 60.6050676), (56.8501498, 60.606181), (56.850124, 60.6062976), (56.8494765, 60.6069294), (56.8495843, 60.6072459), (56.8497714, 60.6076348)]",34222.73531087488,1208
way/1342294362,56.848791885714284,60.601962300000004,"[(56.8493548, 60.5994125), (56.8484733, 60.5996606), (56.8474803, 60.6019686), (56.8476035, 60.6032239), (56.8494377, 60.6051001), (56.8498388, 60.6049579), (56.8493548, 60.5994125)]",57844.48757557571,1778
way/1342294363,56.850723800000004,60.60046868571429,"[(56.8508817, 60.5990973), (56.850196, 60.5993226), (56.8503991, 60.6013504), (56.8507805, 60.6012511), (56.8508289, 60.6016213), (56.8510987, 60.6015408), (56.8508817, 60.5990973)]",10416.220053553581,882
way/1344337878,56.79110806,60.821337760000006,"[(56.7912838, 60.8210515), (56.7907824, 60.820895), (56.7909756, 60.8218127), (56.7912147, 60.8218781), (56.7912838, 60.8210515)]",2150.6515081971884,2
way/1352295712,56.784893739999994,60.649891319999995,"[(56.7856146, 60.6485728), (56.785461, 60.6486415), (56.783919, 60.6508438), (56.7838412, 60.6510953), (56.7840991, 60.6513209), (56.7847349, 60.6504876), (56.7849044, 60.6502554), (56.7850845, 60.6500362), (56.7856641, 60.6490869), (56.7856146, 60.6485728)]",8949.235135287046,2055
way/1353873994,56.776996491666665,60.66139136666666,"[(56.7772154, 60.6613487), (56.777114, 60.6612146), (56.776729, 60.6613219), (56.776291, 60.6613004), (56.7759883, 60.6618476), (56.776194, 60.6623411), (56.7768877, 60.6629097), (56.7777047, 60.6610055), (56.7777702, 60.6607341), (56.7775343, 60.6605279), (56.7773139, 60.6607962), (56.7772154, 60.6613487)]",12519.617281278595,3412
way/1378656665,56.7993349875,60.47470045,"[(56.7997428, 60.4747207), (56.7996898, 60.4743474), (56.7996002, 60.4738409), (56.7984483, 60.474375), (56.7985636, 60.4753268), (56.7993972, 60.4750835), (56.7994952, 60.4751886), (56.7997428, 60.4747207)]",8772.360806189477,292
way/1378861283,56.73832921428572,60.7020182,"[(56.7384982, 60.7020604), (56.7383609, 60.7014362), (56.7380294, 60.7017342), (56.7381959, 60.7024062), (56.7383717, 60.70226), (56.7383502, 60.70217), (56.7384982, 60.7020604)]",1735.9770721122622,32
way/1426832357,56.78483984545455,60.6583682090909,"[(56.7849071, 60.6590701), (56.7851306, 60.6588568), (56.7849794, 60.658471), (56.7850957, 60.6580923), (56.7853167, 60.6574588), (56.7846647, 60.6566412), (56.7845812, 60.657284), (56.7843204, 60.6586737), (56.7844656, 60.6593743), (56.7848698, 60.659058), (56.7849071, 60.6590701)]",10138.643431194127,5
way/1447189967,56.80674696,60.61497826,"[(56.8071327, 60.6154534), (56.8069725, 60.6140169), (56.8061673, 60.6142357), (56.8063296, 60.6157319), (56.8071327, 60.6154534)]",8293.930583447218,782
way/1451525553,56.834181883333336,60.613832116666664,"[(56.8343467, 60.6137718), (56.8342455, 60.6134767), (56.8338346, 60.6135464), (56.8339329, 60.6143109), (56.8343849, 60.6141151), (56.8343467, 60.6137718)]",2244.206192597747,198
way/1452684900,56.828273931249996,60.56280473125,"[(56.8297384, 60.5653597), (56.829941, 60.5618925), (56.829484, 60.5618157), (56.8290246, 60.5617635), (56.8287255, 60.5617306), (56.8284051, 60.5617065), (56.8277417, 60.5620267), (56.8275448, 60.5622084), (56.8274784, 60.5623065), (56.8274222, 60.5624233), (56.8273762, 60.562554), (56.8273455, 60.5627408), (56.8273493, 60.5628903), (56.8273635, 60.5631144), (56.8277043, 60.5649831), (56.8297384, 60.5653597)]",53099.49551746063,2610
way/1452687969,56.82800275714286,60.58700132857143,"[(56.8284972, 60.5878216), (56.8283817, 60.5867106), (56.8280133, 60.5868209), (56.8279109, 60.5857353), (56.8272604, 60.5859494), (56.8274586, 60.5881499), (56.8284972, 60.5878216)]",13027.330494977534,1430
way/1452689577,56.82763586,60.59021084,"[(56.8278857, 60.5911797), (56.8276181, 60.5886349), (56.8272668, 60.5887571), (56.827523, 60.5913028), (56.8278857, 60.5911797)]",6396.020349800587,455
way/1452689578,56.827182560000004,60.59128896,"[(56.8274716, 60.5913237), (56.8274325, 60.5909762), (56.8267493, 60.591235), (56.8267878, 60.5915862), (56.8274716, 60.5913237)]",1692.1666649281979,162
way/1452918202,56.84077021428571,60.58135991428571,"[(56.841336, 60.5811363), (56.8408195, 60.5804496), (56.8401036, 60.5807929), (56.8402923, 60.5813178), (56.8405731, 60.5823486), (56.840931, 60.5823379), (56.841336, 60.5811363)]",9526.845783721656,780
way/1452923360,56.83621598,60.62906438,"[(56.8368631, 60.6277138), (56.8349288, 60.6284461), (56.8352526, 60.6311056), (56.8371723, 60.6303426), (56.8368631, 60.6277138)]",36241.70099133253,1045
way/1452923361,56.833898133333335,60.630699255555555,"[(56.835128, 60.6311604), (56.8348306, 60.6285003), (56.8327344, 60.6293761), (56.833052, 60.6319838), (56.8333068, 60.6318664), (56.8331479, 60.6304824), (56.8337994, 60.6302258), (56.8339561, 60.6315377), (56.835128, 60.6311604)]",32259.98776139319,978
way/1452949809,56.87354056666667,60.51284330000001,"[(56.8740498, 60.5157022), (56.8747494, 60.5132334), (56.8736276, 60.5103981), (56.8730277, 60.5093004), (56.8717391, 60.5127235), (56.8740498, 60.5157022)]",65254.19886350632,195
way/1453039237,56.816822333333334,60.484430411111106,"[(56.8173698, 60.4858333), (56.8177294, 60.4844608), (56.8173164, 60.4841095), (56.8172523, 60.4834916), (56.8164406, 60.4829321), (56.8161843, 60.48409), (56.8159137, 60.4844347), (56.8158247, 60.4846884), (56.8173698, 60.4858333)]",19719.795883268118,22
way/1453039238,56.81603514,60.48578156,"[(56.8157785, 60.4848438), (56.8153911, 60.486452), (56.8164263, 60.4871712), (56.8168013, 60.485597), (56.8157785, 60.4848438)]",13043.688746213913,18
way/1453039239,56.81567684,60.487385259999996,"[(56.8153632, 60.4865993), (56.8150935, 60.4877828), (56.8161504, 60.4885472), (56.8164139, 60.4873977), (56.8153632, 60.4865993)]",9776.673254191875,12
way/1453039240,56.81581877777777,60.483464100000006,"[(56.816347, 60.4827307), (56.8159665, 60.4824904), (56.8155484, 60.4823874), (56.8152008, 60.4838637), (56.81529, 60.4842671), (56.8157504, 60.4845761), (56.8158209, 60.4842414), (56.816098, 60.4838894), (56.816347, 60.4827307)]",10612.084513865411,10
way/1453039241,56.8150521875,60.4841566,"[(56.8153276, 60.4823359), (56.8139793, 60.4834174), (56.8145853, 60.4857262), (56.8153135, 60.48637), (56.8156424, 60.4847649), (56.8151914, 60.4844216), (56.8150504, 60.4838809), (56.8153276, 60.4823359)]",22661.015577733517,32
way/1453039242,56.81412761428572,60.48551655714285,"[(56.8138008, 60.4835633), (56.8129269, 60.4844388), (56.8136269, 60.4868849), (56.8149941, 60.4876832), (56.8152477, 60.486533), (56.8144961, 60.4859494), (56.8138008, 60.4835633)]",28769.760758638382,40
way/1453039243,56.815689373333335,60.47866935333333,"[(56.8151778, 60.4767388), (56.8159092, 60.4777297), (56.8159092, 60.4785508), (56.8155373, 60.4797796), (56.8150507, 60.4805214), (56.8151778, 60.4808952), (56.815528, 60.4805271), (56.8157388, 60.4801137), (56.8158999, 60.4797683), (56.8160952, 60.4789755), (56.8162997, 60.4783809), (56.8164299, 60.4779279), (56.8160921, 60.4771408), (56.8153172, 60.4762518), (56.8151778, 60.4767388)]",12647.27332213521,22
way/1453039244,56.81426834,60.48085668,"[(56.8148523, 60.4807027), (56.8134668, 60.4802836), (56.8133862, 60.4810707), (56.8147841, 60.4815237), (56.8148523, 60.4807027)]",7831.02670943737,12
way/1453039245,56.814252780000004,60.47564996,"[(56.8147812, 60.4727359), (56.8141268, 60.4725042), (56.8134274, 60.4800211), (56.8141473, 60.4802527), (56.8147812, 60.4727359)]",36179.25588551164,22
way/1453042751,56.87887302,60.50798082,"[(56.8783061, 60.5084459), (56.8789059, 60.5092834), (56.8797278, 60.5072832), (56.8791192, 60.5064457), (56.8783061, 60.5084459)]",12853.531277000904,2
way/1453043168,56.877939100000006,60.51028516,"[(56.8782572, 60.5085923), (56.8768577, 60.5120154), (56.8774708, 60.5128692), (56.8788526, 60.5093566), (56.8782572, 60.5085923)]",21866.303352236748,625
way/1453044698,56.78946215999999,60.77935744,"[(56.7896928, 60.780868), (56.790418, 60.7784297), (56.7891308, 60.7770579), (56.7883764, 60.7795636), (56.7896928, 60.780868)]",28637.514780282974,35
way/1453044699,56.78821581,60.78324411,"[(56.78786, 60.7811789), (56.7871497, 60.783611), (56.7879459, 60.7845076), (56.7880445, 60.784234), (56.7883563, 60.784022), (56.7884523, 60.7836718), (56.788504, 60.7836267), (56.788786, 60.7838925), (56.7891994, 60.7825177), (56.78786, 60.7811789)]",25293.6223763749,20
way/1453044700,56.79084452857143,60.77538759047619,"[(56.7903662, 60.7727854), (56.7897216, 60.7750994), (56.790346, 60.7756832), (56.7906087, 60.7760231), (56.790794, 60.7765158), (56.79037, 60.7779664), (56.7904965, 60.778116), (56.7908239, 60.7770104), (56.791217, 60.7773828), (56.7913835, 60.7767909), (56.7921726, 60.7763746), (56.7922879, 60.7759519), (56.7920995, 60.7747259), (56.7909275, 60.7754072), (56.7908314, 60.7748975), (56.7905181, 60.7750504), (56.7903321, 60.7739066), (56.7903724, 60.7737707), (56.790819, 60.7735668), (56.790881, 60.773329), (56.7903662, 60.7727854)]",30380.96250861883,20
way/1453044701,56.79136612999999,60.773572009999995,"[(56.7920636, 60.7746098), (56.7917129, 60.7723767), (56.7916147, 60.7721338), (56.7908044, 60.7713194), (56.7903648, 60.7726508), (56.7909877, 60.7732848), (56.7912786, 60.7748073), (56.791342, 60.774966), (56.791429, 60.7749617), (56.7920636, 60.7746098)]",21001.419912846293,30
way/1453044702,56.792878755555556,60.77539352222223,"[(56.7921784, 60.7747075), (56.79238, 60.7759476), (56.7922808, 60.7763044), (56.7924513, 60.7764403), (56.7931243, 60.7763837), (56.7933724, 60.7761798), (56.7940506, 60.7740269), (56.7938926, 60.773844), (56.7921784, 60.7747075)]",19981.8206076473,172
way/1453044703,56.79168294,60.77168422,"[(56.7908352, 60.7712145), (56.7916524, 60.7720044), (56.7917609, 60.7722225), (56.7921331, 60.7745923), (56.7929255, 60.7742016), (56.7924525, 60.771022), (56.79164, 60.7702801), (56.7913795, 60.7700593), (56.7912151, 60.770031), (56.7908352, 60.7712145)]",28883.21351265721,45
way/1453044704,56.792923225,60.771053475,"[(56.792042, 60.769939), (56.7920535, 60.7704936), (56.7925255, 60.7709131), (56.792994, 60.7740516), (56.7940663, 60.7734825), (56.793863, 60.7699091), (56.7937995, 60.7696999), (56.792042, 60.769939)]",37575.24224489927,25
way/1453044705,56.79493605833333,60.77144364166667,"[(56.7939926, 60.7699629), (56.7942688, 60.7734279), (56.7949517, 60.7733252), (56.7949182, 60.7722208), (56.7950789, 60.7721099), (56.7949695, 60.7701726), (56.7955635, 60.7700937), (56.7955864, 60.7733916), (56.7958591, 60.7735864), (56.7958658, 60.7694208), (56.7941856, 60.769649), (56.7939926, 60.7699629)]",32687.485755980015,348
way/1453044706,56.79480220000001,60.77491999,"[(56.7935928, 60.7762474), (56.7954583, 60.7762721), (56.7958903, 60.7760491), (56.7958919, 60.7739638), (56.795574, 60.7738845), (56.7955042, 60.7734896), (56.7946486, 60.7734958), (56.7942788, 60.7736832), (56.7935903, 60.775867), (56.7935928, 60.7762474)]",35750.019490784034,508
way/1453044707,56.78818185714285,60.77817174285714,"[(56.787847, 60.778409), (56.7877276, 60.7787898), (56.7881664, 60.7792173), (56.788838, 60.7769055), (56.78871, 60.776771), (56.788137, 60.7787006), (56.787847, 60.778409)]",3737.9064978808165,5
way/1453044708,56.786924157142856,60.7808475,"[(56.7881176, 60.7793834), (56.7866723, 60.7779696), (56.7854904, 60.781891), (56.7863543, 60.7827687), (56.7865776, 60.7819958), (56.7871393, 60.7825406), (56.7881176, 60.7793834)]",45975.223976910114,415
way/1453044709,56.78931564,60.77308958,"[(56.7901547, 60.7725908), (56.7888251, 60.7712531), (56.7880621, 60.7738467), (56.7893816, 60.7751665), (56.7901547, 60.7725908)]",30244.333097815514,18
way/1453047682,56.88612381428572,60.486911171428574,"[(56.886231, 60.4852386), (56.8857592, 60.4866331), (56.8860879, 60.4870366), (56.8855079, 60.4887495), (56.8858984, 60.4892309), (56.8871513, 60.4862509), (56.886231, 60.4852386)]",18942.1498259902,40
way/1453047683,56.884634125,60.488093774999996,"[(56.8838036, 60.4885229), (56.8846799, 60.4887697), (56.8854624, 60.4888233), (56.8856324, 60.4881099), (56.8847679, 60.4871979), (56.8846155, 60.4875359), (56.8843077, 60.4872677), (56.8838036, 60.4885229)]",12908.271652668715,18
way/1453047684,56.874388880000005,60.52447044,"[(56.8746244, 60.5223304), (56.873007, 60.5263145), (56.8740334, 60.5276724), (56.8756552, 60.5237045), (56.8746244, 60.5223304)]",42792.686906814575,1470
way/1453047685,56.833629475,60.5215842625,"[(56.8331772, 60.5185408), (56.8331831, 60.5229826), (56.8336937, 60.5229611), (56.8336878, 60.5256112), (56.8341926, 60.5256004), (56.8343569, 60.5198176), (56.8335673, 60.5186196), (56.8331772, 60.5185408)]",40394.07282108534,662
way/1453049200,56.7983889,60.48624466190476,"[(56.7988292, 60.4866472), (56.7991625, 60.4856138), (56.7990503, 60.4850408), (56.7993408, 60.4836743), (56.7989842, 60.4832213), (56.7985036, 60.483462), (56.7985254, 60.4828294), (56.7986276, 60.4805173), (56.7980695, 60.4797529), (56.7973485, 60.485274), (56.797271, 60.4868454), (56.7978214, 60.4872418), (56.7979222, 60.4899316), (56.7976198, 60.4894503), (56.7975191, 60.4892804), (56.7974105, 60.4902147), (56.7985036, 60.4916021), (56.7983563, 60.4884451), (56.7991082, 60.4885726), (56.799364, 60.4868737), (56.7988292, 60.4866472)]",86911.66069480777,125
way/1453051333,56.7846100875,60.73546715,"[(56.7870606, 60.73053), (56.7850832, 60.7284631), (56.7813917, 60.7407228), (56.7820122, 60.7410909), (56.7838579, 60.7413033), (56.7841681, 60.7386843), (56.7862464, 60.7324128), (56.7870606, 60.73053)]",185836.01306569576,935
way/1453051685,56.809447320000004,60.71286172,"[(56.8101962, 60.711824), (56.8089818, 60.7111462), (56.8083206, 60.7143998), (56.8095418, 60.7151146), (56.8101962, 60.711824)]",30219.675456225872,345
way/1453052104,56.80867956190476,60.71005314761905,"[(56.8105506, 60.7093785), (56.8107865, 60.7077012), (56.8102938, 60.7078479), (56.8101854, 60.7084863), (56.8096178, 60.7082596), (56.8095216, 60.7088415), (56.8089076, 60.7086936), (56.8081452, 60.7083486), (56.8081722, 60.7071901), (56.8074031, 60.7065862), (56.8067621, 60.7104437), (56.8077337, 60.7106778), (56.8074031, 60.7125141), (56.8067216, 60.7121691), (56.8064247, 60.713118), (56.807616, 60.7136678), (56.8077876, 60.712317), (56.808577, 60.7127853), (56.8089211, 60.7109736), (56.8101895, 60.7117377), (56.8105506, 60.7093785)]",94933.47713826597,2820
way/1453055518,56.83801504444445,60.588933811111104,"[(56.838656, 60.5874876), (56.8369495, 60.5881321), (56.8371335, 60.5899067), (56.8376747, 60.5896128), (56.837624, 60.5895611), (56.8382881, 60.5893183), (56.8383392, 60.5895518), (56.8388144, 60.5893463), (56.838656, 60.5874876)]",20634.764907673,1592
way/1453058609,56.77075303,60.761018820000004,"[(56.7717782, 60.7597439), (56.770427, 60.7603977), (56.7702172, 60.7588006), (56.7692907, 60.7592956), (56.7688557, 60.7618267), (56.7691372, 60.7645634), (56.772116, 60.7629942), (56.7719011, 60.7614625), (56.772029, 60.7613597), (56.7717782, 60.7597439)]",84058.14398556203,2178
way/1453068457,56.7823943,60.67510153333333,"[(56.7825428, 60.6729748), (56.7810016, 60.674536), (56.7821419, 60.6783006), (56.7829347, 60.6775688), (56.7824225, 60.6758451), (56.7827299, 60.6754304), (56.7824047, 60.674349), (56.7828278, 60.6739343), (56.7825428, 60.6729748)]",36055.41922324896,695
way/1453068776,56.78147779333334,60.678528633333336,"[(56.782993, 60.6812917), (56.782205, 60.6786765), (56.7820157, 60.6788446), (56.7817906, 60.679377), (56.7815239, 60.679121), (56.7813711, 60.6795877), (56.7804551, 60.6786111), (56.7809258, 60.677042), (56.7809054, 60.6762481), (56.7810947, 60.6758558), (56.7812891, 60.6756783), (56.7808644, 60.6742493), (56.7797425, 60.6796902), (56.7819976, 60.6823645), (56.782993, 60.6812917)]",59364.9470564574,355
way/1453068980,56.78021988181819,60.67077939090909,"[(56.7817355, 60.6684908), (56.7802839, 60.6679978), (56.7783702, 60.6714569), (56.7790559, 60.6724936), (56.779235, 60.6723722), (56.7796342, 60.6725684), (56.779716, 60.6724469), (56.7797979, 60.6725777), (56.7812596, 60.6702448), (56.781595, 60.6694334), (56.7817355, 60.6684908)]",55278.040188893676,1908
way/1453069599,56.77735735333333,60.67659353333333,"[(56.7785321, 60.6750113), (56.7781229, 60.6741152), (56.7779745, 60.6739677), (56.7777158, 60.674834), (56.7778359, 60.6752715), (56.7775287, 60.6760665), (56.777072, 60.6757138), (56.7760792, 60.6777686), (56.775382, 60.6805445), (56.77593, 60.6809023), (56.7761528, 60.6800485), (56.7766719, 60.6785756), (56.7782704, 60.6759223), (56.77856, 60.6751499), (56.7785321, 60.6750113)]",38030.54522027075,150
way/1453308926,56.812545785714285,60.58617951428572,"[(56.8121901, 60.585455), (56.8123026, 60.5866879), (56.8124508, 60.5866225), (56.8125326, 60.5870615), (56.8132024, 60.5867999), (56.8129519, 60.5851748), (56.8121901, 60.585455)]",8994.61796053499,292
way/1453308927,56.81145211111111,60.582468688888895,"[(56.8114295, 60.5793419), (56.8098299, 60.5833863), (56.8107248, 60.5846097), (56.8109949, 60.5838909), (56.8118817, 60.5849745), (56.8127157, 60.5845775), (56.8122987, 60.5818953), (56.8117643, 60.5802002), (56.8114295, 60.5793419)]",58663.48683294654,692
way/221153836,56.79966103333334,60.51419146666667,"[(56.799416, 60.514981), (56.7997357, 60.5140592), (56.7998314, 60.5135342)]",270.86190700531006,32
